completions/clipped_ratio,completions/max_length,completions/mean_length,completions/min_length,elapsed_time,epoch,epoch_id,experiment_id,experiment_label,global_step,grad_norm,learning_rate,local_step,loss,max_steps,memory(GiB),remaining_time,step_time,train_speed(s/it),vf/a0_active_rate,vf/a0_dapo_policy_loss,vf/a0_edit_gain_loss,vf/a0_edit_gate_loss,vf/a0_format_a0_loss,vf/a0_grpo_policy_loss,vf/a0_loss,vf/a0_rating0_loss,vf/a0_reasoning_loss,vf/a0_soft_overlong_loss,vf/a1_active_rate,vf/a1_loss,vf/backward_chunk_count,vf/backward_peak_allocated_gib,vf/backward_peak_reserved_gib,vf/backward_scheduled_chunk_count,vf/backward_seconds,vf/component_kl_apply_count,vf/global_completion_kl_apply_count,vf/global_completion_kl_loss,vf/global_completion_kl_mean,vf/optimizer_update_executed,vf/rating_reward_mean,vf/reasoning_reward_mean,vf/scheduler_update_executed,vf/soft_overlong_penalized_rate,vf/soft_overlong_reward_mean,vf/soft_overlong_saturated_rate
0.006944,160,96.07,60,3m 10s,0.003436,1,completioncredit_globalkl002_e5,Completion-wide credit + global KL 0.02,1,9.334,1e-06,1,0.001077,1455,41.66,3d 4h 48m 2s,190,190.2,1,0,0,0,0.002118,0,-0.004356,-0.004133,-0.00234,0,0,0,1,36.23,41.66,1,34.09,0,1,0,0,1,0.6783,-0.003583,1,0,0,0
0,145,97.02,55,5m 58s,0.006873,1,completioncredit_globalkl002_e5,Completion-wide credit + global KL 0.02,2,4.768,1e-06,2,0.002973,1455,44.06,3d 0h 11m 47s,165.4,178.9,1,0,0,0,-0.000792,0,0.007503,0.007589,0.0006744,0,0,0,1,38.14,44.06,1,41.76,0,1,3.092e-05,0.001546,1,0.7455,-0.000163,1,0,0,0
0.01389,160,96.27,70,8m 34s,0.01031,1,completioncredit_globalkl002_e5,Completion-wide credit + global KL 0.02,3,5.94,1e-06,3,-0.002991,1455,45.74,2d 21h 4m 29s,155.7,171.3,1,0,0,0,-0.0007535,0,-0.007407,-0.002607,-0.00208,-0.002064,0,0,1,39.53,45.74,1,32.62,0,1,9.711e-05,0.004856,1,0.8857,0.03693,1,0.08333,-0.06424,0.05556
0,130,91.17,65,11m 8s,0.01375,1,completioncredit_globalkl002_e5,Completion-wide credit + global KL 0.02,4,4.685,1e-06,4,0.0004814,1455,45.74,2d 19h 20m 4s,154.2,167.1,1,0,0,0,0,0,0.006296,0.003492,0.002642,0,0,0,1,36.76,42.34,1,32.24,0,1,0.0001617,0.008084,1,0.788,0.08615,1,0,0,0
0,127,90.56,57,13m 42s,0.01718,1,completioncredit_globalkl002_e5,Completion-wide credit + global KL 0.02,5,5.393,1e-06,5,-0.003031,1455,45.74,2d 18h 14m 7s,153.7,164.4,1,0,0,0,0,0,0.006521,0.002066,0.004157,0,0,0,1,36.24,41.73,1,32.76,0,1,0.0002973,0.01487,1,0.774,0.1397,1,0,0,0
0,141,86.27,45,16m 15s,0.02062,1,completioncredit_globalkl002_e5,Completion-wide credit + global KL 0.02,6,5.221,1e-06,6,-0.001904,1455,45.74,2d 17h 24m 53s,152.7,162.5,1,0,0,0,0,0,-0.007414,-0.003954,-0.004219,0,0,0,1,38.14,44.06,1,32.17,0,1,0.0007596,0.03798,1,0.9198,0.02437,1,0,0,0
0,124,85.57,49,18m 55s,0.02405,1,completioncredit_globalkl002_e5,Completion-wide credit + global KL 0.02,7,8.731,1e-06,7,0.0004252,1455,45.74,2d 17h 12m 43s,159.5,162.1,1,0,0,0,0,0,0.002676,-0.001297,0.002676,0,0,0,1,36.68,42.3,1,32.04,0,1,0.001293,0.06467,1,0.9001,0.1399,1,0,0,0
0,136,82.08,53,21m 33s,0.02749,1,completioncredit_globalkl002_e5,Completion-wide credit + global KL 0.02,8,6.041,1e-06,8,-0.0003289,1455,45.74,2d 16h 57m 60s,157.7,161.6,1,0,0,0,0,0,-0.005671,-0.008678,0.001672,0,0,0,1,36.76,42.38,1,33.1,0,1,0.001337,0.06684,1,0.7963,0.09473,1,0,0,0
0,133,81.17,53,24m 5s,0.03093,1,completioncredit_globalkl002_e5,Completion-wide credit + global KL 0.02,9,5.758,1e-06,9,0.003552,1455,45.74,2d 16h 29m 35s,151.8,160.6,1,0,0,0,0,0,-0.0005353,-0.002541,0.0004495,0,0,0,1,37.34,43.04,1,32.22,0,1,0.001554,0.07769,1,0.9103,0.07825,1,0,0,0
0,128,79.76,48,26m 42s,0.03436,1,completioncredit_globalkl002_e5,Completion-wide credit + global KL 0.02,10,7.004,1e-06,10,0.004939,1455,45.74,2d 16h 18m 21s,156.8,160.2,1,0,0,0,0,0,-0.0002658,-0.001504,-0.0007604,0,0,0,1,35.81,41.19,1,35.35,0,1,0.001997,0.09983,1,0.9114,-0.0418,1,0,0,0
0,131,77.95,51,29m 19s,0.0378,1,completioncredit_globalkl002_e5,Completion-wide credit + global KL 0.02,11,6.668,1e-06,11,-0.0003501,1455,45.74,2d 16h 9m 33s,157.2,160,1,0,0,0,0,0,-0.0117,-0.008088,-0.005751,0,0,0,1,35.3,40.56,1,32.42,0,1,0.002144,0.1072,1,0.859,0.192,1,0,0,0
0,131,83.45,53,31m 55s,0.04124,1,completioncredit_globalkl002_e5,Completion-wide credit + global KL 0.02,12,5.906,1e-06,12,0.006885,1455,45.74,2d 15h 57m 20s,155,159.6,1,0,0,0,0,0,0.009767,0.002759,0.004094,0,0,0,1,36.17,41.62,1,31.6,0,1,0.002917,0.1458,1,0.9354,0.1566,1,0,0,0
0.006944,160,87.94,55,34m 31s,0.04467,1,completioncredit_globalkl002_e5,Completion-wide credit + global KL 0.02,13,6.82,1e-06,13,0.003421,1455,45.74,2d 15h 48m 44s,156.1,159.3,1,0,0,0,0,0,0.004338,-0.004913,0.006382,0,0,0,1,36.54,42.11,1,33.89,0,1,0.002865,0.1432,1,0.9353,0.000161,1,0,0,0
0,138,89.88,60,37m 6s,0.04811,1,completioncredit_globalkl002_e5,Completion-wide credit + global KL 0.02,14,4.752,1e-06,14,0.005884,1455,45.74,2d 15h 38m 36s,154.7,159,1,0,0,0,0,0,0.007714,0.005454,-0.0008833,0,0,0,1,37.92,43.75,1,31.06,0,1,0.003142,0.1571,1,0.683,0.2507,1,0,0,0
0,147,93.01,60,39m 42s,0.05155,1,completioncredit_globalkl002_e5,Completion-wide credit + global KL 0.02,15,5.594,1e-06,15,0.002539,1455,45.74,2d 15h 31m 12s,155.8,158.8,1,0,0,0,0,0,0.005221,-0.002089,0.003999,0,0,0,1,36.46,41.99,1,33.07,0,1,0.003316,0.1658,1,0.8024,0.1088,1,0,0,0
0,127,92.51,61,42m 20s,0.05498,1,completioncredit_globalkl002_e5,Completion-wide credit + global KL 0.02,16,6.153,1e-06,16,0.007875,1455,45.74,2d 15h 26m 59s,157.5,158.7,1,0,0,0,0,0,0.01257,0.002144,0.006684,0,0,0,1,36.9,42.51,1,31.55,0,1,0.003733,0.1866,1,0.7911,0.2173,1,0,0,0
0.006944,160,91.97,64,44m 57s,0.05842,1,completioncredit_globalkl002_e5,Completion-wide credit + global KL 0.02,17,5.636,1e-06,17,0.007547,1455,45.76,2d 15h 22m 42s,157.4,158.7,1,0,0,0,0.002267,0,0.01336,0.000479,0.004224,0.002267,0,0,1,39.53,45.76,1,33.08,0,1,0.004115,0.2057,1,0.8765,0.1041,1,0.02778,-0.02778,0.02778
0,128,93.32,65,47m 34s,0.06186,1,completioncredit_globalkl002_e5,Completion-wide credit + global KL 0.02,18,6.149,1e-06,18,0.008843,1455,45.76,2d 15h 16m 54s,156,158.5,1,0,0,0,0,0,0.007759,0.003423,-0.000211,0,0,0,1,36.68,42.22,1,32.04,0,1,0.004549,0.2274,1,0.9163,0.1443,1,0,0,0
0,120,93.46,65,50m 6s,0.06529,1,completioncredit_globalkl002_e5,Completion-wide credit + global KL 0.02,19,6.165,1e-06,19,0.007469,1455,45.76,2d 15h 6m 19s,151.9,158.2,1,0,0,0,0,0,0.00439,0.001143,-0.001025,0,0,0,1,36.17,41.62,1,31.49,0,1,0.004271,0.2135,1,0.7291,0.4282,1,0,0,0
0,151,96.28,70,52m 44s,0.06873,1,completioncredit_globalkl002_e5,Completion-wide credit + global KL 0.02,20,6.065,1e-06,20,0.004611,1455,45.76,2d 15h 3m 8s,157.5,158.2,1,0,0,0,0,0,0.005856,0.002363,-0.002672,0,0,0,1,36.54,42.08,1,31.9,0,1,0.006146,0.3073,1,0.9324,0.109,1,0,0,0
0,125,98.4,66,55m 19s,0.07216,1,completioncredit_globalkl002_e5,Completion-wide credit + global KL 0.02,21,5.81,1e-06,21,0.01154,1455,45.76,2d 14h 57m 18s,155.1,158,1,0,0,0,0,0,0.02726,0.02108,1.461e-05,0,0,0,1,36.39,41.91,1,32.47,0,1,0.006146,0.3073,1,0.8908,0.1417,1,0,0,0
0,130,100.9,73,57m 56s,0.0756,1,completioncredit_globalkl002_e5,Completion-wide credit + global KL 0.02,22,7.308,1e-06,22,0.02396,1455,45.76,2d 14h 53m 7s,156.3,158,1,0,0,0,0,0,0.002412,-0.006735,0.001975,0,0,0,1,37.34,43.08,1,30.53,0,1,0.007153,0.3576,1,0.8345,0.05195,1,0,0,0
0,141,101.5,74,1h 0m 30s,0.07904,1,completioncredit_globalkl002_e5,Completion-wide credit + global KL 0.02,23,6.415,1e-06,23,0.00964,1455,45.76,2d 14h 46m 42s,154,157.8,1,0,0,0,0,0,0.01674,0.002357,0.006572,0,0,0,1,37.05,42.69,1,31.15,0,1,0.007812,0.3906,1,0.9258,0.2253,1,0,0,0
0,123,99.53,75,1h 3m 5s,0.08247,1,completioncredit_globalkl002_e5,Completion-wide credit + global KL 0.02,24,6.004,1e-06,24,0.005616,1455,45.76,2d 14h 41m 2s,154.5,157.7,1,0,0,0,0,0,0.0003117,-0.001858,-0.005307,0,0,0,1,36.68,42.3,1,31.6,0,1,0.0075,0.375,1,0.856,0.2298,1,0,0,0
0,137,104.4,79,1h 5m 38s,0.08591,1,completioncredit_globalkl002_e5,Completion-wide credit + global KL 0.02,25,5.443,1e-06,25,0.01057,1455,45.76,2d 14h 34m 41s,153.6,157.5,1,0,0,0,0,0,0.007131,-1.249e-05,0.0002766,0,0,0,1,37.56,43.38,1,31.71,0,1,0.006875,0.3438,1,0.9449,0.4048,1,0,0,0
0,132,101.4,76,1h 8m 15s,0.08935,1,completioncredit_globalkl002_e5,Completion-wide credit + global KL 0.02,26,6.147,1e-06,26,0.002403,1455,45.76,2d 14h 31m 28s,156.6,157.5,1,0,0,0,0,0,0.004161,-0.005444,0.001854,0,0,0,1,36.83,42.46,1,31.21,0,1,0.007778,0.3889,1,0.9062,0.2648,1,0,0,0
0,139,104.2,71,1h 10m 56s,0.09278,1,completioncredit_globalkl002_e5,Completion-wide credit + global KL 0.02,27,5.571,1e-06,27,0.005739,1455,45.76,2d 14h 31m 59s,160.8,157.6,1,0,0,0,0,0,0.007052,-0.0003731,-0.0005703,0,0,0,1,38,43.88,1,31.43,0,1,0.007986,0.3993,1,0.8796,0.06424,1,0,0,0
0.006944,160,105.1,69,1h 13m 34s,0.09622,1,completioncredit_globalkl002_e5,Completion-wide credit + global KL 0.02,28,5.652,1e-06,28,0.01154,1455,45.76,2d 14h 29m 9s,157.2,157.6,1,0,0,0,0,0,0.0138,-0.0001036,0.005964,-0.0002342,0,0,1,39.31,45.44,1,31.77,0,1,0.008194,0.4097,1,0.8334,0.3054,1,0.02778,-0.02257,0
0,130,101.8,68,1h 16m 16s,0.09966,1,completioncredit_globalkl002_e5,Completion-wide credit + global KL 0.02,29,4.894,1e-06,29,0.006744,1455,45.76,2d 14h 30m 6s,161.7,157.8,1,0,0,0,0,0,0.01258,0.0008342,0.003565,0,0,0,1,36.97,42.63,1,31.35,0,1,0.008194,0.4097,1,0.8835,0.05436,1,0,0,0
0,132,100.4,73,1h 18m 52s,0.1031,1,completioncredit_globalkl002_e5,Completion-wide credit + global KL 0.02,30,5.355,1e-06,30,0.00986,1455,45.76,2d 14h 26m 29s,156.3,157.7,1,0,0,0,0,0,0.006037,-0.004257,0.0012,0,0,0,1,37.48,43.26,1,31.48,0,1,0.009097,0.4549,1,0.9188,0.3265,1,0,0,0
0,138,99.72,73,1h 21m 28s,0.1065,1,completioncredit_globalkl002_e5,Completion-wide credit + global KL 0.02,31,6.014,1e-06,31,0.01348,1455,45.76,2d 14h 22m 31s,155.8,157.7,1,0,0,0,0,0,0.01031,0.00267,-0.001458,0,0,0,1,36.76,42.36,1,31.58,0,1,0.009097,0.4549,1,0.8778,0.2384,1,0,0,0
0,133,96.44,75,1h 24m 7s,0.11,1,completioncredit_globalkl002_e5,Completion-wide credit + global KL 0.02,32,5.259,1e-06,32,0.007475,1455,45.76,2d 14h 20m 29s,158.2,157.7,1,0,0,0,0,0,0.01472,0.002264,0.003725,0,0,0,1,37.12,42.79,1,32.56,0,1,0.00875,0.4375,1,0.895,0.3859,1,0,0,0
0,134,94.48,69,1h 26m 41s,0.1134,1,completioncredit_globalkl002_e5,Completion-wide credit + global KL 0.02,33,6.283,1e-06,33,0.00971,1455,45.76,2d 14h 15m 26s,154.1,157.6,1,0,0,0,0,0,-0.002136,-0.002363,-0.009172,0,0,0,1,37.63,43.41,1,31.69,0,1,0.009375,0.4688,1,0.9637,0.2906,1,0,0,0
0,118,88.89,67,1h 29m 17s,0.1168,1,completioncredit_globalkl002_e5,Completion-wide credit + global KL 0.02,34,5.171,1e-06,34,0.01759,1455,45.76,2d 14h 11m 43s,155.8,157.6,1,0,0,0,0,0,0.03764,0.02358,0.005026,0,0,0,1,36.39,41.91,1,32.6,0,1,0.009028,0.4514,1,0.7701,0.3423,1,0,0,0
0,123,85.46,67,1h 31m 52s,0.1203,1,completioncredit_globalkl002_e5,Completion-wide credit + global KL 0.02,35,7.469,1e-06,35,0.02631,1455,45.76,2d 14h 6m 51s,154.1,157.5,1,0,0,0,0,0,0.07801,0.06539,0.003528,0,0,0,1,35.37,40.68,1,32.95,0,1,0.009097,0.4549,1,0.898,0.1635,1,0,0,0
0,123,85.78,63,1h 34m 28s,0.1237,1,completioncredit_globalkl002_e5,Completion-wide credit + global KL 0.02,36,5.314,1e-06,36,0.01264,1455,45.76,2d 14h 3m 36s,156,157.4,1,0,0,0,0,0,0.01501,0.005676,-0.0003123,0,0,0,1,35.95,41.36,1,31.41,0,1,0.009653,0.4826,1,0.8822,0.3258,1,0,0,0
0,112,85.23,63,1h 37m 4s,0.1271,1,completioncredit_globalkl002_e5,Completion-wide credit + global KL 0.02,37,6.369,1e-06,37,0.01187,1455,45.76,2d 13h 59m 44s,155.2,157.4,1,0,0,0,0,0,0.01419,0.001608,0.002446,0,0,0,1,35.88,41.23,1,31.42,0,1,0.01014,0.5069,1,0.7914,0.06508,1,0,0,0
0,126,86.9,65,1h 39m 40s,0.1306,1,completioncredit_globalkl002_e5,Completion-wide credit + global KL 0.02,38,6.607,1e-06,38,0.01476,1455,45.76,2d 13h 56m 21s,155.7,157.4,1,0,0,0,0,0,0.01007,0.006401,-0.006826,0,0,0,1,37.05,42.71,1,32.13,0,1,0.01049,0.5243,1,0.7601,0.3456,1,0,0,0
0,120,90.12,62,1h 42m 17s,0.134,1,completioncredit_globalkl002_e5,Completion-wide credit + global KL 0.02,39,6.47,1e-06,39,0.01739,1455,45.76,2d 13h 53m 38s,156.4,157.4,1,0,0,0,0,0,0.005928,0.002492,-0.007673,0,0,0,1,36.39,41.95,1,32.37,0,1,0.01111,0.5556,1,0.9359,0.2906,1,0,0,0
0,133,88.97,70,1h 44m 51s,0.1375,1,completioncredit_globalkl002_e5,Completion-wide credit + global KL 0.02,40,7.113,1e-06,40,0.04052,1455,45.76,2d 13h 49m 19s,154.2,157.3,1,0,0,0,0,0,0.01559,0.001473,0.002704,0,0,0,1,36.83,42.46,1,31.48,0,1,0.01139,0.5694,1,0.8646,0.391,1,0,0,0
0,128,87.97,59,1h 47m 27s,0.1409,1,completioncredit_globalkl002_e5,Completion-wide credit + global KL 0.02,41,6.359,1e-06,41,0.01418,1455,45.76,2d 13h 45m 36s,155.1,157.2,1,0,0,0,0,0,0.004944,-0.002883,-0.003892,0,0,0,1,35.95,41.32,1,30.76,0,1,0.01174,0.5868,1,0.8043,0.2659,1,0,0,0
0,122,88.53,59,1h 50m 4s,0.1443,1,completioncredit_globalkl002_e5,Completion-wide credit + global KL 0.02,42,7.154,1e-06,42,0.008539,1455,45.76,2d 13h 43m 7s,157.1,157.2,1,0,0,0,0,0,0.004149,-0.00484,-0.002363,0,0,0,1,36.76,42.36,1,33.56,0,1,0.01132,0.566,1,0.7488,0.2047,1,0,0,0
0,125,89.52,68,1h 52m 44s,0.1478,1,completioncredit_globalkl002_e5,Completion-wide credit + global KL 0.02,43,5.97,1e-06,43,0.06042,1455,45.76,2d 13h 41m 59s,159.6,157.3,1,0,0,0,0,0,0.1256,0.116,-0.002553,0,0,0,1,36.97,42.61,1,34.69,0,1,0.01215,0.6076,1,0.794,0.2921,1,0,0,0
0,119,89.93,68,1h 55m 20s,0.1512,1,completioncredit_globalkl002_e5,Completion-wide credit + global KL 0.02,44,7.705,1e-06,44,0.03069,1455,45.76,2d 13h 38m 27s,155.2,157.3,1,0,0,0,0,0,0.01452,0.008202,-0.00558,0,0,0,1,36.32,41.85,1,31.59,0,1,0.01188,0.5938,1,0.9246,0.2785,1,0,0,0
0,141,92.23,68,1h 57m 53s,0.1546,1,completioncredit_globalkl002_e5,Completion-wide credit + global KL 0.02,45,5.84,1e-06,45,0.01268,1455,45.76,2d 13h 33m 27s,152.2,157.2,1,0,0,0,0,0,0.01091,0.004035,-0.005823,0,0,0,1,38.14,44.02,1,31.51,0,1,0.01271,0.6354,1,0.8616,0.4651,1,0,0,0
0,136,90.07,63,2h 0m 26s,0.1581,1,completioncredit_globalkl002_e5,Completion-wide credit + global KL 0.02,46,5.964,1e-06,46,0.04781,1455,45.76,2d 13h 29m 2s,153.4,157.1,1,0,0,0,0,0,0.02381,0.008742,0.002621,0,0,0,1,36.97,42.63,1,31,0,1,0.01243,0.6215,1,0.9487,0.0864,1,0,0,0
0,127,91.02,69,2h 3m 1s,0.1615,1,completioncredit_globalkl002_e5,Completion-wide credit + global KL 0.02,47,5.907,1e-06,47,0.01773,1455,45.76,2d 13h 25m 31s,155.1,157.1,1,0,0,0,0,0,0.05656,0.04268,0.0009995,0,0,0,1,36.68,42.24,1,31.73,0,1,0.01285,0.6424,1,0.8862,0.1883,1,0,0,0
0,134,91.41,67,2h 5m 38s,0.1649,1,completioncredit_globalkl002_e5,Completion-wide credit + global KL 0.02,48,5.846,1e-06,48,0.02042,1455,45.76,2d 13h 22m 38s,156.3,157,1,0,0,0,0,0,0.03122,0.007927,0.01023,0,0,0,1,37.63,43.43,1,32.03,0,1,0.01306,0.6528,1,0.8631,0.3434,1,0,0,0
0,130,88.39,67,2h 8m 14s,0.1684,1,completioncredit_globalkl002_e5,Completion-wide credit + global KL 0.02,49,7.287,1e-06,49,0.05155,1455,45.76,2d 13h 19m 28s,155.6,157,1,0,0,0,0,0,0.02298,0.008789,0.001126,0,0,0,1,37.34,43.04,1,33.34,0,1,0.01306,0.6528,1,0.8682,0.1557,1,0,0,0
0,135,87.73,65,2h 10m 50s,0.1718,1,completioncredit_globalkl002_e5,Completion-wide credit + global KL 0.02,50,5.891,1e-06,50,0.03947,1455,45.76,2d 13h 16m 28s,155.8,157,1,0,0,0,0,0,0.01366,0.0005656,-0.0008219,0,0,0,1,35.73,41.05,1,31.54,0,1,0.01389,0.6944,1,0.9452,0.1096,1,0,0,0
0,124,89.51,67,2h 13m 24s,0.1753,1,completioncredit_globalkl002_e5,Completion-wide credit + global KL 0.02,51,8.415,1e-06,51,0.07758,1455,45.76,2d 13h 12m 17s,153.2,156.9,1,0,0,0,0,0,0.1154,0.1034,-0.003162,0,0,0,1,36.9,42.52,1,31.37,0,1,0.01521,0.7604,1,0.9111,0.05541,1,0,0,0
0,108,86.99,66,2h 16m 3s,0.1787,1,completioncredit_globalkl002_e5,Completion-wide credit + global KL 0.02,52,5.042,1e-06,52,0.06336,1455,45.76,2d 13h 10m 37s,158.8,157,1,0,0,0,0,0,0.05308,0.03586,0.002028,0,0,0,1,35.44,40.7,1,30.94,0,1,0.01514,0.7569,1,0.8765,0.296,1,0,0,0
0,133,90.96,66,2h 18m 39s,0.1821,1,completioncredit_globalkl002_e5,Completion-wide credit + global KL 0.02,53,7.594,1e-06,53,0.09598,1455,45.76,2d 13h 7m 39s,156,157,1,0,0,0,0,0,0.0269,0.009569,0.001463,0,0,0,1,36.24,41.67,1,31.9,0,1,0.01583,0.7917,1,0.9119,0.1226,1,0,0,0
0,121,89.31,66,2h 21m 16s,0.1856,1,completioncredit_globalkl002_e5,Completion-wide credit + global KL 0.02,54,5.441,1e-06,54,0.02068,1455,45.76,2d 13h 5m 3s,156.7,157,1,0,0,0,0,0,0.02121,0.01114,-0.00488,0,0,0,1,35.95,41.32,1,32.09,0,1,0.01493,0.7465,1,0.9231,0.1534,1,0,0,0
0,124,88.92,68,2h 23m 48s,0.189,1,completioncredit_globalkl002_e5,Completion-wide credit + global KL 0.02,55,4.726,1e-06,55,0.07908,1455,45.76,2d 13h 0m 34s,152.2,156.9,1,0,0,0,0,0,0.1365,0.1151,0.006419,0,0,0,1,36.9,42.5,1,30.5,0,1,0.015,0.75,1,0.9338,0.3584,1,0,0,0
0,126,89.49,62,2h 26m 25s,0.1924,1,completioncredit_globalkl002_e5,Completion-wide credit + global KL 0.02,56,6.348,1e-06,56,0.1114,1455,45.76,2d 12h 57m 45s,156.2,156.9,1,0,0,0,0,0,0.02928,0.02175,-0.007848,0,0,0,1,36.83,42.4,1,32.72,0,1,0.01542,0.7708,1,0.7565,0.1898,1,0,0,0
0,139,92.44,67,2h 29m 3s,0.1959,1,completioncredit_globalkl002_e5,Completion-wide credit + global KL 0.02,57,5.896,1e-06,57,0.1222,1455,45.76,2d 12h 55m 47s,158.2,156.9,1,0,0,0,0,0,0.28,0.2679,-0.001944,0,0,0,1,36.46,42.03,1,31.69,0,1,0.0141,0.7049,1,0.7305,0.1963,1,0,0,0
0,149,95.08,70,2h 31m 43s,0.1993,1,completioncredit_globalkl002_e5,Completion-wide credit + global KL 0.02,58,5.57,1e-06,58,0.1692,1455,45.76,2d 12h 54m 16s,159.4,156.9,1,0,0,0,0,0,0.2229,0.2088,-0.0009126,0,0,0,1,37.48,43.24,1,31.99,0,1,0.015,0.75,1,0.9017,0.1066,1,0,0,0
0,139,97.51,75,2h 34m 16s,0.2027,1,completioncredit_globalkl002_e5,Completion-wide credit + global KL 0.02,59,5.195,1e-06,59,0.09403,1455,45.76,2d 12h 50m 6s,152.8,156.9,1,0,0,0,0,0,0.11,0.09789,-0.001995,0,0,0,1,36.9,42.53,1,31.54,0,1,0.0141,0.7049,1,0.9487,0.1754,1,0,0,0
0,143,95.55,67,2h 36m 53s,0.2062,1,completioncredit_globalkl002_e5,Completion-wide credit + global KL 0.02,60,7.005,1e-06,60,0.1021,1455,45.76,2d 12h 47m 29s,156.7,156.9,1,0,0,0,0,0,0.1223,0.1043,0.004087,0,0,0,1,36.9,42.54,1,31.65,0,1,0.01403,0.7014,1,0.9179,0.2306,1,0,0,0
0,141,93.98,66,2h 39m 29s,0.2096,1,completioncredit_globalkl002_e5,Completion-wide credit + global KL 0.02,61,5.207,1e-06,61,0.1026,1455,45.76,2d 12h 44m 45s,156.3,156.9,1,0,0,0,0,0,0.06967,0.05271,0.002856,0,0,0,1,36.83,42.46,1,31.68,0,1,0.0141,0.7049,1,0.9498,0.1891,1,0,0,0
0,145,97.36,69,2h 42m 7s,0.2131,1,completioncredit_globalkl002_e5,Completion-wide credit + global KL 0.02,62,6.703,1e-06,62,0.03943,1455,45.76,2d 12h 42m 20s,157.1,156.9,1,0,0,0,0,0,0.01506,0.0001103,0.0007328,0,0,0,1,36.97,42.63,1,31.45,0,1,0.01424,0.7118,1,0.9851,0.3882,1,0,0,0
0,141,98.32,71,2h 44m 42s,0.2165,1,completioncredit_globalkl002_e5,Completion-wide credit + global KL 0.02,63,4.092,1e-06,63,0.04764,1455,45.76,2d 12h 38m 57s,154.6,156.9,1,0,0,0,0,0,0.0389,0.02339,0.001167,0,0,0,1,37.48,43.26,1,30.55,0,1,0.01431,0.7153,1,0.8867,0.268,1,0,0,0
0,158,99.27,74,2h 47m 22s,0.2199,1,completioncredit_globalkl002_e5,Completion-wide credit + global KL 0.02,64,7.464,1e-06,64,0.03184,1455,45.76,2d 12h 37m 35s,160,156.9,1,0,0,0,0,0,0.06968,0.05856,-0.002862,0,0,0,1,38.21,44.13,1,32.35,0,1,0.01396,0.6979,1,0.9806,0.1421,1,0,0,0
0,143,101.7,79,2h 50m 2s,0.2234,1,completioncredit_globalkl002_e5,Completion-wide credit + global KL 0.02,65,4.46,1e-06,65,0.02394,1455,45.76,2d 12h 36m 15s,160.1,157,1,0,0,0,0,0,0.02303,0.003634,0.005723,0,0,0,1,37.41,43.18,1,32.96,0,1,0.01368,0.684,1,0.8176,0.03022,1,0,0,0
0,157,102.5,76,2h 52m 45s,0.2268,1,completioncredit_globalkl002_e5,Completion-wide credit + global KL 0.02,66,4.346,9.9e-07,66,0.01767,1455,45.76,2d 12h 35m 43s,162.7,157.1,1,0,0,0,0,0,0.01567,0.006547,-0.004306,0,0,0,1,37.41,43.16,1,32.85,0,1,0.01347,0.6736,1,0.8759,0.5911,1,0,0,0
0,146,103.7,74,2h 55m 25s,0.2302,1,completioncredit_globalkl002_e5,Completion-wide credit + global KL 0.02,67,4.394,9.9e-07,67,0.02315,1455,45.76,2d 12h 33m 54s,159.1,157.1,1,0,0,0,0,0,0.0136,0.008615,-0.008446,0,0,0,1,37.63,43.41,1,34.04,0,1,0.0134,0.6701,1,0.9402,0.09251,1,0,0,0
0,153,98.56,69,2h 58m 1s,0.2337,1,completioncredit_globalkl002_e5,Completion-wide credit + global KL 0.02,68,4.624,9.9e-07,68,0.03371,1455,45.76,2d 12h 31m 5s,156.3,157.1,1,0,0,0,0,0,0.01798,0.004663,-0.0002361,0,0,0,1,37.19,42.88,1,31.59,0,1,0.01354,0.6771,1,0.9095,0.1786,1,0,0,0
0,135,100.6,71,3h 0m 37s,0.2371,1,completioncredit_globalkl002_e5,Completion-wide credit + global KL 0.02,69,5.927,9.9e-07,69,0.01763,1455,45.76,2d 12h 28m 2s,155.5,157.1,1,0,0,0,0,0,0.01003,-0.005034,0.002982,0,0,0,1,37.19,42.85,1,32.41,0,1,0.01208,0.6042,1,0.9379,0.2826,1,0,0,0
0,144,96.94,73,3h 3m 17s,0.2405,1,completioncredit_globalkl002_e5,Completion-wide credit + global KL 0.02,70,4.933,9.9e-07,70,0.01562,1455,45.76,2d 12h 26m 20s,159.6,157.1,1,0,0,0,0,0,0.01696,0.004172,-0.0005764,0,0,0,1,38.36,44.33,1,33.09,0,1,0.01333,0.6667,1,0.9703,0.2075,1,0,0,0
0,120,91.97,68,3h 5m 55s,0.244,1,completioncredit_globalkl002_e5,Completion-wide credit + global KL 0.02,71,4.497,9.9e-07,71,0.01873,1455,45.76,2d 12h 23m 56s,157.4,157.1,1,0,0,0,0,0,0.02858,0.01217,0.003835,0,0,0,1,36.61,42.18,1,33.4,0,1,0.01257,0.6285,1,0.843,0.2122,1,0,0,0
0,129,90.78,71,3h 8m 30s,0.2474,1,completioncredit_globalkl002_e5,Completion-wide credit + global KL 0.02,72,4.74,9.9e-07,72,0.01551,1455,45.76,2d 12h 20m 41s,154.5,157.1,1,0,0,0,0,0,0.007981,0.0002742,-0.005721,0,0,0,1,36.17,41.62,1,33.3,0,1,0.01347,0.6736,1,0.8296,0.19,1,0,0,0
0,126,89.06,62,3h 11m 7s,0.2509,1,completioncredit_globalkl002_e5,Completion-wide credit + global KL 0.02,73,5.178,9.9e-07,73,0.01814,1455,45.76,2d 12h 17m 60s,156.6,157.1,1,0,0,0,0,0,0.02263,0.004467,0.005952,0,0,0,1,36.03,41.44,1,32.24,0,1,0.01222,0.6111,1,0.7794,0.293,1,0,0,0
0,115,86.8,66,3h 13m 44s,0.2543,1,completioncredit_globalkl002_e5,Completion-wide credit + global KL 0.02,74,5.348,9.9e-07,74,0.01123,1455,45.76,2d 12h 15m 21s,156.7,157.1,1,0,0,0,0,0,0.01242,-0.0003073,0.0004005,0,0,0,1,35.37,40.66,1,32.86,0,1,0.01229,0.6146,1,0.8969,0.1174,1,0,0,0
0,133,87.98,66,3h 16m 19s,0.2577,1,completioncredit_globalkl002_e5,Completion-wide credit + global KL 0.02,75,4.808,9.9e-07,75,0.01618,1455,45.76,2d 12h 12m 19s,155.5,157.1,1,0,0,0,0,0,0.01889,0.003969,0.00137,0,0,0,1,35.37,40.6,1,31.9,0,1,0.01354,0.6771,1,0.8327,0.1549,1,0,0,0
0,118,86.9,65,3h 18m 54s,0.2612,1,completioncredit_globalkl002_e5,Completion-wide credit + global KL 0.02,76,4.791,9.9e-07,76,0.00888,1455,45.76,2d 12h 9m 8s,154.9,157,1,0,0,0,0,0,0.01601,0.001874,0.001317,0,0,0,1,36.03,41.5,1,32.24,0,1,0.01278,0.6389,1,0.8297,0.3516,1,0,0,0
0,129,85.59,64,3h 21m 31s,0.2646,1,completioncredit_globalkl002_e5,Completion-wide credit + global KL 0.02,77,4.019,9.9e-07,77,0.01349,1455,45.76,2d 12h 6m 23s,156.3,157,1,0,0,0,0,0,0.01287,0.002844,-0.002787,0,0,0,1,35.88,41.3,1,32.92,0,1,0.01278,0.6389,1,0.9142,0.2006,1,0,0,0
0,111,84.51,65,3h 24m 12s,0.268,1,completioncredit_globalkl002_e5,Completion-wide credit + global KL 0.02,78,4.869,9.9e-07,78,0.01557,1455,45.76,2d 12h 4m 59s,160.8,157.1,1,0,0,0,0,0,0.01539,-0.001062,0.004491,0,0,0,1,35.59,40.95,1,31.23,0,1,0.01194,0.5972,1,0.9109,0.3328,1,0,0,0
0,119,82.87,63,3h 26m 51s,0.2715,1,completioncredit_globalkl002_e5,Completion-wide credit + global KL 0.02,79,5.626,9.9e-07,79,0.01196,1455,45.76,2d 12h 2m 57s,158.9,157.1,1,0,0,0,0,0,0.01634,0.002601,0.001596,0,0,0,1,36.54,42.09,1,31.79,0,1,0.01215,0.6076,1,0.8412,0.1263,1,0,0,0
0,116,84.06,64,3h 29m 24s,0.2749,1,completioncredit_globalkl002_e5,Completion-wide credit + global KL 0.02,80,7.48,9.9e-07,80,0.006176,1455,45.76,2d 11h 59m 4s,152.4,157,1,0,0,0,0,0,0.005083,-0.002912,-0.004213,0,0,0,1,35.73,41.11,1,30.79,0,1,0.01222,0.6111,1,0.8299,0.2599,1,0,0,0
0,107,82.33,62,3h 31m 55s,0.2784,1,completioncredit_globalkl002_e5,Completion-wide credit + global KL 0.02,81,4.144,9.9e-07,81,0.008647,1455,45.76,2d 11h 54m 40s,150.4,157,1,0,0,0,0,0,0.008179,-0.001192,-0.003569,0,0,0,1,35.66,41.01,1,30.55,0,1,0.01299,0.6493,1,0.9109,0.08663,1,0,0,0
0,106,81.29,62,3h 34m 25s,0.2818,1,completioncredit_globalkl002_e5,Completion-wide credit + global KL 0.02,82,3.538,9.9e-07,82,0.01533,1455,45.76,2d 11h 50m 5s,149.6,156.9,1,0,0,0,0,0,0.01952,0.006235,0.001322,0,0,0,1,34.86,39.96,1,29.9,0,1,0.01201,0.6007,1,0.9738,0.2072,1,0,0,0
0,113,79.08,63,3h 36m 59s,0.2852,1,completioncredit_globalkl002_e5,Completion-wide credit + global KL 0.02,83,3.977,9.9e-07,83,0.01095,1455,45.76,2d 11h 46m 40s,153.8,156.9,1,0,0,0,0,0,0.01272,0.001571,0.0001057,0,0,0,1,34.93,40.07,1,30.74,0,1,0.01104,0.5521,1,0.9213,0.5139,1,0,0,0
0,104,76.4,60,3h 39m 32s,0.2887,1,completioncredit_globalkl002_e5,Completion-wide credit + global KL 0.02,84,4.255,9.9e-07,84,0.01144,1455,45.76,2d 11h 43m 4s,152.9,156.8,1,0,0,0,0,0,0.01114,-0.003478,0.002167,0,0,0,1,35,40.11,1,30.63,0,1,0.0125,0.625,1,0.9495,0.2569,1,0,0,0
0,104,73.6,61,3h 41m 59s,0.2921,1,completioncredit_globalkl002_e5,Completion-wide credit + global KL 0.02,85,7.949,9.9e-07,85,0.014,1455,45.76,2d 11h 37m 51s,146.9,156.7,1,0,0,0,0,0,0.0121,-0.001972,0.001134,0,0,0,1,35.44,40.76,1,29.98,0,1,0.01292,0.6458,1,0.9318,0.1596,1,0,0,0
0,101,73.11,59,3h 44m 32s,0.2955,1,completioncredit_globalkl002_e5,Completion-wide credit + global KL 0.02,86,6.682,9.9e-07,86,0.02754,1455,45.76,2d 11h 34m 16s,152.8,156.7,1,0,0,0,0,0,0.01596,0.0038,0.0005589,0,0,0,1,34.49,39.53,1,31.99,0,1,0.0116,0.5799,1,0.8976,0.1096,1,0,0,0
0,93,72.49,57,3h 47m 2s,0.299,1,completioncredit_globalkl002_e5,Completion-wide credit + global KL 0.02,87,4.639,9.9e-07,87,0.01434,1455,45.76,2d 11h 29m 47s,149.3,156.6,1,0,0,0,0,0,0.006297,-0.004549,-0.0013,0,0,0,1,33.91,38.74,1,30.39,0,1,0.01215,0.6076,1,0.8244,0.3294,1,0,0,0
0,95,68.74,53,3h 49m 34s,0.3024,1,completioncredit_globalkl002_e5,Completion-wide credit + global KL 0.02,88,5.72,9.9e-07,88,0.01957,1455,45.76,2d 11h 26m 13s,152.6,156.5,1,0,0,0,0,0,0.01702,-0.001179,0.005135,0,0,0,1,33.84,38.67,1,30.21,0,1,0.01306,0.6528,1,0.7459,0.391,1,0,0,0
0,87,68.13,58,3h 52m 3s,0.3058,1,completioncredit_globalkl002_e5,Completion-wide credit + global KL 0.02,89,6.446,9.9e-07,89,0.02432,1455,45.76,2d 11h 21m 34s,148.2,156.4,1,0,0,0,0,0,0.01237,0.00557,-0.006873,0,0,0,1,33.98,38.84,1,29.75,0,1,0.01368,0.684,1,0.8595,0.4394,1,0,0,0
0,84,67.76,51,3h 54m 38s,0.3093,1,completioncredit_globalkl002_e5,Completion-wide credit + global KL 0.02,90,4.893,9.9e-07,90,0.04282,1455,45.76,2d 11h 18m 37s,154.9,156.4,1,0,0,0,0,0,0.05149,0.04206,-0.004788,0,0,0,1,33.91,38.8,1,33.48,0,1,0.01424,0.7118,1,0.8921,0.349,1,0,0,0
0,89,67.44,53,3h 57m 11s,0.3127,1,completioncredit_globalkl002_e5,Completion-wide credit + global KL 0.02,91,3.88,9.9e-07,91,0.02514,1455,45.76,2d 11h 15m 15s,153.1,156.4,1,0,0,0,0,0,0.007912,-0.006005,-0.0008535,0,0,0,1,34.35,39.33,1,30.74,0,1,0.01472,0.7361,1,0.9405,0.1434,1,0,0,0
0,105,66.24,51,3h 59m 45s,0.3162,1,completioncredit_globalkl002_e5,Completion-wide credit + global KL 0.02,92,4.581,9.9e-07,92,0.02288,1455,45.76,2d 11h 11m 58s,153.4,156.4,1,0,0,0,0,0,0.01043,-0.002013,-0.001897,0,0,0,1,34.06,38.94,1,30.17,0,1,0.01431,0.7153,1,0.8219,0.3247,1,0,0,0
0,79,64.69,49,4h 2m 16s,0.3196,1,completioncredit_globalkl002_e5,Completion-wide credit + global KL 0.02,93,4.942,9.9e-07,93,0.01714,1455,45.76,2d 11h 8m 7s,151,156.3,1,0,0,0,0,0,0.01453,-0.001962,0.002085,0,0,0,1,33.62,38.43,1,32.21,0,1,0.01444,0.7222,1,0.9447,0.1383,1,0,0,0
0,82,65.3,48,4h 4m 46s,0.323,1,completioncredit_globalkl002_e5,Completion-wide credit + global KL 0.02,94,4.641,9.9e-07,94,0.01352,1455,45.76,2d 11h 3m 50s,149,156.2,1,0,0,0,0,0,0.0182,0.002729,0.000945,0,0,0,1,33.52,38.12,1,30.56,0,1,0.01451,0.7257,1,0.9311,0.1659,1,0,0,0
0,81,65.74,51,4h 7m 19s,0.3265,1,completioncredit_globalkl002_e5,Completion-wide credit + global KL 0.02,95,4.647,9.9e-07,95,0.01872,1455,45.76,2d 11h 0m 39s,153.5,156.2,1,0,0,0,0,0,0.01159,0.0009504,-0.003708,0,0,0,1,33.54,38.2,1,32.87,0,1,0.01431,0.7153,1,0.9562,0.1787,1,0,0,0
0,85,64.61,50,4h 9m 50s,0.3299,1,completioncredit_globalkl002_e5,Completion-wide credit + global KL 0.02,96,7.289,9.9e-07,96,0.01421,1455,45.76,2d 10h 56m 47s,150.5,156.1,1,0,0,0,0,0,0.01593,-0.002899,0.004429,0,0,0,1,33.5,37.94,1,32.08,0,1,0.01444,0.7222,1,0.908,0.05743,1,0,0,0
0,87,65.25,51,4h 12m 22s,0.3333,1,completioncredit_globalkl002_e5,Completion-wide credit + global KL 0.02,97,4.956,9.9e-07,97,0.01669,1455,45.76,2d 10h 53m 5s,151.1,156.1,1,0,0,0,0,0,0.02046,0.007414,-0.001725,0,0,0,1,33.55,38.32,1,33.17,0,1,0.01479,0.7396,1,0.9455,0.234,1,0,0,0
0,88,67.45,56,4h 14m 52s,0.3368,1,completioncredit_globalkl002_e5,Completion-wide credit + global KL 0.02,98,7.455,9.9e-07,98,0.01726,1455,45.76,2d 10h 49m 9s,150,156,1,0,0,0,0,0,0.01307,0.00204,-0.004172,0,0,0,1,33.69,38.47,1,30.11,0,1,0.01514,0.7569,1,0.961,0.08906,1,0,0,0
0,79,65.79,53,4h 17m 27s,0.3402,1,completioncredit_globalkl002_e5,Completion-wide credit + global KL 0.02,99,4.555,9.9e-07,99,0.01345,1455,45.76,2d 10h 46m 11s,154.2,156,1,0,0,0,0,0,0.01421,-0.006079,0.00479,0,0,0,1,33.62,38.39,1,31.23,0,1,0.01549,0.7743,1,0.9774,0.1716,1,0,0,0
0,87,68.09,55,4h 20m 0s,0.3436,1,completioncredit_globalkl002_e5,Completion-wide credit + global KL 0.02,100,4.975,9.9e-07,100,0.01908,1455,45.76,2d 10h 43m 4s,153.3,156,1,0,0,0,0,0,0.03321,0.009869,0.008566,0,0,0,1,34.2,39.15,1,31.29,0,1,0.01479,0.7396,1,0.9224,0.3795,1,0,0,0
0,81,67.39,57,4h 22m 29s,0.3471,1,completioncredit_globalkl002_e5,Completion-wide credit + global KL 0.02,101,4.831,9.9e-07,101,0.01616,1455,45.76,2d 10h 38m 44s,147.9,155.9,1,0,0,0,0,0,0.01043,-0.001325,-0.003196,0,0,0,1,33.51,38.04,1,29.27,0,1,0.01493,0.7465,1,0.9557,0.4801,1,0,0,0
0,81,67.01,53,4h 24m 60s,0.3505,1,completioncredit_globalkl002_e5,Completion-wide credit + global KL 0.02,102,3.087,9.9e-07,102,0.01529,1455,45.76,2d 10h 35m 7s,151.1,155.9,1,0,0,0,0,0,0.01293,-0.00153,-6.27e-05,0,0,0,1,33.76,38.59,1,31.65,0,1,0.01451,0.7257,1,0.9471,0.3069,1,0,0,0
0,81,67.02,55,4h 27m 32s,0.354,1,completioncredit_globalkl002_e5,Completion-wide credit + global KL 0.02,103,5.305,9.9e-07,103,0.02169,1455,45.76,2d 10h 31m 45s,152,155.8,1,0,0,0,0,0,0.02552,0.00762,0.00295,0,0,0,1,33.54,38.22,1,30.33,0,1,0.01493,0.7465,1,0.8563,0.4637,1,0,0,0
0,86,68.17,56,4h 30m 6s,0.3574,1,completioncredit_globalkl002_e5,Completion-wide credit + global KL 0.02,104,3.957,9.9e-07,104,0.008932,1455,45.76,2d 10h 28m 41s,153.3,155.8,1,0,0,0,0,0,0.012,0.001474,-0.004429,0,0,0,1,33.62,38.39,1,30.93,0,1,0.01493,0.7465,1,0.9422,0.1771,1,0,0,0
0,85,68.28,53,4h 32m 35s,0.3608,1,completioncredit_globalkl002_e5,Completion-wide credit + global KL 0.02,105,4.446,9.9e-07,105,0.01654,1455,45.76,2d 10h 24m 43s,149.2,155.8,1,0,0,0,0,0,0.01074,-0.002556,-0.0002546,0,0,0,1,33.69,38.49,1,31.13,0,1,0.01354,0.6771,1,0.9609,0.1621,1,0,0,0
0,88,70.03,54,4h 35m 5s,0.3643,1,completioncredit_globalkl002_e5,Completion-wide credit + global KL 0.02,106,4.244,9.9e-07,106,0.01695,1455,45.76,2d 10h 20m 48s,149.2,155.7,1,0,0,0,0,0,0.01887,0.004842,0.0006015,0,0,0,1,34.2,39.14,1,31.73,0,1,0.01347,0.6736,1,0.8609,0.4221,1,0,0,0
0,91,71.57,61,4h 37m 40s,0.3677,1,completioncredit_globalkl002_e5,Completion-wide credit + global KL 0.02,107,3.335,9.9e-07,107,0.01325,1455,45.76,2d 10h 18m 1s,154.3,155.7,1,0,0,0,0,0,0.01123,0.0009086,-0.004209,0,0,0,1,34.06,38.94,1,31.37,0,1,0.01458,0.7292,1,0.8901,0.2126,1,0,0,0
0,96,72.36,60,4h 40m 11s,0.3711,1,completioncredit_globalkl002_e5,Completion-wide credit + global KL 0.02,108,3.677,9.9e-07,108,0.01398,1455,45.76,2d 10h 14m 26s,150.6,155.7,1,0,0,0,0,0,0.01207,-0.003552,0.0009764,0,0,0,1,34.78,39.86,1,30.75,0,1,0.01465,0.7326,1,0.897,0.3361,1,0,0,0
0,89,71.94,56,4h 42m 42s,0.3746,1,completioncredit_globalkl002_e5,Completion-wide credit + global KL 0.02,109,5.659,9.9e-07,109,0.01359,1455,45.76,2d 10h 11m 1s,151.4,155.6,1,0,0,0,0,0,0.008613,-0.002552,-0.00269,0,0,0,1,33.98,38.86,1,30.47,0,1,0.01382,0.691,1,0.8786,0.1876,1,0,0,0
0,91,72.74,60,4h 45m 22s,0.378,1,completioncredit_globalkl002_e5,Completion-wide credit + global KL 0.02,110,3.961,9.9e-07,110,0.01904,1455,45.76,2d 10h 9m 17s,159.6,155.7,1,0,0,0,0,0,0.02481,0.01048,-0.0005645,0,0,0,1,33.84,38.71,1,30.02,0,1,0.01486,0.7431,1,0.9505,0.186,1,0,0,0
0,102,72.58,51,4h 47m 57s,0.3814,1,completioncredit_globalkl002_e5,Completion-wide credit + global KL 0.02,111,3.641,9.9e-07,111,0.01454,1455,45.76,2d 10h 6m 28s,153.9,155.6,1,0,0,0,0,0,0.01162,-0.005693,0.002968,0,0,0,1,34.49,39.53,1,30.54,0,1,0.01431,0.7153,1,0.9428,0.1832,1,0,0,0
0,98,74.06,61,4h 50m 32s,0.3849,1,completioncredit_globalkl002_e5,Completion-wide credit + global KL 0.02,112,3.137,9.9e-07,112,0.02115,1455,45.76,2d 10h 3m 53s,155.3,155.6,1,0,0,0,0,0,0.01859,0.005351,-0.001286,0,0,0,1,35,40.15,1,31.67,0,1,0.01458,0.7292,1,0.8314,0.2915,1,0,0,0
0,106,72.81,60,4h 53m 7s,0.3883,1,completioncredit_globalkl002_e5,Completion-wide credit + global KL 0.02,113,3.884,9.9e-07,113,0.01165,1455,45.76,2d 10h 1m 10s,154.7,155.6,1,0,0,0,0,0,0.01325,0.001139,-0.002658,0,0,0,1,33.76,38.59,1,31.75,0,1,0.01472,0.7361,1,0.901,0.283,1,0,0,0
0,99,71.42,58,4h 55m 44s,0.3918,1,completioncredit_globalkl002_e5,Completion-wide credit + global KL 0.02,114,4.117,9.8e-07,114,0.01065,1455,45.76,2d 9h 58m 42s,155.9,155.6,1,0,0,0,0,0,0.008755,-0.008066,0.001867,0,0,0,1,34.57,39.6,1,30.99,0,1,0.015,0.75,1,0.9365,0.5397,1,0,0,0
0,93,69.01,54,4h 58m 18s,0.3952,1,completioncredit_globalkl002_e5,Completion-wide credit + global KL 0.02,115,4.357,9.8e-07,115,0.01747,1455,45.76,2d 9h 55m 51s,154,155.6,1,0,0,0,0,0,0.01423,0.0009678,-0.001506,0,0,0,1,33.84,38.74,1,29.84,0,1,0.01472,0.7361,1,0.8982,0.4152,1,0,0,0
0,87,68.46,54,5h 0m 52s,0.3986,1,completioncredit_globalkl002_e5,Completion-wide credit + global KL 0.02,116,4.4,9.8e-07,116,0.02799,1455,45.76,2d 9h 52m 56s,153.6,155.6,1,0,0,0,0,0,0.01798,0.003058,-0.0004584,0,0,0,1,34.2,39.19,1,30.51,0,1,0.01542,0.7708,1,0.9324,0.158,1,0,0,0
0,87,68.37,53,5h 3m 23s,0.4021,1,completioncredit_globalkl002_e5,Completion-wide credit + global KL 0.02,117,4.689,9.8e-07,117,0.02113,1455,45.76,2d 9h 49m 30s,151,155.6,1,0,0,0,0,0,0.04202,0.03343,-0.007155,0,0,0,1,34.06,38.98,1,30.12,0,1,0.01569,0.7847,1,0.9363,0.3887,1,0,0,0
0,95,67.71,53,5h 5m 57s,0.4055,1,completioncredit_globalkl002_e5,Completion-wide credit + global KL 0.02,118,3.553,9.8e-07,118,0.02754,1455,45.76,2d 9h 46m 35s,153.5,155.6,1,0,0,0,0,0,0.01733,0.001885,0.0004927,0,0,0,1,33.62,38.41,1,30.64,0,1,0.015,0.75,1,0.7709,0.3572,1,0,0,0
0,84,67.19,50,5h 8m 30s,0.4089,1,completioncredit_globalkl002_e5,Completion-wide credit + global KL 0.02,119,6.522,9.8e-07,119,0.03105,1455,45.76,2d 9h 43m 29s,152.6,155.5,1,0,0,0,0,0,0.07792,0.05701,0.005402,0,0,0,1,33.98,38.86,1,30.84,0,1,0.01549,0.7743,1,0.809,0.3861,1,0,0,0
0,85,66.46,52,5h 11m 7s,0.4124,1,completioncredit_globalkl002_e5,Completion-wide credit + global KL 0.02,120,3.495,9.8e-07,120,0.05624,1455,45.76,2d 9h 41m 13s,156.8,155.6,1,0,0,0,0,0,0.06389,0.04805,9.208e-05,0,0,0,1,33.76,38.61,1,30.85,0,1,0.01576,0.7882,1,0.9204,0.4198,1,0,0,0
0,84,65.3,47,5h 13m 35s,0.4158,1,completioncredit_globalkl002_e5,Completion-wide credit + global KL 0.02,121,5.288,9.8e-07,121,0.0327,1455,45.76,2d 9h 37m 7s,147,155.5,1,0,0,0,0,0,0.01916,0.002481,0.001055,0,0,0,1,33.5,37.96,1,29.64,0,1,0.01562,0.7812,1,0.9173,0.2563,1,0,0,0
0,85,66.13,53,5h 16m 8s,0.4192,1,completioncredit_globalkl002_e5,Completion-wide credit + global KL 0.02,122,3.696,9.8e-07,122,0.0232,1455,45.76,2d 9h 34m 9s,153,155.5,1,0,0,0,0,0,0.01202,-0.00294,-0.001034,0,0,0,1,33.91,38.76,1,32.55,0,1,0.0159,0.7951,1,0.949,0.1102,1,0,0,0
0,83,65.69,47,5h 18m 41s,0.4227,1,completioncredit_globalkl002_e5,Completion-wide credit + global KL 0.02,123,3.983,9.8e-07,123,0.01773,1455,45.76,2d 9h 31m 10s,153.1,155.5,1,0,0,0,0,0,0.01048,-0.005524,0.0006846,0,0,0,1,33.91,38.74,1,30.4,0,1,0.01528,0.7639,1,0.925,0.2249,1,0,0,0
0,80,66.2,49,5h 21m 18s,0.4261,1,completioncredit_globalkl002_e5,Completion-wide credit + global KL 0.02,124,3.825,9.8e-07,124,0.01675,1455,45.76,2d 9h 28m 45s,156.2,155.5,1,0,0,0,0,0,0.01711,0.004144,-0.001801,0,0,0,1,33.53,38.12,1,31.96,0,1,0.01479,0.7396,1,0.9263,0.3141,1,0,0,0
0,83,64.56,49,5h 23m 50s,0.4296,1,completioncredit_globalkl002_e5,Completion-wide credit + global KL 0.02,125,4.973,9.8e-07,125,0.01585,1455,45.76,2d 9h 25m 37s,152.1,155.4,1,0,0,0,0,0,0.02306,0.004518,0.003041,0,0,0,1,33.91,38.74,1,31.24,0,1,0.01549,0.7743,1,0.8677,0.3997,1,0,0,0
0,81,64.25,50,5h 26m 23s,0.433,1,completioncredit_globalkl002_e5,Completion-wide credit + global KL 0.02,126,5.053,9.8e-07,126,0.01665,1455,45.76,2d 9h 22m 39s,153,155.4,1,0,0,0,0,0,0.009701,-0.002866,-0.002631,0,0,0,1,33.5,37.96,1,31.21,0,1,0.01514,0.7569,1,0.9392,0.2882,1,0,0,0
0,88,65.07,51,5h 28m 58s,0.4364,1,completioncredit_globalkl002_e5,Completion-wide credit + global KL 0.02,127,3.862,9.8e-07,127,0.01813,1455,45.76,2d 9h 19m 55s,154.4,155.4,1,0,0,0,0,0,0.01875,-0.001527,0.004773,0,0,0,1,33.55,38.31,1,30.28,0,1,0.01549,0.7743,1,0.9451,0.2332,1,0,0,0
0,88,65.12,50,5h 31m 32s,0.4399,1,completioncredit_globalkl002_e5,Completion-wide credit + global KL 0.02,128,3.931,9.8e-07,128,0.01633,1455,45.76,2d 9h 17m 0s,153.2,155.4,1,0,0,0,0,0,0.01457,-0.0002662,-0.0004804,0,0,0,1,33.47,37.79,1,32.35,0,1,0.01535,0.7674,1,0.935,0.3864,1,0,0,0
0,80,65.19,51,5h 34m 2s,0.4433,1,completioncredit_globalkl002_e5,Completion-wide credit + global KL 0.02,129,3.745,9.8e-07,129,0.01242,1455,45.76,2d 9h 13m 31s,150,155.4,1,0,0,0,0,0,0.0143,0.0003019,-0.001074,0,0,0,1,33.69,38.47,1,30.85,0,1,0.01507,0.7535,1,0.9312,0.2225,1,0,0,0
0,83,66.56,51,5h 36m 29s,0.4467,1,completioncredit_globalkl002_e5,Completion-wide credit + global KL 0.02,130,10.04,9.8e-07,130,0.01675,1455,45.76,2d 9h 9m 34s,146.9,155.3,1,0,0,0,0,0,0.01618,-0.0009032,0.002009,0,0,0,1,33.76,38.57,1,30.87,0,1,0.01507,0.7535,1,0.9713,0.2941,1,0,0,0
0,92,66.73,50,5h 39m 6s,0.4502,1,completioncredit_globalkl002_e5,Completion-wide credit + global KL 0.02,131,4.419,9.8e-07,131,0.01684,1455,45.76,2d 9h 7m 12s,156.3,155.3,1,0,0,0,0,0,0.02089,0.001398,0.003987,0,0,0,1,33.84,38.69,1,30.97,0,1,0.01549,0.7743,1,0.837,0.482,1,0,0,0
0,86,67.89,54,5h 41m 40s,0.4536,1,completioncredit_globalkl002_e5,Completion-wide credit + global KL 0.02,132,3.888,9.8e-07,132,0.04534,1455,45.76,2d 9h 4m 23s,153.6,155.3,1,0,0,0,0,0,0.01785,0.002937,-0.001691,0,0,0,1,33.98,38.84,1,30.62,0,1,0.0166,0.8299,1,0.9676,0.08565,1,0,0,0
0,86,67.62,54,5h 44m 13s,0.457,1,completioncredit_globalkl002_e5,Completion-wide credit + global KL 0.02,133,3.178,9.8e-07,133,0.02205,1455,45.76,2d 9h 1m 30s,153.3,155.3,1,0,0,0,0,0,0.02088,0.005994,-0.00245,0,0,0,1,34.13,39.02,1,30.19,0,1,0.01736,0.8681,1,0.91,0.3151,1,0,0,0
0,84,68.66,55,5h 46m 47s,0.4605,1,completioncredit_globalkl002_e5,Completion-wide credit + global KL 0.02,134,4.482,9.8e-07,134,0.01763,1455,45.76,2d 8h 58m 41s,153.6,155.3,1,0,0,0,0,0,0.01739,0.0001173,0.0001856,0,0,0,1,33.98,38.84,1,30.53,0,1,0.01715,0.8576,1,0.8293,0.1763,1,0,0,0
0,90,69.26,49,5h 49m 19s,0.4639,1,completioncredit_globalkl002_e5,Completion-wide credit + global KL 0.02,135,4.611,9.8e-07,135,0.0235,1455,45.76,2d 8h 55m 32s,151.6,155.3,1,0,0,0,0.003429,0,0.06549,0.04771,-0.003221,0,0,0,1,34.42,39.43,1,30,0,1,0.01757,0.8785,1,0.8225,0.1377,1,0,0,0
0,97,68.19,55,5h 51m 52s,0.4674,1,completioncredit_globalkl002_e5,Completion-wide credit + global KL 0.02,136,4.169,9.8e-07,136,0.08482,1455,45.76,2d 8h 52m 33s,152.2,155.2,1,0,0,0,0,0,0.03888,0.02701,-0.005102,0,0,0,1,33.69,38.47,1,30.96,0,1,0.01694,0.8472,1,0.8618,0.3006,1,0,0,0
0,97,68.56,53,5h 54m 28s,0.4708,1,completioncredit_globalkl002_e5,Completion-wide credit + global KL 0.02,137,4.544,9.8e-07,137,0.04285,1455,45.76,2d 8h 50m 3s,155.3,155.2,1,0,0,0,0,0,0.05793,0.03539,0.005337,0,0,0,1,34.06,38.92,1,30.78,0,1,0.01722,0.8611,1,0.8939,0.1764,1,0,0,0
0,87,70.08,50,5h 57m 1s,0.4742,1,completioncredit_globalkl002_e5,Completion-wide credit + global KL 0.02,138,3.94,9.8e-07,138,0.02211,1455,45.76,2d 8h 47m 13s,153.4,155.2,1,0,0,0,0,0,0.01518,0.005431,-0.006977,0,0,0,1,33.84,38.67,1,30.19,0,1,0.01667,0.8333,1,0.9539,0.2389,1,0,0,0
0,105,71.04,50,5h 59m 34s,0.4777,1,completioncredit_globalkl002_e5,Completion-wide credit + global KL 0.02,139,3.86,9.8e-07,139,0.02401,1455,45.76,2d 8h 44m 19s,153,155.2,1,0,0,0,0,0,0.01558,0.003606,-0.005233,0,0,0,1,35.51,40.79,1,30.18,0,1,0.01729,0.8646,1,0.8649,0.08782,1,0,0,0
0,95,70.02,47,6h 2m 12s,0.4811,1,completioncredit_globalkl002_e5,Completion-wide credit + global KL 0.02,140,4.156,9.8e-07,140,0.02449,1455,45.76,2d 8h 42m 6s,157.1,155.2,1,0,0,0,0,0,0.008952,-0.002893,-0.005611,0,0,0,1,34.71,39.8,1,31.69,0,1,0.0175,0.875,1,0.985,0.1444,1,0,0,0
0,110,70.85,55,6h 4m 49s,0.4845,1,completioncredit_globalkl002_e5,Completion-wide credit + global KL 0.02,141,3.93,9.8e-07,141,0.03836,1455,45.76,2d 8h 39m 49s,157,155.2,1,0,0,0,0,0,0.03144,0.003148,0.0112,0,0,0,1,34.42,39.41,1,31.6,0,1,0.01715,0.8576,1,0.9709,0.146,1,0,0,0
0,100,72.06,56,6h 7m 22s,0.488,1,completioncredit_globalkl002_e5,Completion-wide credit + global KL 0.02,142,4.014,9.8e-07,142,0.02945,1455,45.76,2d 8h 36m 50s,152.4,155.2,1,0,0,0,0,0,0.02212,0.004621,0.0007765,0,0,0,1,35.15,40.38,1,31.94,0,1,0.01667,0.8333,1,0.9787,0.3106,1,0,0,0
0,99,73.08,50,6h 9m 59s,0.4914,1,completioncredit_globalkl002_e5,Completion-wide credit + global KL 0.02,143,4.088,9.8e-07,143,0.02619,1455,45.76,2d 8h 34m 30s,156.6,155.2,1,0,0,0,0,0,0.01168,-0.002239,-0.003416,0,0,0,1,34.57,39.58,1,31.58,0,1,0.01736,0.8681,1,0.978,0.1617,1,0,0,0
0,100,73.98,57,6h 12m 32s,0.4948,1,completioncredit_globalkl002_e5,Completion-wide credit + global KL 0.02,144,5.425,9.8e-07,144,0.05209,1455,45.76,2d 8h 31m 37s,153,155.2,1,0,0,0,0,0,0.01229,-0.001487,-0.003195,0,0,0,1,34.64,39.68,1,31.52,0,1,0.01694,0.8472,1,0.9654,0.1526,1,0,0,0
0,105,72.24,53,6h 15m 3s,0.4983,1,completioncredit_globalkl002_e5,Completion-wide credit + global KL 0.02,145,3.407,9.8e-07,145,0.06327,1455,45.76,2d 8h 28m 25s,150.9,155.2,1,0,0,0,0,0,0.1227,0.109,-0.004406,0,0,0,1,34.06,38.92,1,30.51,0,1,0.01806,0.9028,1,0.9059,0.5558,1,0,0,0
0,101,72.38,58,6h 17m 38s,0.5017,1,completioncredit_globalkl002_e5,Completion-wide credit + global KL 0.02,146,3.877,9.8e-07,146,0.04025,1455,45.76,2d 8h 25m 43s,154,155.2,1,0,0,0,0,0,0.02155,0.005653,-0.001069,0,0,0,1,35.22,40.5,1,31.09,0,1,0.01694,0.8472,1,0.9496,0.4445,1,0,0,0
0,96,72.65,55,6h 20m 12s,0.5052,1,completioncredit_globalkl002_e5,Completion-wide credit + global KL 0.02,147,4.052,9.8e-07,147,0.07679,1455,45.76,2d 8h 22m 57s,153.7,155.2,1,0,0,0,0,0,0.1102,0.08922,0.003167,0,0,0,1,34.35,39.33,1,30.81,0,1,0.01778,0.8889,1,0.903,0.2878,1,0,0,0
0,101,73.58,53,6h 22m 44s,0.5086,1,completioncredit_globalkl002_e5,Completion-wide credit + global KL 0.02,148,8.58,9.7e-07,148,0.04583,1455,45.76,2d 8h 19m 54s,151.7,155.2,1,0,0,0,0,0,0.07193,0.05283,0.00177,0,0,0,1,34.2,39.15,1,30.58,0,1,0.01736,0.8681,1,0.9879,0.3095,1,0,0,0
0,97,72.47,56,6h 25m 20s,0.512,1,completioncredit_globalkl002_e5,Completion-wide credit + global KL 0.02,149,3.841,9.7e-07,149,0.04787,1455,45.76,2d 8h 17m 33s,156.4,155.2,1,0,0,0,0,0,0.06753,0.05231,-0.002846,0,0,0,1,33.76,38.57,1,33.71,0,1,0.01806,0.9028,1,0.9742,0.2531,1,0,0,0
0,101,73.76,54,6h 27m 52s,0.5155,1,completioncredit_globalkl002_e5,Completion-wide credit + global KL 0.02,150,5.647,9.7e-07,150,0.03627,1455,45.76,2d 8h 14m 22s,150.8,155.1,1,0,0,0,0,0,0.04672,0.03285,-0.004078,0,0,0,1,35.22,40.46,1,31.12,0,1,0.01792,0.8958,1,0.9462,0.3275,1,0,0,0
0,94,73.42,58,6h 30m 26s,0.5189,1,completioncredit_globalkl002_e5,Completion-wide credit + global KL 0.02,151,9.089,9.7e-07,151,0.03014,1455,45.76,2d 8h 11m 39s,153.5,155.1,1,0,0,0,0,0,0.009459,-0.0003522,-0.007889,0,0,0,1,34.71,39.76,1,30.61,0,1,0.01771,0.8854,1,0.9554,0.182,1,0,0,0
0,148,75.08,59,6h 33m 6s,0.5223,1,completioncredit_globalkl002_e5,Completion-wide credit + global KL 0.02,152,3.833,9.7e-07,152,0.05158,1455,45.76,2d 8h 9m 45s,159.4,155.2,1,0,0,0,0,0,0.05268,0.02911,0.002884,0.003107,0,0,1,38.65,44.64,1,32.83,0,1,0.01757,0.8785,1,0.919,0.2642,1,0.02778,-0.006944,0
0,103,75.81,57,6h 35m 45s,0.5258,1,completioncredit_globalkl002_e5,Completion-wide credit + global KL 0.02,153,6.113,9.7e-07,153,0.04545,1455,45.76,2d 8h 7m 44s,158.7,155.2,1,0,0,0,0,0,0.02018,0.002461,-0.0005929,0,0,0,1,35.3,40.58,1,32.28,0,1,0.01833,0.9167,1,0.8246,0.3949,1,0,0,0
0,103,73.79,57,6h 38m 20s,0.5292,1,completioncredit_globalkl002_e5,Completion-wide credit + global KL 0.02,154,4.578,9.7e-07,154,0.05785,1455,45.76,2d 8h 5m 5s,154.4,155.2,1,0,0,0,-0.001909,0,0.04304,0.02519,0.002914,0,0,0,1,34.86,39.94,1,31.96,0,1,0.01681,0.8403,1,0.9365,0.2371,1,0,0,0
0,113,76.22,56,6h 40m 59s,0.5326,1,completioncredit_globalkl002_e5,Completion-wide credit + global KL 0.02,155,11.5,9.7e-07,155,0.03385,1455,45.76,2d 8h 3m 7s,159.1,155.2,1,0,0,0,0,0,0.02196,-0.0008089,0.005311,0,0,0,1,35.59,40.91,1,32.26,0,1,0.01743,0.8715,1,0.7025,0.3031,1,0,0,0
0,103,74.31,54,6h 43m 36s,0.5361,1,completioncredit_globalkl002_e5,Completion-wide credit + global KL 0.02,156,4.722,9.7e-07,156,0.04741,1455,45.76,2d 8h 0m 46s,156.7,155.2,1,0,0,0,0,0,0.03056,0.006678,0.00643,0,0,0,1,35.37,40.66,1,34,0,1,0.0175,0.875,1,0.9676,0.1367,1,0,0,0
0,120,74.62,51,6h 46m 14s,0.5395,1,completioncredit_globalkl002_e5,Completion-wide credit + global KL 0.02,157,5.31,9.7e-07,157,0.07337,1455,45.76,2d 7h 58m 29s,157,155.2,1,0,0,0,0,0,0.2024,0.1837,0.0006911,0,0,0,1,35.37,40.62,1,31.4,0,1,0.01806,0.9028,1,0.8587,0.3026,1,0,0,0
0,107,75.26,58,6h 48m 48s,0.543,1,completioncredit_globalkl002_e5,Completion-wide credit + global KL 0.02,158,6.882,9.7e-07,158,0.04414,1455,45.76,2d 7h 55m 50s,154.4,155.2,1,0,0,0,0,0,0.04572,0.02657,0.001692,0,0,0,1,35.15,40.38,1,31.53,0,1,0.0175,0.875,1,0.9288,0.296,1,0,0,0
0,120,77.56,59,6h 51m 27s,0.5464,1,completioncredit_globalkl002_e5,Completion-wide credit + global KL 0.02,159,4.083,9.7e-07,159,0.06323,1455,45.76,2d 7h 53m 45s,158.6,155.3,1,0,0,0,0,0,0.02661,0.005742,0.003653,0,0,0,1,36.61,42.14,1,31.85,0,1,0.01722,0.8611,1,0.8759,0.08263,1,0,0,0
0,113,79.11,53,6h 54m 0s,0.5498,1,completioncredit_globalkl002_e5,Completion-wide credit + global KL 0.02,160,5.046,9.7e-07,160,0.07968,1455,45.76,2d 7h 50m 51s,152.4,155.3,1,0,0,0,0,0,0.07178,0.04563,0.007357,0,0,0,1,35.88,41.23,1,30.61,0,1,0.01875,0.9375,1,0.8997,0.1782,1,0,0,0
0,124,77.87,50,6h 56m 35s,0.5533,1,completioncredit_globalkl002_e5,Completion-wide credit + global KL 0.02,161,4.392,9.7e-07,161,0.08357,1455,45.76,2d 7h 48m 8s,154.1,155.2,1,0,0,0,0,0,0.01567,-0.001049,-0.001594,0,0,0,1,36.61,42.18,1,31.06,0,1,0.01833,0.9167,1,0.8709,0.1733,1,0,0,0
0,159,83.57,62,6h 59m 17s,0.5567,1,completioncredit_globalkl002_e5,Completion-wide credit + global KL 0.02,162,6.522,9.7e-07,162,0.1973,1455,45.76,2d 7h 46m 31s,162.3,155.3,1,0,0,0,0,0,0.02485,0.009718,-0.009246,0.005458,0,0,1,39.45,45.64,1,34.12,0,1,0.01889,0.9444,1,0.7453,0.2222,1,0.02778,-0.02604,0
0,133,83.08,60,7h 1m 56s,0.5601,1,completioncredit_globalkl002_e5,Completion-wide credit + global KL 0.02,163,3.583,9.7e-07,163,0.1026,1455,45.76,2d 7h 44m 25s,158.7,155.3,1,0,0,0,0,0,0.08681,0.07454,-0.006038,0,0,0,1,37.56,43.3,1,31.95,0,1,0.01833,0.9167,1,0.8941,0.3453,1,0,0,0
0,119,83.91,60,7h 4m 32s,0.5636,1,completioncredit_globalkl002_e5,Completion-wide credit + global KL 0.02,164,7.058,9.7e-07,164,0.08663,1455,45.76,2d 7h 41m 53s,154.9,155.3,1,0,0,0,0,0,0.02802,0.002343,0.006633,0,0,0,1,35.51,40.78,1,32.98,0,1,0.01903,0.9514,1,0.8337,0.3243,1,0,0,0
0,124,82.63,60,7h 7m 7s,0.567,1,completioncredit_globalkl002_e5,Completion-wide credit + global KL 0.02,165,4.445,9.7e-07,165,0.0652,1455,45.76,2d 7h 39m 19s,155.2,155.3,1,0,0,0,0,0,0.06239,0.04633,-0.00299,0,0,0,1,36.9,42.55,1,31.17,0,1,0.01903,0.9514,1,0.9767,0.1795,1,0,0,0
0,128,89.08,50,7h 9m 49s,0.5704,1,completioncredit_globalkl002_e5,Completion-wide credit + global KL 0.02,166,4.488,9.7e-07,166,0.0834,1455,45.76,2d 7h 37m 29s,160.8,155.4,1,0,0,0,0,0,0.06029,0.04317,-0.002654,0,0,0,1,36.83,42.4,1,33.82,0,1,0.01972,0.9861,1,0.8855,0.08494,1,0,0,0
0,128,90.57,64,7h 12m 25s,0.5739,1,completioncredit_globalkl002_e5,Completion-wide credit + global KL 0.02,167,5.725,9.7e-07,167,0.07331,1455,45.76,2d 7h 35m 5s,156.3,155.4,1,0,0,0,0,0,0.1061,0.0921,-0.005889,0,0,0,1,36.54,42.08,1,31.35,0,1,0.01986,0.9931,1,0.8979,0.1684,1,0,0,0
0.01389,160,92.77,64,7h 15m 3s,0.5773,1,completioncredit_globalkl002_e5,Completion-wide credit + global KL 0.02,168,5.176,9.7e-07,168,0.07581,1455,45.76,2d 7h 32m 44s,156.7,155.4,1,0,0,0,0.002606,0,0.03588,0.01028,0.002069,0.002606,0,0,1,39.53,45.76,1,30.77,0,1,0.01833,0.9167,1,0.9453,0.1283,1,0.02778,-0.02778,0.02778
0.006944,160,92.8,63,7h 17m 38s,0.5808,1,completioncredit_globalkl002_e5,Completion-wide credit + global KL 0.02,169,4.576,9.7e-07,169,0.04429,1455,45.76,2d 7h 30m 11s,155.1,155.4,1,0,0,0,-4.304e-05,0,0.08171,0.05833,0.001545,0.001729,0,0,1,39.53,45.74,1,32.48,0,1,0.02014,1.007,1,0.8589,0.2675,1,0.05556,-0.02951,0.02778
0,136,94.31,69,7h 20m 16s,0.5842,1,completioncredit_globalkl002_e5,Completion-wide credit + global KL 0.02,170,3.97,9.7e-07,170,0.06003,1455,45.76,2d 7h 27m 51s,155.9,155.4,1,0,0,0,0,0,0.02081,-0.003538,0.004331,0,0,0,1,36.9,42.53,1,31.22,0,1,0.02,1,1,0.9547,0.1782,1,0,0,0
0,152,96.21,64,7h 22m 58s,0.5876,1,completioncredit_globalkl002_e5,Completion-wide credit + global KL 0.02,171,3.922,9.7e-07,171,0.07976,1455,45.76,2d 7h 26m 10s,162.1,155.4,1,0,0,0,0,0,0.02385,-0.005251,0.007888,0.00193,0,0,1,38.94,45.03,1,33.34,0,1,0.01931,0.9653,1,0.9236,0.2458,1,0.02778,-0.01389,0
0,140,98.59,65,7h 25m 35s,0.5911,1,completioncredit_globalkl002_e5,Completion-wide credit + global KL 0.02,172,5.146,9.7e-07,172,0.05776,1455,45.76,2d 7h 23m 48s,156.8,155.4,1,0,0,0,0,0,0.04832,0.03442,-0.004288,0,0,0,1,36.68,42.24,1,33.62,0,1,0.01819,0.9097,1,0.9685,0.315,1,0,0,0
0,132,96.76,69,7h 28m 15s,0.5945,1,completioncredit_globalkl002_e5,Completion-wide credit + global KL 0.02,173,7.186,9.7e-07,173,0.03304,1455,45.76,2d 7h 21m 40s,158.5,155.5,1,0,0,0,0,0,0.02791,0.006849,0.001897,0,0,0,1,37.48,43.26,1,30.66,0,1,0.01917,0.9583,1,0.9375,0.1321,1,0,0,0
0,141,96.49,72,7h 30m 53s,0.5979,1,completioncredit_globalkl002_e5,Completion-wide credit + global KL 0.02,174,3.965,9.7e-07,174,0.1149,1455,45.76,2d 7h 19m 23s,157.7,155.5,1,0,0,0,0,0,0.1187,0.08967,0.01037,0,0,0,1,36.76,42.3,1,31.37,0,1,0.01861,0.9306,1,0.92,0.1289,1,0,0,0
0,154,99.83,65,7h 33m 30s,0.6014,1,completioncredit_globalkl002_e5,Completion-wide credit + global KL 0.02,175,4.513,9.6e-07,175,0.07796,1455,45.76,2d 7h 17m 5s,157.5,155.5,1,0,0,0,0,0,0.09336,0.07389,0.002386,0,0,0,1,37.7,43.55,1,31.61,0,1,0.01715,0.8576,1,0.8511,0.2691,1,0,0,0
0,141,100.9,71,7h 36m 10s,0.6048,1,completioncredit_globalkl002_e5,Completion-wide credit + global KL 0.02,176,7.439,9.6e-07,176,0.08486,1455,45.76,2d 7h 14m 60s,159.3,155.5,1,0,0,0,0,0,0.01998,0.006141,-0.004101,0,0,0,1,38.14,44.02,1,31.16,0,1,0.01792,0.8958,1,0.9246,0.2912,1,0,0,0
0,147,100.8,72,7h 38m 49s,0.6082,1,completioncredit_globalkl002_e5,Completion-wide credit + global KL 0.02,177,5.514,9.6e-07,177,0.06146,1455,45.76,2d 7h 12m 52s,158.8,155.5,1,0,0,0,0,0,0.06168,0.05065,-0.006141,-3.417e-05,0,0,1,38.43,44.43,1,32.69,0,1,0.01729,0.8646,1,0.9434,0.3542,1,0.02778,-0.001736,0
0,160,102,74,7h 41m 29s,0.6117,1,completioncredit_globalkl002_e5,Completion-wide credit + global KL 0.02,178,4.127,9.6e-07,178,0.04179,1455,45.76,2d 7h 10m 43s,159.1,155.6,1,0,0,0,0,0,0.04983,0.03149,0.001257,0,0,0,1,37.34,43.02,1,31.82,0,1,0.01715,0.8576,1,0.8584,0.2723,1,0,0,0
0,156,107.2,68,7h 44m 8s,0.6151,1,completioncredit_globalkl002_e5,Completion-wide credit + global KL 0.02,179,4.602,9.6e-07,179,0.03617,1455,45.76,2d 7h 8m 31s,158.7,155.6,1,0,0,0,0,0,0.07861,0.0628,-0.001168,-0.0002392,0,0,1,39.02,45.11,1,32.4,0,1,0.01729,0.8646,1,0.833,0.4645,1,0.02778,-0.01562,0
0,159,107,77,7h 46m 48s,0.6186,1,completioncredit_globalkl002_e5,Completion-wide credit + global KL 0.02,180,3.876,9.6e-07,180,0.05027,1455,45.76,2d 7h 6m 30s,159.1,155.6,1,0,0,0,0,0,0.1202,0.1128,-0.007193,-0.002805,0,0,1,39.45,45.68,1,31.51,0,1,0.01743,0.8715,1,0.8133,0.1923,1,0.05556,-0.02778,0
0,149,106,77,7h 49m 30s,0.622,1,completioncredit_globalkl002_e5,Completion-wide credit + global KL 0.02,181,3.692,9.6e-07,181,0.02842,1455,45.76,2d 7h 4m 37s,161.2,155.6,1,0,0,0,0,0,0.01162,-0.006876,0.0006696,0,0,0,1,37.7,43.47,1,31.91,0,1,0.01778,0.8889,1,0.8679,0.2844,1,0,0,0
0.01389,160,106.1,70,7h 52m 10s,0.6254,1,completioncredit_globalkl002_e5,Completion-wide credit + global KL 0.02,182,4.179,9.6e-07,182,0.06994,1455,45.76,2d 7h 2m 37s,160.3,155.7,1,0,0,0,0.002382,0,0.1378,0.1161,-0.0002256,0.002382,0,0,1,39.53,45.74,1,31.35,0,1,0.01722,0.8611,1,0.7609,0.3502,1,0.02778,-0.02778,0.02778
0.006944,160,109.7,75,7h 54m 50s,0.6289,1,completioncredit_globalkl002_e5,Completion-wide credit + global KL 0.02,183,4.752,9.6e-07,183,0.0224,1455,45.76,2d 7h 0m 32s,159.9,155.7,1,0,0,0,0,0,0.0156,-0.002893,-0.001934,0.003943,0,0,1,38.65,44.64,1,32.16,0,1,0.01653,0.8264,1,0.9614,0.3694,1,0.02778,-0.006944,0
0,157,106.5,73,7h 57m 35s,0.6323,1,completioncredit_globalkl002_e5,Completion-wide credit + global KL 0.02,184,4.456,9.6e-07,184,0.02779,1455,45.76,2d 6h 58m 57s,164.1,155.7,1,0,0,0,0,0,0.0577,0.03507,0.005293,0,0,0,1,38.21,44.1,1,31.08,0,1,0.01736,0.8681,1,0.7994,0.3495,1,0,0,0
0.006944,160,107.4,71,8h 0m 19s,0.6357,1,completioncredit_globalkl002_e5,Completion-wide credit + global KL 0.02,185,3.491,9.6e-07,185,0.06729,1455,45.78,2d 6h 57m 17s,163,155.8,1,0,0,0,0.00255,0,0.09858,0.07335,0.002918,0.00255,0,0,1,39.53,45.78,1,33.51,0,1,0.01722,0.8611,1,0.902,0.2013,1,0.02778,-0.02778,0.02778
0,151,100.8,72,8h 3m 1s,0.6392,1,completioncredit_globalkl002_e5,Completion-wide credit + global KL 0.02,186,4.016,9.6e-07,186,0.05841,1455,45.78,2d 6h 55m 23s,161.8,155.8,1,0,0,0,0,0,0.06814,0.04616,0.006478,0,0,0,1,37.48,43.22,1,31.67,0,1,0.01549,0.7743,1,0.9188,0.2984,1,0,0,0
0,156,97.51,66,8h 5m 35s,0.6426,1,completioncredit_globalkl002_e5,Completion-wide credit + global KL 0.02,187,6.047,9.6e-07,187,0.02792,1455,45.78,2d 6h 52m 39s,154.3,155.8,1,0,0,0,0,0,0.01339,0.001901,-0.001764,-0.003228,0,0,1,39.24,45.37,1,31.98,0,1,0.01646,0.8229,1,0.8177,0.2459,1,0.02778,-0.02083,0
0,150,102.8,68,8h 8m 18s,0.646,1,completioncredit_globalkl002_e5,Completion-wide credit + global KL 0.02,188,3.687,9.6e-07,188,0.07094,1455,45.78,2d 6h 50m 51s,162.6,155.8,1,0,0,0,0,0,0.106,0.08648,0.001061,0.002368,0,0,1,38.8,44.86,1,31.9,0,1,0.01611,0.8056,1,0.8306,0.3793,1,0.02778,-0.01042,0
0.006944,160,96.86,68,8h 10m 59s,0.6495,1,completioncredit_globalkl002_e5,Completion-wide credit + global KL 0.02,189,4.789,9.6e-07,189,0.1264,1455,45.78,2d 6h 48m 48s,160.5,155.9,1,0,0,0,0,0,0.1604,0.1427,0.001007,0,0,0,1,37.7,43.47,1,32.66,0,1,0.01667,0.8333,1,0.9501,0.2238,1,0,0,0
0,138,98.41,63,8h 13m 36s,0.6529,1,completioncredit_globalkl002_e5,Completion-wide credit + global KL 0.02,190,3.017,9.6e-07,190,0.03658,1455,45.78,2d 6h 46m 17s,156.4,155.9,1,0,0,0,0,0,0.004747,-0.007407,-0.004081,0,0,0,1,37.92,43.74,1,30.82,0,1,0.01632,0.816,1,0.9184,0.3514,1,0,0,0
0,155,97.12,66,8h 16m 12s,0.6564,1,completioncredit_globalkl002_e5,Completion-wide credit + global KL 0.02,191,3.578,9.6e-07,191,0.05637,1455,45.78,2d 6h 43m 44s,156,155.9,1,0,0,0,0,0,0.00298,-0.01209,-0.0008846,-0.0001576,0,0,1,39.16,45.33,1,31.58,0,1,0.01611,0.8056,1,0.9514,0.2261,1,0.02778,-0.0191,0
0,129,94.89,66,8h 18m 48s,0.6598,1,completioncredit_globalkl002_e5,Completion-wide credit + global KL 0.02,192,4.638,9.6e-07,192,0.08102,1455,45.78,2d 6h 41m 13s,156.3,155.9,1,0,0,0,0,0,0.04683,0.03294,-0.001437,0,0,0,1,36.03,41.42,1,30.77,0,1,0.01535,0.7674,1,0.9806,0.2177,1,0,0,0
0,134,94.68,73,8h 21m 29s,0.6632,1,completioncredit_globalkl002_e5,Completion-wide credit + global KL 0.02,193,5.532,9.6e-07,193,0.05405,1455,45.78,2d 6h 39m 7s,160.1,155.9,1,0,0,0,0,0,0.05163,0.03078,0.005339,0,0,0,1,37.56,43.33,1,33.34,0,1,0.01549,0.7743,1,0.9051,0.2483,1,0,0,0
0,124,93.62,68,8h 24m 4s,0.6667,1,completioncredit_globalkl002_e5,Completion-wide credit + global KL 0.02,194,4.189,9.6e-07,194,0.07501,1455,45.78,2d 6h 36m 29s,155,155.9,1,0,0,0,0,0,0.01,-0.006878,0.001013,0,0,0,1,36.9,42.53,1,31.19,0,1,0.01583,0.7917,1,0.9532,0.2339,1,0,0,0
0,139,91.62,68,8h 26m 47s,0.6701,1,completioncredit_globalkl002_e5,Completion-wide credit + global KL 0.02,195,3.877,9.6e-07,195,0.0908,1455,45.78,2d 6h 34m 34s,162,155.9,1,0,0,0,0,0,0.05924,0.03861,0.004149,0,0,0,1,36.54,42.08,1,32.78,0,1,0.01653,0.8264,1,0.9383,0.4466,1,0,0,0
0,134,95.78,63,8h 29m 34s,0.6735,1,completioncredit_globalkl002_e5,Completion-wide credit + global KL 0.02,196,3.727,9.6e-07,196,0.05561,1455,45.78,2d 6h 33m 11s,167.1,156,1,0,0,0,0,0,0.04328,0.03327,-0.004758,0,0,0,1,37.48,43.26,1,32.59,0,1,0.01472,0.7361,1,0.9474,0.1223,1,0,0,0
0,137,93.18,71,8h 32m 14s,0.677,1,completioncredit_globalkl002_e5,Completion-wide credit + global KL 0.02,197,3.264,9.6e-07,197,0.2042,1455,45.78,2d 6h 31m 3s,160,156,1,0,0,0,0,0,0.09475,0.07721,0.002644,0,0,0,1,37.85,43.71,1,32.59,0,1,0.01486,0.7431,1,0.7979,0.2598,1,0,0,0
0,158,93.42,71,8h 34m 56s,0.6804,1,completioncredit_globalkl002_e5,Completion-wide credit + global KL 0.02,198,4.072,9.5e-07,198,0.1264,1455,45.78,2d 6h 29m 5s,161.7,156,1,0,0,0,0,0,0.2364,0.2204,-0.0001134,0,0,0,1,37.48,43.28,1,31.74,0,1,0.01618,0.809,1,0.9322,0.1887,1,0,0,0
0.01389,160,98.48,71,8h 37m 35s,0.6838,1,completioncredit_globalkl002_e5,Completion-wide credit + global KL 0.02,199,3.518,9.5e-07,199,0.1177,1455,45.78,2d 6h 26m 43s,157.5,156.1,1,0,0,0,0.0009719,0,0.1184,0.1045,-0.004339,0.0009719,0,0,1,39.53,45.74,1,33.14,0,1,0.01632,0.816,1,0.9332,0.1246,1,0.02778,-0.02778,0.02778
0.006944,160,103.4,74,8h 40m 15s,0.6873,1,completioncredit_globalkl002_e5,Completion-wide credit + global KL 0.02,200,3.475,9.5e-07,200,0.1615,1455,45.78,2d 6h 24m 31s,159.6,156.1,1,0,0,0,0,0,0.1579,0.1409,0.001498,0,0,0,1,38.36,44.33,1,32.7,0,1,0.01549,0.7743,1,0.923,0.2846,1,0,0,0
0,156,104.9,77,8h 42m 54s,0.6907,1,completioncredit_globalkl002_e5,Completion-wide credit + global KL 0.02,201,4.544,9.5e-07,201,0.1354,1455,45.78,2d 6h 22m 15s,159,156.1,1,0,0,0,0,0,0.08061,0.05803,0.00634,0,0,0,1,38.21,44.16,1,31.58,0,1,0.01625,0.8125,1,0.9264,0.4595,1,0,0,0
0.006944,160,105.4,78,8h 45m 37s,0.6942,1,completioncredit_globalkl002_e5,Completion-wide credit + global KL 0.02,202,4.763,9.5e-07,202,0.141,1455,45.78,2d 6h 20m 23s,163,156.1,1,0,0,0,0,0,0.103,0.0839,0.002674,0.0002687,0,0,1,38.58,44.6,1,30.61,0,1,0.01618,0.809,1,0.9272,0.2222,1,0.02778,-0.005208,0
0.006944,160,105.4,77,8h 48m 19s,0.6976,1,completioncredit_globalkl002_e5,Completion-wide credit + global KL 0.02,203,3.431,9.5e-07,203,0.1163,1455,45.78,2d 6h 18m 26s,162.1,156.2,1,0,0,0,0.0001791,0,0.1461,0.14,-0.008281,-0.0009469,0,0,1,39.53,45.76,1,32.67,0,1,0.01514,0.7569,1,0.7761,0.3999,1,0.05556,-0.03125,0.02778
0,137,103.1,70,8h 51m 1s,0.701,1,completioncredit_globalkl002_e5,Completion-wide credit + global KL 0.02,204,3.9,9.5e-07,204,0.1946,1455,45.78,2d 6h 16m 21s,161.1,156.2,1,0,0,0,0,0,0.1665,0.1559,-0.004854,0,0,0,1,37.85,43.67,1,32.24,0,1,0.01556,0.7778,1,0.8378,0.3551,1,0,0,0
0,141,104.8,74,8h 53m 40s,0.7045,1,completioncredit_globalkl002_e5,Completion-wide credit + global KL 0.02,205,3.823,9.5e-07,205,0.1641,1455,45.78,2d 6h 14m 6s,159.4,156.2,1,0,0,0,0,0,0.07264,0.06023,-0.004685,0,0,0,1,38,43.84,1,31.39,0,1,0.01701,0.8507,1,0.9185,0.1117,1,0,0,0
0.006944,160,105.1,80,8h 56m 21s,0.7079,1,completioncredit_globalkl002_e5,Completion-wide credit + global KL 0.02,206,4.852,9.5e-07,206,0.06879,1455,45.78,2d 6h 11m 59s,160.7,156.2,1,0,0,0,0.00161,0,0.1521,0.1405,-0.006083,0,0,0,1,37.92,43.78,1,31.83,0,1,0.0159,0.7951,1,0.957,0.2655,1,0,0,0
0,148,103.9,76,8h 58m 57s,0.7113,1,completioncredit_globalkl002_e5,Completion-wide credit + global KL 0.02,207,3.58,9.5e-07,207,0.07874,1455,45.78,2d 6h 9m 22s,155.9,156.2,1,0,0,0,0,0,0.133,0.1178,0.0004174,-0.001179,0,0,1,38.65,44.68,1,32.81,0,1,0.0159,0.7951,1,0.9476,0.3017,1,0.05556,-0.01389,0
0,160,108.5,74,9h 1m 40s,0.7148,1,completioncredit_globalkl002_e5,Completion-wide credit + global KL 0.02,208,4.526,9.5e-07,208,0.1062,1455,45.78,2d 6h 7m 24s,162.3,156.3,1,0,0,0,0,0,0.1835,0.1678,-0.0009975,0.001333,0,0,1,38.65,44.7,1,33.01,0,1,0.01542,0.7708,1,0.8745,0.402,1,0.02778,-0.006944,0
0,154,104.8,77,9h 4m 20s,0.7182,1,completioncredit_globalkl002_e5,Completion-wide credit + global KL 0.02,209,3.931,9.5e-07,209,0.1041,1455,45.78,2d 6h 5m 10s,159.7,156.3,1,0,0,0,0,0,0.1004,0.08554,-0.002886,0.00266,0,0,1,39.09,45.19,1,30.85,0,1,0.01507,0.7535,1,0.9836,0.3275,1,0.05556,-0.02083,0
0.006944,160,103.9,76,9h 7m 2s,0.7216,1,completioncredit_globalkl002_e5,Completion-wide credit + global KL 0.02,210,5.053,9.5e-07,210,0.1395,1455,45.78,2d 6h 3m 6s,161.6,156.3,1,0,0,0,0,0,0.02658,0.00369,0.007513,0,0,0,1,36.83,42.42,1,32.14,0,1,0.01542,0.7708,1,0.8099,0.481,1,0,0,0
0.006944,160,105.7,73,9h 9m 46s,0.7251,1,completioncredit_globalkl002_e5,Completion-wide credit + global KL 0.02,211,3.941,9.5e-07,211,0.02518,1455,45.78,2d 6h 1m 19s,164.3,156.3,1,0,0,0,0,0,0.06319,0.04191,0.002431,0.00334,0,0,1,38.87,44.98,1,32.06,0,1,0.01549,0.7743,1,0.9366,0.3067,1,0.05556,-0.02083,0
0,152,102.4,77,9h 12m 34s,0.7285,1,completioncredit_globalkl002_e5,Completion-wide credit + global KL 0.02,212,4.716,9.5e-07,212,0.07879,1455,45.78,2d 5h 59m 47s,167.1,156.4,1,0,0,0,0,0,0.02197,0.007798,-0.001818,0,0,0,1,37.41,43.18,1,31.87,0,1,0.01597,0.7986,1,0.9121,0.4406,1,0,0,0
0.006944,160,104,76,9h 15m 16s,0.732,1,completioncredit_globalkl002_e5,Completion-wide credit + global KL 0.02,213,3.69,9.5e-07,213,0.06877,1455,45.78,2d 5h 57m 45s,162,156.4,1,0,0,0,0,0,0.06889,0.04717,0.006215,0,0,0,1,38.36,44.33,1,31.69,0,1,0.01556,0.7778,1,0.8287,0.3755,1,0,0,0
0,149,100.8,76,9h 18m 1s,0.7354,1,completioncredit_globalkl002_e5,Completion-wide credit + global KL 0.02,214,4.095,9.5e-07,214,0.05982,1455,45.78,2d 5h 55m 58s,164.8,156.5,1,0,0,0,0,0,0.06794,0.0473,0.004036,0,0,0,1,37.05,42.73,1,33.32,0,1,0.0166,0.8299,1,0.8355,0.2503,1,0,0,0
0.006944,160,105.4,71,9h 20m 46s,0.7388,1,completioncredit_globalkl002_e5,Completion-wide credit + global KL 0.02,215,3.938,9.5e-07,215,0.1021,1455,45.78,2d 5h 54m 13s,165.1,156.5,1,0,0,0,0,0,0.2185,0.2037,-0.000852,-0.00191,0,0,1,38.65,44.7,1,33.13,0,1,0.01757,0.8785,1,0.9479,0.4847,1,0.02778,-0.006944,0
0,152,104.8,79,9h 23m 28s,0.7423,1,completioncredit_globalkl002_e5,Completion-wide credit + global KL 0.02,216,3.756,9.5e-07,216,0.05252,1455,45.78,2d 5h 52m 6s,161.3,156.5,1,0,0,0,0,0,0.07064,0.05561,-0.001691,0,0,0,1,37.7,43.55,1,31.78,0,1,0.01667,0.8333,1,0.9359,0.3466,1,0,0,0
0.01389,160,105.8,76,9h 26m 14s,0.7457,1,completioncredit_globalkl002_e5,Completion-wide credit + global KL 0.02,217,4.143,9.5e-07,217,0.1472,1455,45.78,2d 5h 50m 27s,166.4,156.6,1,0,0,0,0,0,0.1108,0.09164,0.001706,0,0,0,1,37.48,43.29,1,32.75,0,1,0.01743,0.8715,1,0.9415,0.3967,1,0,0,0
0.006944,160,104.2,72,9h 28m 58s,0.7491,1,completioncredit_globalkl002_e5,Completion-wide credit + global KL 0.02,218,4.405,9.5e-07,218,0.07783,1455,45.78,2d 5h 48m 31s,163.5,156.6,1,0,0,0,0,0,0.05359,0.03589,0.000244,0,0,0,1,37.56,43.35,1,32.16,0,1,0.0175,0.875,1,0.9465,0.4742,1,0,0,0
0.006944,160,103.5,77,9h 31m 39s,0.7526,1,completioncredit_globalkl002_e5,Completion-wide credit + global KL 0.02,219,3.899,9.5e-07,219,0.2194,1455,45.8,2d 5h 46m 20s,161,156.6,1,0,0,0,-0.001143,0,0.07775,0.05483,0.003147,0.002965,0,0,1,39.53,45.8,1,31.57,0,1,0.01792,0.8958,1,0.8808,0.4478,1,0.05556,-0.04688,0.02778
0.006944,160,102.5,77,9h 34m 26s,0.756,1,completioncredit_globalkl002_e5,Completion-wide credit + global KL 0.02,220,3.813,9.4e-07,220,0.1861,1455,45.8,2d 5h 44m 42s,166.7,156.7,1,0,0,0,-0.0004289,0,0.281,0.2683,-0.004232,-0.0004289,0,0,1,39.53,45.8,1,31.66,0,1,0.01778,0.8889,1,0.9148,0.2978,1,0.02778,-0.02778,0.02778
0,151,101.2,72,9h 37m 11s,0.7595,1,completioncredit_globalkl002_e5,Completion-wide credit + global KL 0.02,221,4.553,9.4e-07,221,0.2082,1455,45.8,2d 5h 42m 48s,164.1,156.7,1,0,0,0,0,0,0.08878,0.06523,0.005606,0,0,0,1,37.7,43.53,1,31.36,0,1,0.01792,0.8958,1,0.9464,0.3186,1,0,0,0
0,151,95.91,72,9h 39m 59s,0.7629,1,completioncredit_globalkl002_e5,Completion-wide credit + global KL 0.02,222,2.931,9.4e-07,222,0.1697,1455,45.8,2d 5h 41m 13s,167.2,156.8,1,0,0,0,0,0,0.1712,0.1581,-0.007879,0.002114,0,0,1,38.87,44.99,1,34.25,0,1,0.01889,0.9444,1,0.9205,0.2611,1,0.02778,-0.01215,0
0,134,95.97,66,9h 42m 43s,0.7663,1,completioncredit_globalkl002_e5,Completion-wide credit + global KL 0.02,223,5.359,9.4e-07,223,0.1362,1455,45.8,2d 5h 39m 19s,164.2,156.8,1,0,0,0,0,0,0.1672,0.1419,0.008144,0,0,0,1,37.41,43.22,1,32.04,0,1,0.01715,0.8576,1,0.8855,0.2844,1,0,0,0
0,124,92.74,72,9h 45m 23s,0.7698,1,completioncredit_globalkl002_e5,Completion-wide credit + global KL 0.02,224,3.776,9.4e-07,224,0.1623,1455,45.8,2d 5h 36m 59s,159.6,156.8,1,0,0,0,0,0,0.1132,0.08814,0.006855,0,0,0,1,36.9,42.57,1,31.25,0,1,0.01819,0.9097,1,0.9617,0.4132,1,0,0,0
0,127,93.28,70,9h 48m 3s,0.7732,1,completioncredit_globalkl002_e5,Completion-wide credit + global KL 0.02,225,3.787,9.4e-07,225,0.2158,1455,45.8,2d 5h 34m 40s,159.8,156.8,1,0,0,0,0,0,0.1009,0.08636,-0.003735,0,0,0,1,36.76,42.42,1,30.43,0,1,0.01833,0.9167,1,0.8913,0.5219,1,0,0,0
0,116,90.97,68,9h 50m 46s,0.7766,1,completioncredit_globalkl002_e5,Completion-wide credit + global KL 0.02,226,3.228,9.4e-07,226,0.1851,1455,45.8,2d 5h 32m 37s,161.2,156.8,1,0,0,0,0,0,0.1487,0.1311,-0.0004313,0,0,0,1,36.32,41.81,1,32.7,0,1,0.01806,0.9028,1,0.9836,0.2018,1,0,0,0
0.006944,160,91.68,63,9h 53m 31s,0.7801,1,completioncredit_globalkl002_e5,Completion-wide credit + global KL 0.02,227,3.646,9.4e-07,227,0.1348,1455,45.8,2d 5h 30m 44s,164.6,156.9,1,0,0,0,0,0,0.2353,0.218,-0.0006046,0,0,0,1,36.61,42.12,1,34.2,0,1,0.01792,0.8958,1,0.8519,0.4542,1,0,0,0
0,143,90.21,72,9h 56m 14s,0.7835,1,completioncredit_globalkl002_e5,Completion-wide credit + global KL 0.02,228,2.99,9.4e-07,228,0.136,1455,45.8,2d 5h 28m 40s,162.8,156.9,1,0,0,0,0,0,0.09422,0.07693,-0.0001676,0,0,0,1,35.44,40.7,1,31.5,0,1,0.0175,0.875,1,0.96,0.3803,1,0,0,0
0,150,91.03,68,9h 59m 4s,0.7869,1,completioncredit_globalkl002_e5,Completion-wide credit + global KL 0.02,229,3.769,9.4e-07,229,0.1642,1455,45.8,2d 5h 27m 13s,169.8,157,1,0,0,0,0,0,0.3209,0.3009,0.002552,0,0,0,1,37.92,43.75,1,32.17,0,1,0.01743,0.8715,1,0.9086,0.2522,1,0,0,0
0,134,89.36,67,10h 1m 44s,0.7904,1,completioncredit_globalkl002_e5,Completion-wide credit + global KL 0.02,230,3.417,9.4e-07,230,0.2014,1455,45.8,2d 5h 24m 53s,159.4,157,1,0,0,0,0,0,0.1925,0.1705,0.002931,0,0,0,1,35.95,41.36,1,33.75,0,1,0.01903,0.9514,1,0.9681,0.3454,1,0,0,0
0,126,87.76,65,10h 4m 23s,0.7938,1,completioncredit_globalkl002_e5,Completion-wide credit + global KL 0.02,231,5.265,9.4e-07,231,0.1498,1455,45.8,2d 5h 22m 28s,159,157,1,0,0,0,0,0,0.182,0.1552,0.008629,0,0,0,1,35.73,41.07,1,30.98,0,1,0.01819,0.9097,1,0.9593,0.4285,1,0,0,0
0,123,87.49,65,10h 7m 1s,0.7973,1,completioncredit_globalkl002_e5,Completion-wide credit + global KL 0.02,232,6.66,9.4e-07,232,0.09736,1455,45.8,2d 5h 19m 56s,157.7,157,1,0,0,0,0,0,0.1166,0.08975,0.008154,0,0,0,1,36.68,42.28,1,31.32,0,1,0.01861,0.9306,1,0.9777,0.3465,1,0,0,0
0,114,85.81,70,10h 9m 41s,0.8007,1,completioncredit_globalkl002_e5,Completion-wide credit + global KL 0.02,233,3.741,9.4e-07,233,0.089,1455,45.8,2d 5h 17m 35s,159.9,157,1,0,0,0,0,0,0.1051,0.09351,-0.00626,0,0,0,1,35.3,40.52,1,33.16,0,1,0.01778,0.8889,1,0.9172,0.683,1,0,0,0
0,154,88.95,65,10h 12m 22s,0.8041,1,completioncredit_globalkl002_e5,Completion-wide credit + global KL 0.02,234,3.021,9.4e-07,234,0.147,1455,45.8,2d 5h 15m 19s,160.8,157,1,0,0,0,0,0,0.1783,0.155,0.00489,0,0,0,1,35.73,41.11,1,32.67,0,1,0.01847,0.9236,1,0.893,0.3546,1,0,0,0
0,148,89.2,64,10h 15m 1s,0.8076,1,completioncredit_globalkl002_e5,Completion-wide credit + global KL 0.02,235,3.649,9.4e-07,235,0.1262,1455,45.8,2d 5h 12m 53s,158.8,157,1,0,0,0,0,0,0.1313,0.1188,-0.004482,-0.001679,0,0,1,38.65,44.7,1,31.98,0,1,0.01861,0.9306,1,0.9348,0.2686,1,0.02778,-0.006944,0
0,146,90.9,63,10h 17m 44s,0.811,1,completioncredit_globalkl002_e5,Completion-wide credit + global KL 0.02,236,3.141,9.4e-07,236,0.1985,1455,45.8,2d 5h 10m 44s,162.3,157,1,0,0,0,0,0,0.2231,0.2042,0.0001438,0,0,0,1,36.83,42.5,1,30.92,0,1,0.01875,0.9375,1,0.9736,0.4247,1,0,0,0
0,148,95.51,69,10h 20m 29s,0.8144,1,completioncredit_globalkl002_e5,Completion-wide credit + global KL 0.02,237,3.445,9.4e-07,237,0.1648,1455,45.8,2d 5h 8m 50s,165.2,157.1,1,0,0,0,0,0,0.3076,0.2918,-0.002859,0,0,0,1,36.46,42.05,1,30.91,0,1,0.01861,0.9306,1,0.9268,0.3755,1,0,0,0
0.006944,160,98.73,75,10h 23m 11s,0.8179,1,completioncredit_globalkl002_e5,Completion-wide credit + global KL 0.02,238,3.74,9.4e-07,238,0.1167,1455,45.8,2d 5h 6m 37s,161.6,157.1,1,0,0,0,0,0,0.1243,0.1046,-0.0001618,0,0,0,1,38.36,44.33,1,31.72,0,1,0.01986,0.9931,1,0.9184,0.4501,1,0,0,0
0.04167,160,106,75,10h 25m 56s,0.8213,1,completioncredit_globalkl002_e5,Completion-wide credit + global KL 0.02,239,4.455,9.3e-07,239,0.154,1455,45.8,2d 5h 4m 42s,165.3,157.1,1,0,0,0,4.566e-05,0,0.2105,0.1878,0.004419,4.566e-05,0,0,1,39.53,45.79,1,33.14,0,1,0.01819,0.9097,1,0.8801,0.1283,1,0.05556,-0.05556,0.05556
0.06944,160,111.8,74,10h 28m 36s,0.8247,1,completioncredit_globalkl002_e5,Completion-wide credit + global KL 0.02,240,3.626,9.3e-07,240,0.1444,1455,45.8,2d 5h 2m 19s,159.6,157.2,1,0,0,0,-0.006113,0,0.1099,0.1037,-0.002512,-0.002579,0,0,1,39.53,45.72,1,31.87,0,1,0.0175,0.875,1,0.904,0.2542,1,0.1389,-0.1267,0.1111
0.05556,160,113.3,67,10h 31m 16s,0.8282,1,completioncredit_globalkl002_e5,Completion-wide credit + global KL 0.02,241,4.352,9.3e-07,241,0.1078,1455,45.8,2d 4h 59m 55s,159.5,157.2,1,0,0,0,0.002265,0,0.07072,0.05112,-0.001148,0.0002874,0,0,1,39.53,45.78,1,31.37,0,1,0.01819,0.9097,1,0.8147,0.3562,1,0.1389,-0.1094,0.08333
0.06944,160,115,80,10h 34m 3s,0.8316,1,completioncredit_globalkl002_e5,Completion-wide credit + global KL 0.02,242,3.828,9.3e-07,242,0.155,1455,45.8,2d 4h 58m 6s,166.1,157.2,1,0,0,0,-0.003626,0,0.1616,0.1535,0.0006716,-0.006321,0,0,1,39.53,45.78,1,32.8,0,1,0.0175,0.875,1,0.9465,0.3074,1,0.08333,-0.06424,0.02778
0.03472,160,113.8,73,10h 36m 46s,0.8351,1,completioncredit_globalkl002_e5,Completion-wide credit + global KL 0.02,243,4.632,9.3e-07,243,0.09262,1455,45.8,2d 4h 55m 57s,162.8,157.2,1,0,0,0,-0.001121,0,0.1284,0.1115,0.0004221,-0.001121,0,0,1,39.53,45.76,1,31.26,0,1,0.01861,0.9306,1,0.9466,0.3528,1,0.02778,-0.02778,0.02778
0.04167,160,114.6,79,10h 39m 28s,0.8385,1,completioncredit_globalkl002_e5,Completion-wide credit + global KL 0.02,244,3.624,9.3e-07,244,0.07682,1455,45.8,2d 4h 53m 43s,161.5,157.2,1,0,0,0,0.002827,0,0.05028,0.02718,-0.003025,0.004377,0,0,1,39.53,45.76,1,31.74,0,1,0.01889,0.9444,1,0.8796,0.4566,1,0.1111,-0.09028,0.05556
0.05556,160,113.2,70,10h 42m 10s,0.8419,1,completioncredit_globalkl002_e5,Completion-wide credit + global KL 0.02,245,3.85,9.3e-07,245,0.1165,1455,45.8,2d 4h 51m 32s,162.3,157.3,1,0,0,0,0.002268,0,0.09325,0.06717,0.002128,0.002268,0,0,1,39.53,45.78,1,32.01,0,1,0.01944,0.9722,1,0.9432,0.3503,1,0.02778,-0.02778,0.02778
0.02083,160,114.4,79,10h 44m 54s,0.8454,1,completioncredit_globalkl002_e5,Completion-wide credit + global KL 0.02,246,4.495,9.3e-07,246,0.177,1455,45.8,2d 4h 49m 26s,163.4,157.3,1,0,0,0,-0.0004856,0,0.1455,0.1212,-0.0008069,0.006401,0,0,1,39.53,45.76,1,32.72,0,1,0.01917,0.9583,1,0.8951,0.2192,1,0.1667,-0.09201,0.05556
0.05556,160,112.7,70,10h 47m 32s,0.8488,1,completioncredit_globalkl002_e5,Completion-wide credit + global KL 0.02,247,4.035,9.3e-07,247,0.0815,1455,45.8,2d 4h 46m 55s,158.4,157.3,1,0,0,0,0.000984,0,0.02624,0.003251,0.002697,-0.0002224,0,0,1,39.53,45.76,1,32.08,0,1,0.01958,0.9792,1,0.7473,0.6845,1,0.08333,-0.05903,0.05556
0.006944,160,104.3,72,10h 50m 16s,0.8522,1,completioncredit_globalkl002_e5,Completion-wide credit + global KL 0.02,248,3.19,9.3e-07,248,0.09346,1455,45.8,2d 4h 44m 49s,163.5,157.3,1,0,0,0,0,0,0.01433,-0.01139,0.00595,0,0,0,1,38.14,44.06,1,31.72,0,1,0.01972,0.9861,1,0.8649,0.6568,1,0,0,0
0,150,101,75,10h 52m 57s,0.8557,1,completioncredit_globalkl002_e5,Completion-wide credit + global KL 0.02,249,4.638,9.3e-07,249,0.07963,1455,45.8,2d 4h 42m 29s,160.7,157.3,1,0,0,0,0,0,0.1143,0.09728,-0.0005565,-0.0024,0,0,1,38.8,44.88,1,31.07,0,1,0.02,1,1,0.911,0.5683,1,0.02778,-0.01042,0
0,159,101.9,78,10h 55m 44s,0.8591,1,completioncredit_globalkl002_e5,Completion-wide credit + global KL 0.02,250,3.762,9.3e-07,250,0.08679,1455,45.8,2d 4h 40m 38s,166.6,157.4,1,0,0,0,0,0,0.1081,0.08408,-0.00143,0.004294,0,0,1,39.45,45.68,1,32.29,0,1,0.02111,1.056,1,0.8404,0.5885,1,0.02778,-0.02604,0
0,130,94.88,70,10h 58m 24s,0.8625,1,completioncredit_globalkl002_e5,Completion-wide credit + global KL 0.02,251,4.175,9.3e-07,251,0.1092,1455,45.8,2d 4h 38m 13s,159.8,157.4,1,0,0,0,0,0,0.1665,0.1421,0.004146,0,0,0,1,37.34,43.1,1,30.84,0,1,0.02028,1.014,1,0.9106,0.4712,1,0,0,0
0,131,92.85,71,11h 1m 6s,0.866,1,completioncredit_globalkl002_e5,Completion-wide credit + global KL 0.02,252,6.221,9.3e-07,252,0.0826,1455,45.8,2d 4h 35m 58s,162,157.4,1,0,0,0,0,0,0.02067,-0.00406,0.002754,0,0,0,1,36.61,42.14,1,32.17,0,1,0.02194,1.097,1,0.9465,0.7239,1,0,0,0
0,126,92.44,73,11h 3m 54s,0.8694,1,completioncredit_globalkl002_e5,Completion-wide credit + global KL 0.02,253,3.941,9.3e-07,253,0.1487,1455,45.8,2d 4h 34m 9s,167.2,157.4,1,0,0,0,0,0,0.05192,0.02476,0.005924,0,0,0,1,36.9,42.53,1,32.17,0,1,0.02125,1.062,1,0.9621,0.4533,1,0,0,0
0,116,89.76,63,11h 6m 34s,0.8729,1,completioncredit_globalkl002_e5,Completion-wide credit + global KL 0.02,254,5.121,9.3e-07,254,0.1241,1455,45.8,2d 4h 31m 45s,160.1,157.5,1,0,0,0,0,0,0.09612,0.08042,-0.005414,0,0,0,1,35.66,41.05,1,30.33,0,1,0.02111,1.056,1,0.9761,0.37,1,0,0,0
0,127,91.25,66,11h 9m 17s,0.8763,1,completioncredit_globalkl002_e5,Completion-wide credit + global KL 0.02,255,2.533,9.3e-07,255,0.1337,1455,45.8,2d 4h 29m 36s,163.4,157.5,1,0,0,0,0,0,0.2489,0.229,-0.002301,0,0,0,1,36.17,41.62,1,32.37,0,1,0.02222,1.111,1,0.9401,0.4498,1,0,0,0
0,135,89.34,72,11h 11m 59s,0.8797,1,completioncredit_globalkl002_e5,Completion-wide credit + global KL 0.02,256,2.482,9.3e-07,256,0.1588,1455,45.8,2d 4h 27m 20s,161.8,157.5,1,0,0,0,0,0,0.01736,-0.003946,0.0005568,0,0,0,1,35.66,41.01,1,31.79,0,1,0.02069,1.035,1,0.9611,0.8413,1,0,0,0
0,142,89.17,70,11h 14m 39s,0.8832,1,completioncredit_globalkl002_e5,Completion-wide credit + global KL 0.02,257,4.8,9.2e-07,257,0.1309,1455,45.8,2d 4h 24m 54s,159.7,157.5,1,0,0,0,0,0,0.1849,0.1599,0.00278,0,0,0,1,35.88,41.22,1,30.75,0,1,0.02222,1.111,1,0.9829,0.1519,1,0,0,0
0,117,87.79,67,11h 17m 25s,0.8866,1,completioncredit_globalkl002_e5,Completion-wide credit + global KL 0.02,258,4.15,9.2e-07,258,0.1729,1455,45.8,2d 4h 22m 54s,165.4,157.5,1,0,0,0,0,0,0.1783,0.1633,-0.006858,0,0,0,1,35.59,40.89,1,32.35,0,1,0.02181,1.09,1,0.8447,0.3454,1,0,0,0
0,133,90.44,64,11h 20m 6s,0.89,1,completioncredit_globalkl002_e5,Completion-wide credit + global KL 0.02,259,2.722,9.2e-07,259,0.1419,1455,45.8,2d 4h 20m 34s,161,157.6,1,0,0,0,0,0,0.3296,0.3162,-0.007754,0,0,0,1,37.56,43.36,1,31.55,0,1,0.02111,1.056,1,0.8704,0.4704,1,0,0,0
0,146,91.65,71,11h 22m 46s,0.8935,1,completioncredit_globalkl002_e5,Completion-wide credit + global KL 0.02,260,3.144,9.2e-07,260,0.1188,1455,45.8,2d 4h 18m 7s,159.6,157.6,1,0,0,0,0,0,0.09103,0.07039,-0.0004729,0,0,0,1,36.68,42.28,1,30.83,0,1,0.02111,1.056,1,0.8779,0.4804,1,0,0,0
0,140,93.97,72,11h 25m 34s,0.8969,1,completioncredit_globalkl002_e5,Completion-wide credit + global KL 0.02,261,2.199,9.2e-07,261,0.1234,1455,45.8,2d 4h 16m 17s,167.8,157.6,1,0,0,0,0,0,0.157,0.1388,-0.002649,0,0,0,1,36.1,41.56,1,31.68,0,1,0.02083,1.042,1,0.9717,0.525,1,0,0,0
0,158,95.8,68,11h 28m 20s,0.9003,1,completioncredit_globalkl002_e5,Completion-wide credit + global KL 0.02,262,3.518,9.2e-07,262,0.1422,1455,45.8,2d 4h 14m 18s,165.5,157.6,1,0,0,0,0,0,0.1567,0.1343,0.0009139,0,0,0,1,37.27,42.94,1,32.06,0,1,0.02153,1.076,1,0.7968,0.2689,1,0,0,0
0.006944,160,100.9,76,11h 31m 15s,0.9038,1,completioncredit_globalkl002_e5,Completion-wide credit + global KL 0.02,263,3.894,9.2e-07,263,0.06336,1455,45.8,2d 4h 12m 56s,174.1,157.7,1,0,0,0,0,0,0.02645,0.004799,0.001391,0,0,0,1,38.21,44.15,1,32.54,0,1,0.02028,1.014,1,0.9173,0.6329,1,0,0,0
0,133,99.02,74,11h 34m 1s,0.9072,1,completioncredit_globalkl002_e5,Completion-wide credit + global KL 0.02,264,3.337,9.2e-07,264,0.2281,1455,45.8,2d 4h 10m 57s,165.9,157.7,1,0,0,0,0,0,0.1767,0.1556,-0.0008389,0,0,0,1,37.05,42.71,1,33.94,0,1,0.02194,1.097,1,0.9499,0.4871,1,0,0,0
0.006944,160,103.4,71,11h 36m 48s,0.9107,1,completioncredit_globalkl002_e5,Completion-wide credit + global KL 0.02,265,3.786,9.2e-07,265,0.1497,1455,45.8,2d 4h 9m 4s,167.5,157.8,1,0,0,0,0.004599,0,0.06455,0.03565,-0.001172,0.004599,0,0,1,39.53,45.76,1,33.59,0,1,0.02083,1.042,1,0.8318,0.4898,1,0.02778,-0.02778,0.02778
0.006944,160,103.9,71,11h 39m 37s,0.9141,1,completioncredit_globalkl002_e5,Completion-wide credit + global KL 0.02,266,3.964,9.2e-07,266,0.07047,1455,45.8,2d 4h 7m 14s,168.2,157.8,1,0,0,0,0,0,0.01442,-0.009519,0.003183,0,0,0,1,37.85,43.67,1,31.71,0,1,0.02069,1.035,1,0.8776,0.7287,1,0,0,0
0.02083,160,105.6,63,11h 42m 23s,0.9175,1,completioncredit_globalkl002_e5,Completion-wide credit + global KL 0.02,267,3.469,9.2e-07,267,0.05451,1455,45.8,2d 4h 5m 15s,166.3,157.8,1,0,0,0,0,0,0.07905,0.06629,-0.007434,-0.0005621,0,0,1,39.53,45.72,1,31.6,0,1,0.02069,1.035,1,0.9627,0.4975,1,0.02778,-0.02778,0.02778
0.06944,160,114.4,77,11h 45m 2s,0.921,1,completioncredit_globalkl002_e5,Completion-wide credit + global KL 0.02,268,6.017,9.2e-07,268,0.1173,1455,45.8,2d 4h 2m 38s,157.9,157.8,1,0,0,0,0.009079,0,0.209,0.1711,-0.001146,0.009479,0,0,1,39.53,45.76,1,31.58,0,1,0.02056,1.028,1,0.8678,0.2439,1,0.1389,-0.08681,0.08333
0.04167,160,109.4,75,11h 47m 42s,0.9244,1,completioncredit_globalkl002_e5,Completion-wide credit + global KL 0.02,269,4.109,9.2e-07,269,0.06396,1455,45.8,2d 4h 0m 11s,160,157.9,1,0,0,0,0.003795,0,0.07911,0.05259,-0.006618,0.008343,0,0,1,39.53,45.72,1,31.13,0,1,0.02097,1.049,1,0.8927,0.3415,1,0.08333,-0.06076,0.05556
0.08333,160,111.8,77,11h 50m 20s,0.9278,1,completioncredit_globalkl002_e5,Completion-wide credit + global KL 0.02,270,3.719,9.2e-07,270,0.07998,1455,45.8,2d 3h 57m 33s,157.5,157.9,1,0,0,0,0.01399,0,0.1541,0.1086,-0.002618,0.01402,0,0,1,39.53,45.72,1,31.4,0,1,0.02014,1.007,1,0.8102,0.4957,1,0.1667,-0.1233,0.1111
0.03472,160,108.1,80,11h 53m 4s,0.9313,1,completioncredit_globalkl002_e5,Completion-wide credit + global KL 0.02,271,4.447,9.2e-07,271,0.06025,1455,45.8,2d 3h 55m 25s,164.6,157.9,1,0,0,0,0.006125,0,0.07659,0.05182,-0.006394,0.006125,0,0,1,39.53,45.72,1,33.11,0,1,0.01889,0.9444,1,0.927,0.354,1,0.05556,-0.05556,0.05556
0.006944,160,104.6,79,11h 55m 45s,0.9347,1,completioncredit_globalkl002_e5,Completion-wide credit + global KL 0.02,272,3.504,9.2e-07,272,0.0275,1455,45.8,2d 3h 53m 1s,160.8,157.9,1,0,0,0,0.003441,0,0.02282,-0.0009527,-0.003371,0.003441,0,0,1,39.53,45.74,1,31.46,0,1,0.02028,1.014,1,0.8461,0.4981,1,0.02778,-0.02778,0.02778
0,139,102.4,74,11h 58m 31s,0.9381,1,completioncredit_globalkl002_e5,Completion-wide credit + global KL 0.02,273,3.51,9.2e-07,273,0.06329,1455,45.8,2d 3h 50m 55s,165.1,157.9,1,0,0,0,0,0,0.1007,0.08798,-0.007701,0,0,0,1,37.05,42.67,1,31.59,0,1,0.02042,1.021,1,0.8815,0.1921,1,0,0,0
0,140,96.77,75,12h 1m 16s,0.9416,1,completioncredit_globalkl002_e5,Completion-wide credit + global KL 0.02,274,3.604,9.2e-07,274,0.02583,1455,45.8,2d 3h 48m 48s,164.8,157.9,1,0,0,0,0,0,0.0252,0.002119,0.00208,0,0,0,1,36.61,42.12,1,32.81,0,1,0.02097,1.049,1,0.9599,0.2369,1,0,0,0
0,144,99.17,76,12h 4m 5s,0.945,1,completioncredit_globalkl002_e5,Completion-wide credit + global KL 0.02,275,5.285,9.1e-07,275,0.03692,1455,45.8,2d 3h 46m 59s,169.1,158,1,0,0,0,0,0,0.04419,0.01814,0.005907,0,0,0,1,38.36,44.31,1,31.62,0,1,0.02014,1.007,1,0.9655,0.536,1,0,0,0
0,146,97.08,74,12h 6m 51s,0.9485,1,completioncredit_globalkl002_e5,Completion-wide credit + global KL 0.02,276,3.573,9.1e-07,276,0.0577,1455,45.8,2d 3h 44m 53s,165.4,158,1,0,0,0,0,0,0.05673,0.03739,-0.0001927,0,0,0,1,38,43.9,1,31.42,0,1,0.01958,0.9792,1,0.9191,0.5252,1,0,0,0
0,121,93.73,74,12h 9m 36s,0.9519,1,completioncredit_globalkl002_e5,Completion-wide credit + global KL 0.02,277,4.309,9.1e-07,277,0.03837,1455,45.8,2d 3h 42m 46s,164.9,158,1,0,0,0,0,0,0.04988,0.03067,-0.002154,0,0,0,1,36.68,42.28,1,32.73,0,1,0.02139,1.069,1,0.8673,0.5708,1,0,0,0
0,147,95.69,65,12h 12m 20s,0.9553,1,completioncredit_globalkl002_e5,Completion-wide credit + global KL 0.02,278,3.242,9.1e-07,278,0.04687,1455,45.8,2d 3h 40m 33s,163.8,158.1,1,0,0,0,0,0,0.07065,0.05132,-0.001673,0,0,0,1,37.05,42.73,1,31.46,0,1,0.02097,1.049,1,0.8088,0.5639,1,0,0,0
0,140,93.76,73,12h 15m 7s,0.9588,1,completioncredit_globalkl002_e5,Completion-wide credit + global KL 0.02,279,2.478,9.1e-07,279,0.1164,1455,45.8,2d 3h 38m 32s,166.7,158.1,1,0,0,0,0,0,0.1575,0.1444,-0.007566,0,0,0,1,37.92,43.8,1,31.6,0,1,0.02069,1.035,1,0.8578,0.5889,1,0,0,0
0,126,93.87,74,12h 17m 46s,0.9622,1,completioncredit_globalkl002_e5,Completion-wide credit + global KL 0.02,280,2.879,9.1e-07,280,0.0867,1455,45.8,2d 3h 35m 58s,158.7,158.1,1,0,0,0,0,0,0.1186,0.1035,-0.006853,0,0,0,1,36.1,41.58,1,30.09,0,1,0.02194,1.097,1,0.9104,0.3625,1,0,0,0
0,124,93.35,74,12h 20m 25s,0.9656,1,completioncredit_globalkl002_e5,Completion-wide credit + global KL 0.02,281,3.765,9.1e-07,281,0.05063,1455,45.8,2d 3h 33m 24s,159,158.1,1,0,0,0,0,0,0.06918,0.06164,-0.0137,0,0,0,1,36.76,42.36,1,30.92,0,1,0.02125,1.062,1,0.8702,0.6146,1,0,0,0
0,124,95.35,69,12h 23m 11s,0.9691,1,completioncredit_globalkl002_e5,Completion-wide credit + global KL 0.02,282,2.935,9.1e-07,282,0.04035,1455,45.8,2d 3h 31m 20s,166,158.1,1,0,0,0,0,0,0.04291,0.01576,0.004943,0,0,0,1,36.03,41.48,1,31.01,0,1,0.02222,1.111,1,0.8754,0.7429,1,0,0,0
0,141,97.95,78,12h 25m 58s,0.9725,1,completioncredit_globalkl002_e5,Completion-wide credit + global KL 0.02,283,3.949,9.1e-07,283,0.04595,1455,45.8,2d 3h 29m 20s,167.2,158.2,1,0,0,0,0,0,0.01127,-0.005123,-0.004971,0,0,0,1,36.9,42.54,1,32.93,0,1,0.02139,1.069,1,0.8826,0.5962,1,0,0,0
0,153,100,72,12h 28m 47s,0.9759,1,completioncredit_globalkl002_e5,Completion-wide credit + global KL 0.02,284,2.701,9.1e-07,284,0.1551,1455,45.8,2d 3h 27m 25s,168.2,158.2,1,0,0,0,0,0,0.03251,0.01029,-0.001212,0,0,0,1,38.29,44.25,1,34.64,0,1,0.02347,1.174,1,0.9673,0.4312,1,0,0,0
0.006944,160,102.6,75,12h 31m 29s,0.9794,1,completioncredit_globalkl002_e5,Completion-wide credit + global KL 0.02,285,3.912,9.1e-07,285,0.04741,1455,45.8,2d 3h 25m 4s,162.3,158.2,1,0,0,0,0,0,0.01138,-0.002068,-0.008276,0,0,0,1,37.05,42.73,1,29.35,0,1,0.02167,1.083,1,0.9591,0.4703,1,0,0,0
0.03472,160,106.3,80,12h 34m 11s,0.9828,1,completioncredit_globalkl002_e5,Completion-wide credit + global KL 0.02,286,4.22,9.1e-07,286,0.08368,1455,45.8,2d 3h 22m 38s,161,158.2,1,0,0,0,0.01398,0,0.0693,0.02423,-0.005844,0.01398,0,0,1,39.53,45.79,1,32.16,0,1,0.02306,1.153,1,0.8642,0.2495,1,0.08333,-0.08333,0.08333
0,150,107.3,78,12h 36m 57s,0.9863,1,completioncredit_globalkl002_e5,Completion-wide credit + global KL 0.02,287,2.691,9.1e-07,287,0.162,1455,45.8,2d 3h 20m 33s,166.2,158.2,1,0,0,0,0,0,0.2197,0.1994,-0.002178,0,0,0,1,38.29,44.27,1,32.7,0,1,0.0225,1.125,1,0.9635,0.6094,1,0,0,0
0.03472,160,107.9,77,12h 39m 39s,0.9897,1,completioncredit_globalkl002_e5,Completion-wide credit + global KL 0.02,288,3.607,9.1e-07,288,0.1022,1455,45.8,2d 3h 18m 8s,161.2,158.3,1,0,0,0,0.004237,0,0.08264,0.06067,-0.01061,0.004176,0,0,1,39.53,45.72,1,31.37,0,1,0.02417,1.208,1,0.9111,0.5711,1,0.08333,-0.05729,0.05556
0.006944,160,110.3,81,12h 42m 22s,0.9931,1,completioncredit_globalkl002_e5,Completion-wide credit + global KL 0.02,289,3.405,9.1e-07,289,0.06988,1455,45.8,2d 3h 15m 52s,163.6,158.3,1,0,0,0,0,0,0.05488,0.03258,-0.001039,-0.001566,0,0,1,38.73,44.74,1,31.26,0,1,0.025,1.25,1,0.9232,0.6562,1,0.02778,-0.008681,0
0.006944,160,112.8,82,12h 45m 15s,0.9966,1,completioncredit_globalkl002_e5,Completion-wide credit + global KL 0.02,290,3.424,9.1e-07,290,0.08208,1455,45.8,2d 3h 14m 12s,172.6,158.3,1,0,0,0,0,0,0.07191,0.05198,-0.002708,-0.001164,0,0,1,39.24,45.38,1,34.83,0,1,0.02375,1.188,1,0.9754,0.3783,1,0.05556,-0.03125,0
0.006944,160,108.9,81,12h 48m 3s,1,1,completioncredit_globalkl002_e5,Completion-wide credit + global KL 0.02,291,3.642,9e-07,291,0.126,1455,45.8,2d 3h 12m 12s,167.3,158.4,1,0,0,0,0,0,0.1615,0.1335,0.003227,0,0,0,1,38.07,43.92,1,32.58,0,1,0.02472,1.236,1,0.9757,0.5663,1,0,0,0
0,150,104.8,80,3m 30s,1.003,2,completioncredit_globalkl002_e5,Completion-wide credit + global KL 0.02,292,3.08,9e-07,1,0.07837,1455,43.21,2d 19h 49m 13s,209.7,209.9,1,0,0,0,0,0,0.06198,0.03562,0.002924,0,0,0,1,37.47,43.21,1,36.58,0,1,0.02347,1.174,1,0.9479,0.4554,1,0,0,0
0.006944,160,106.2,85,6m 24s,1.007,2,completioncredit_globalkl002_e5,Completion-wide credit + global KL 0.02,293,3.351,9e-07,2,0.08616,1455,43.21,2d 13h 56m 58s,172.2,191.9,1,0,0,0,0,0,0.08675,0.06659,-0.00376,0,0,0,1,37.19,42.9,1,37.48,0,1,0.02403,1.201,1,0.9315,0.3724,1,0,0,0
0,148,105.5,84,9m 14s,1.01,2,completioncredit_globalkl002_e5,Completion-wide credit + global KL 0.02,294,2.712,9e-07,3,0.04862,1455,43.21,2d 11h 35m 3s,170.2,184.8,1,0,0,0,0,0,0.0235,-0.005119,0.004939,0,0,0,1,36.9,42.53,1,37.8,0,1,0.02361,1.181,1,0.8717,0.3953,1,0,0,0
0,148,105.5,76,12m 2s,1.014,2,completioncredit_globalkl002_e5,Completion-wide credit + global KL 0.02,295,3.617,9e-07,4,0.09009,1455,43.21,2d 10h 11m 23s,167.9,180.6,1,0,0,0,0,0,0.07927,0.05603,-0.0009257,0,0,0,1,37.41,43.16,1,34.32,0,1,0.02417,1.208,1,0.7867,0.5667,1,0,0,0
0,145,106.1,77,14m 51s,1.017,2,completioncredit_globalkl002_e5,Completion-wide credit + global KL 0.02,296,3.848,9e-07,5,0.061,1455,44.43,2d 9h 20m 25s,168,178.1,1,0,0,0,0,0,0.03062,0.001177,0.004613,0.0001735,0,0,1,38.43,44.43,1,36.17,0,1,0.02458,1.229,1,0.8451,0.6077,1,0.02778,-0.001736,0
0,148,106.5,73,17m 40s,1.021,2,completioncredit_globalkl002_e5,Completion-wide credit + global KL 0.02,297,3.311,9e-07,6,0.05839,1455,44.43,2d 8h 49m 25s,169.2,176.7,1,0,0,0,0,0,0.07367,0.04464,0.003767,0,0,0,1,37.56,43.33,1,35.43,0,1,0.02528,1.264,1,0.8251,0.3332,1,0,0,0
0.006944,160,106.2,84,20m 29s,1.024,2,completioncredit_globalkl002_e5,Completion-wide credit + global KL 0.02,298,3.121,9e-07,7,0.08445,1455,45.76,2d 8h 26m 40s,169.2,175.6,1,0,0,0,0.001102,0,0.02222,-0.00359,-0.0003256,0.001102,0,0,1,39.53,45.76,1,37.74,0,1,0.02403,1.201,1,0.7052,0.5997,1,0.02778,-0.02778,0.02778
0,154,105.6,76,23m 17s,1.027,2,completioncredit_globalkl002_e5,Completion-wide credit + global KL 0.02,299,5.224,9e-07,8,0.06684,1455,45.76,2d 8h 3m 59s,167.2,174.6,1,0,0,0,0,0,0.05679,0.03348,-0.00049,0,0,0,1,37.27,42.98,1,34.86,0,1,0.02375,1.188,1,0.8238,0.4665,1,0,0,0
0.006944,160,107.4,82,26m 3s,1.031,2,completioncredit_globalkl002_e5,Completion-wide credit + global KL 0.02,300,4.396,9e-07,9,0.09442,1455,45.76,2d 7h 44m 5s,166.4,173.7,1,0,0,0,0,0,0.1296,0.09272,0.01206,0,0,0,1,38,43.84,1,34.5,0,1,0.02472,1.236,1,0.9066,0.4369,1,0,0,0
0.006944,160,109.1,80,28m 50s,1.034,2,completioncredit_globalkl002_e5,Completion-wide credit + global KL 0.02,301,3.968,9e-07,10,0.07839,1455,45.76,2d 7h 27m 14s,166.2,173,1,0,0,0,0,0,0.09601,0.08119,-0.00493,-0.003443,0,0,1,38.58,44.61,1,34.19,0,1,0.02319,1.16,1,0.9665,0.2491,1,0.02778,-0.005208,0
0.01389,160,109.6,72,31m 39s,1.038,2,completioncredit_globalkl002_e5,Completion-wide credit + global KL 0.02,302,3.18,9e-07,11,0.04874,1455,45.76,2d 7h 17m 28s,168.8,172.6,1,0,0,0,0,0,0.06046,0.035,0.0002191,0.0009542,0,0,1,38.58,44.6,1,35.71,0,1,0.02431,1.215,1,0.8868,0.5799,1,0.02778,-0.005208,0
0,146,109.8,78,34m 23s,1.041,2,completioncredit_globalkl002_e5,Completion-wide credit + global KL 0.02,303,3.041,9e-07,12,0.07437,1455,45.76,2d 7h 0m 22s,163.5,171.9,1,0,0,0,0,0,0.02226,-0.00771,0.006654,0,0,0,1,38.07,43.94,1,33.2,0,1,0.02333,1.167,1,0.9742,0.4993,1,0,0,0
0.006944,160,108.2,86,37m 8s,1.045,2,completioncredit_globalkl002_e5,Completion-wide credit + global KL 0.02,304,3.169,9e-07,13,0.06077,1455,45.76,2d 6h 48m 22s,165.5,171.4,1,0,0,0,0,0,0.05181,0.02341,0.003887,-0.0002694,0,0,1,38.65,44.68,1,35.86,0,1,0.02472,1.236,1,0.9671,0.3543,1,0.02778,-0.006944,0
0.006944,160,104.4,77,39m 58s,1.048,2,completioncredit_globalkl002_e5,Completion-wide credit + global KL 0.02,305,2.737,9e-07,14,0.05338,1455,45.76,2d 6h 42m 19s,168.9,171.3,1,0,0,0,0,0,0.01802,0.0002136,-0.006609,0,0,0,1,37.05,42.73,1,35.72,0,1,0.02444,1.222,1,0.8187,0.5868,1,0,0,0
0,155,103.2,79,42m 47s,1.052,2,completioncredit_globalkl002_e5,Completion-wide credit + global KL 0.02,306,2.585,8.9e-07,15,0.06145,1455,45.76,2d 6h 37m 48s,169.7,171.2,1,0,0,0,0,0,0.1039,0.07909,0.001556,-0.0009388,0,0,1,39.16,45.31,1,35.2,0,1,0.02417,1.208,1,0.8259,0.4856,1,0.02778,-0.0191,0
0,147,102.4,77,45m 42s,1.055,2,completioncredit_globalkl002_e5,Completion-wide credit + global KL 0.02,307,3.381,8.9e-07,16,0.0458,1455,45.76,2d 6h 39m 15s,174.5,171.4,1,0,0,0,0,0,0.05646,0.02811,0.002955,0,0,0,1,37.85,43.71,1,36.52,0,1,0.02542,1.271,1,0.9533,0.4954,1,0,0,0
0.006944,160,103.1,81,48m 28s,1.058,2,completioncredit_globalkl002_e5,Completion-wide credit + global KL 0.02,308,3.139,8.9e-07,17,0.04792,1455,45.76,2d 6h 29m 43s,165.2,171,1,0,0,0,0,0,0.03377,0.01547,-0.006603,0,0,0,1,36.83,42.46,1,36.43,0,1,0.025,1.25,1,0.9151,0.4132,1,0,0,0
0,142,98.76,72,51m 15s,1.062,2,completioncredit_globalkl002_e5,Completion-wide credit + global KL 0.02,309,3.424,8.9e-07,18,0.02895,1455,45.76,2d 6h 22m 37s,166.8,170.8,1,0,0,0,0,0,0.01786,-0.003975,-0.002582,0,0,0,1,37.85,43.73,1,36.21,0,1,0.02444,1.222,1,0.9335,0.4311,1,0,0,0
0,135,99.19,76,54m 1s,1.065,2,completioncredit_globalkl002_e5,Completion-wide credit + global KL 0.02,310,3.091,8.9e-07,19,0.03005,1455,45.76,2d 6h 15m 40s,166.5,170.6,1,0,0,0,0,0,0.02699,0.008451,-0.005752,0,0,0,1,36.39,41.91,1,34.89,0,1,0.02431,1.215,1,0.8999,0.646,1,0,0,0
0,134,94.6,70,56m 51s,1.069,2,completioncredit_globalkl002_e5,Completion-wide credit + global KL 0.02,311,2.776,8.9e-07,20,0.03928,1455,45.76,2d 6h 11m 31s,169,170.5,1,0,0,0,0,0,0.04005,0.007613,0.007295,0,0,0,1,36.46,42.03,1,35.27,0,1,0.02514,1.257,1,0.9678,0.5117,1,0,0,0
0,127,95.01,75,59m 35s,1.072,2,completioncredit_globalkl002_e5,Completion-wide credit + global KL 0.02,312,3.304,8.9e-07,21,0.03044,1455,45.76,2d 6h 3m 21s,164.4,170.3,1,0,0,0,0,0,0.0228,-0.003183,0.001083,0,0,0,1,37.12,42.83,1,34.28,0,1,0.02486,1.243,1,0.9673,0.4499,1,0,0,0
0,139,95.79,76,1h 2m 26s,1.076,2,completioncredit_globalkl002_e5,Completion-wide credit + global KL 0.02,313,3.093,8.9e-07,22,0.0257,1455,45.76,2d 6h 1m 9s,170.7,170.3,1,0,0,0,0,0,0.02653,-0.002018,0.003886,0,0,0,1,36.54,42.12,1,35.71,0,1,0.02458,1.229,1,0.9558,0.2797,1,0,0,0
0,119,92.35,77,1h 5m 9s,1.079,2,completioncredit_globalkl002_e5,Completion-wide credit + global KL 0.02,314,2.535,8.9e-07,23,0.04786,1455,45.76,2d 5h 51m 48s,162.2,169.9,1,0,0,0,0,0,0.03916,0.01308,0.002277,0,0,0,1,36.03,41.48,1,33.87,0,1,0.02375,1.188,1,0.9078,0.424,1,0,0,0
0,120,93.24,76,1h 7m 59s,1.082,2,completioncredit_globalkl002_e5,Completion-wide credit + global KL 0.02,315,3.649,8.9e-07,24,0.02724,1455,45.76,2d 5h 49m 3s,169.4,170,1,0,0,0,0,0,0.01764,-0.001769,-0.005371,0,0,0,1,36.39,41.91,1,34.12,0,1,0.02472,1.236,1,0.8803,0.5448,1,0,0,0
0,126,93.07,73,1h 10m 44s,1.086,2,completioncredit_globalkl002_e5,Completion-wide credit + global KL 0.02,316,2.659,8.9e-07,25,0.0347,1455,45.76,2d 5h 42m 21s,164.6,169.7,1,0,0,0,0,0,0.02863,0.001928,0.002415,0,0,0,1,36.54,42.08,1,34.58,0,1,0.02431,1.215,1,0.9081,0.6221,1,0,0,0
0,128,95.6,72,1h 13m 31s,1.089,2,completioncredit_globalkl002_e5,Completion-wide credit + global KL 0.02,317,3.654,8.9e-07,26,0.02916,1455,45.76,2d 5h 37m 52s,167.3,169.7,1,0,0,0,0,0,0.02262,-0.001531,0.0002287,0,0,0,1,35.81,41.17,1,35.88,0,1,0.02403,1.201,1,0.9223,0.4925,1,0,0,0
0.006944,160,98.47,77,1h 16m 16s,1.093,2,completioncredit_globalkl002_e5,Completion-wide credit + global KL 0.02,318,2.633,8.9e-07,27,0.03097,1455,45.76,2d 5h 31m 57s,165,169.5,1,0,0,0,0,0,0.02843,0.009014,-0.0039,0,0,0,1,36.9,42.55,1,34.13,0,1,0.02333,1.167,1,0.9708,0.2427,1,0,0,0
0,153,99.56,73,1h 19m 5s,1.096,2,completioncredit_globalkl002_e5,Completion-wide credit + global KL 0.02,319,3.027,8.9e-07,28,0.02596,1455,45.76,2d 5h 28m 12s,167.9,169.4,1,0,0,0,0,0,0.02083,-0.0009142,-0.001443,-0.0009795,0,0,1,39.02,45.13,1,33.76,0,1,0.02417,1.208,1,0.7969,0.5904,1,0.02778,-0.01562,0
0,141,100.4,74,1h 21m 52s,1.1,2,completioncredit_globalkl002_e5,Completion-wide credit + global KL 0.02,320,2.893,8.9e-07,29,0.03196,1455,45.76,2d 5h 23m 48s,166.8,169.4,1,0,0,0,0,0,0.03123,0.004531,0.003257,0,0,0,1,37.48,43.26,1,34.33,0,1,0.02347,1.174,1,0.9103,0.3004,1,0,0,0
0,133,98.79,75,1h 24m 36s,1.103,2,completioncredit_globalkl002_e5,Completion-wide credit + global KL 0.02,321,2.653,8.8e-07,30,0.02962,1455,45.76,2d 5h 17m 40s,163.9,169.2,1,0,0,0,0,0,0.02677,0.001023,0.002309,0,0,0,1,36.61,42.18,1,34.54,0,1,0.02347,1.174,1,0.8918,0.5736,1,0,0,0
0,146,100.7,74,1h 27m 21s,1.107,2,completioncredit_globalkl002_e5,Completion-wide credit + global KL 0.02,322,2.825,8.8e-07,31,0.02401,1455,45.76,2d 5h 12m 32s,165.2,169.1,1,0,0,0,0,0,0.01923,-0.002477,-0.002217,0,0,0,1,36.24,41.73,1,34.07,0,1,0.02389,1.194,1,0.948,0.4696,1,0,0,0
0.006944,160,101.9,76,1h 30m 10s,1.11,2,completioncredit_globalkl002_e5,Completion-wide credit + global KL 0.02,323,3.139,8.8e-07,32,0.02832,1455,45.76,2d 5h 9m 49s,169,169.1,1,0,0,0,0,0,0.02399,0.004203,-0.003403,0,0,0,1,37.34,43.08,1,34.87,0,1,0.02319,1.16,1,0.977,0.6338,1,0,0,0
0,137,101.8,76,1h 33m 1s,1.113,2,completioncredit_globalkl002_e5,Completion-wide credit + global KL 0.02,324,2.949,8.8e-07,33,0.02599,1455,45.76,2d 5h 7m 47s,169.7,169.1,1,0,0,0,0,0,0.01477,-0.004446,-0.004705,0,0,0,1,37.85,43.67,1,34.19,0,1,0.02389,1.194,1,0.9827,0.531,1,0,0,0
0,143,103.2,79,1h 35m 48s,1.117,2,completioncredit_globalkl002_e5,Completion-wide credit + global KL 0.02,325,2.726,8.8e-07,34,0.02377,1455,45.76,2d 5h 3m 46s,166.7,169,1,0,0,0,0,0,0.02102,-0.001148,-0.0001727,0,0,0,1,37.12,42.77,1,33.3,0,1,0.02236,1.118,1,0.9528,0.532,1,0,0,0
0.006944,160,103.3,78,1h 38m 32s,1.12,2,completioncredit_globalkl002_e5,Completion-wide credit + global KL 0.02,326,4.565,8.8e-07,35,0.02222,1455,45.78,2d 4h 58m 35s,164.4,168.9,1,0,0,0,-0.00177,0,0.02015,0.005791,-0.006025,-0.00177,0,0,1,39.53,45.78,1,34.15,0,1,0.02403,1.201,1,0.9093,0.3934,1,0.02778,-0.02778,0.02778
0,140,103.8,81,1h 41m 15s,1.124,2,completioncredit_globalkl002_e5,Completion-wide credit + global KL 0.02,327,2.779,8.8e-07,36,0.02287,1455,45.78,2d 4h 52m 45s,162.9,168.8,1,0,0,0,0,0,0.02192,-0.001597,0.0001962,0,0,0,1,37.05,42.67,1,33.92,0,1,0.02333,1.167,1,0.9433,0.6368,1,0,0,0
0,133,103.1,80,1h 44m 4s,1.127,2,completioncredit_globalkl002_e5,Completion-wide credit + global KL 0.02,328,2.28,8.8e-07,37,0.02169,1455,45.78,2d 4h 49m 55s,168.5,168.8,1,0,0,0,0,0,0.0235,0.0009613,-0.0007786,0,0,0,1,37.27,42.98,1,35.04,0,1,0.02333,1.167,1,0.9853,0.2777,1,0,0,0
0.006944,160,106.7,78,1h 46m 53s,1.131,2,completioncredit_globalkl002_e5,Completion-wide credit + global KL 0.02,329,5.274,8.8e-07,38,0.02879,1455,45.78,2d 4h 47m 20s,169,168.8,1,0,0,0,-0.0006922,0,0.03031,-0.002837,0.009875,-0.0006922,0,0,1,39.53,45.78,1,35.96,0,1,0.02458,1.229,1,0.9145,0.5268,1,0.02778,-0.02778,0.02778
0,133,105.6,79,1h 49m 40s,1.134,2,completioncredit_globalkl002_e5,Completion-wide credit + global KL 0.02,330,3.19,8.8e-07,39,0.04362,1455,45.78,2d 4h 43m 17s,166,168.7,1,0,0,0,0,0,0.08525,0.06297,-0.0006627,0,0,0,1,37.34,43.14,1,34.36,0,1,0.02306,1.153,1,0.9113,0.6169,1,0,0,0
0,141,108.7,81,1h 52m 27s,1.137,2,completioncredit_globalkl002_e5,Completion-wide credit + global KL 0.02,331,2.678,8.8e-07,40,0.03313,1455,45.78,2d 4h 39m 45s,166.9,168.7,1,0,0,0,0,0,0.03031,-0.0009167,0.007546,0,0,0,1,37.41,43.2,1,33.83,0,1,0.02361,1.181,1,0.9044,0.6251,1,0,0,0
0,147,111,86,1h 55m 14s,1.141,2,completioncredit_globalkl002_e5,Completion-wide credit + global KL 0.02,332,3.363,8.8e-07,41,0.02881,1455,45.78,2d 4h 36m 5s,166.6,168.6,1,0,0,0,0,0,0.01575,-0.001198,-0.006491,0,0,0,1,38,43.88,1,33.84,0,1,0.02347,1.174,1,0.9439,0.4198,1,0,0,0
0,145,110.6,83,1h 58m 3s,1.144,2,completioncredit_globalkl002_e5,Completion-wide credit + global KL 0.02,333,3.017,8.8e-07,42,0.02147,1455,45.78,2d 4h 33m 40s,169.3,168.6,1,0,0,0,0,0,0.02837,0.005124,-6.845e-05,0,0,0,1,38.36,44.27,1,34.05,0,1,0.02333,1.167,1,0.9446,0.4521,1,0,0,0
0,145,111.9,74,2h 0m 48s,1.148,2,completioncredit_globalkl002_e5,Completion-wide credit + global KL 0.02,334,2.763,8.8e-07,43,0.02789,1455,45.78,2d 4h 29m 7s,164.4,168.6,1,0,0,0,0,0,0.03003,0.00264,0.004077,0,0,0,1,37.92,43.78,1,34.07,0,1,0.02333,1.167,1,0.919,0.5009,1,0,0,0
0.006944,160,116.9,85,2h 3m 35s,1.151,2,completioncredit_globalkl002_e5,Completion-wide credit + global KL 0.02,335,2.319,8.7e-07,44,0.04329,1455,45.78,2d 4h 25m 33s,166.6,168.5,1,0,0,0,0.003258,0,0.05295,0.0169,0.005243,0.003258,0,0,1,39.53,45.76,1,35.33,0,1,0.02431,1.215,1,0.9623,0.4487,1,0.02778,-0.02778,0.02778
0.02778,160,121.2,89,2h 6m 27s,1.155,2,completioncredit_globalkl002_e5,Completion-wide credit + global KL 0.02,336,4.135,8.7e-07,45,0.03506,1455,45.78,2d 4h 24m 21s,172.2,168.6,1,0,0,0,0,0,0.04635,0.02471,-0.00237,0.0001992,0,0,1,39.09,45.17,1,39.66,0,1,0.02375,1.188,1,0.8761,0.6177,1,0.1111,-0.03125,0
0.08333,160,126.6,86,2h 9m 9s,1.158,2,completioncredit_globalkl002_e5,Completion-wide credit + global KL 0.02,337,5.541,8.7e-07,46,0.03508,1455,45.78,2d 4h 18m 59s,162,168.5,1,0,0,0,0.000666,0,0.02124,0.000894,-0.005765,0.002736,0,0,1,39.53,45.76,1,36.77,0,1,0.02264,1.132,1,0.9066,0.2295,1,0.1111,-0.08507,0.05556
0.08333,160,126.5,85,2h 11m 54s,1.162,2,completioncredit_globalkl002_e5,Completion-wide credit + global KL 0.02,338,3.857,8.7e-07,47,0.0248,1455,45.78,2d 4h 14m 48s,164.8,168.4,1,0,0,0,0.005173,0,0.03038,-0.002378,-0.001392,0.005173,0,0,1,39.53,45.72,1,35.62,0,1,0.02375,1.188,1,0.8425,0.3732,1,0.1111,-0.1111,0.1111
0.03472,160,122.3,91,2h 14m 38s,1.165,2,completioncredit_globalkl002_e5,Completion-wide credit + global KL 0.02,339,4.656,8.7e-07,48,0.0431,1455,45.78,2d 4h 10m 7s,163.3,168.3,1,0,0,0,0.002319,0,0.08021,0.04347,0.005296,0.005201,0,0,1,39.53,45.72,1,34.05,0,1,0.02389,1.194,1,0.8454,0.5303,1,0.1667,-0.09896,0.05556
0.01389,160,120.1,86,2h 17m 22s,1.168,2,completioncredit_globalkl002_e5,Completion-wide credit + global KL 0.02,340,2.92,8.7e-07,49,0.04175,1455,45.78,2d 4h 5m 45s,163.9,168.2,1,0,0,0,0,0,0.02378,-0.002125,0.002021,0.0006948,0,0,1,39.02,45.09,1,34.57,0,1,0.02319,1.16,1,0.9354,0.3938,1,0.08333,-0.03646,0
0.02083,160,114.7,86,2h 20m 6s,1.172,2,completioncredit_globalkl002_e5,Completion-wide credit + global KL 0.02,341,2.974,8.7e-07,50,0.03872,1455,45.78,2d 4h 1m 24s,163.8,168.1,1,0,0,0,0.002453,0,0.05064,0.01865,0.002668,0.002453,0,0,1,39.53,45.78,1,34.76,0,1,0.02444,1.222,1,0.9036,0.2773,1,0.05556,-0.05556,0.05556
0,154,111.1,83,2h 22m 52s,1.175,2,completioncredit_globalkl002_e5,Completion-wide credit + global KL 0.02,342,4.235,8.7e-07,51,0.03797,1455,45.78,2d 3h 57m 55s,166,168.1,1,0,0,0,0,0,0.03291,0.02004,-0.008684,-0.002367,0,0,1,38.51,44.53,1,35.88,0,1,0.02403,1.201,1,0.9491,0.2787,1,0.02778,-0.003472,0
0.02083,160,108.5,81,2h 25m 38s,1.179,2,completioncredit_globalkl002_e5,Completion-wide credit + global KL 0.02,343,4.583,8.7e-07,52,0.03759,1455,45.78,2d 3h 54m 17s,165.5,168,1,0,0,0,0,0,0.03336,0.01208,-0.002647,0,0,0,1,37.27,42.96,1,35.32,0,1,0.02403,1.201,1,0.8193,0.5361,1,0,0,0
0.006944,160,107.7,84,2h 28m 24s,1.182,2,completioncredit_globalkl002_e5,Completion-wide credit + global KL 0.02,344,2.56,8.7e-07,53,0.03194,1455,45.78,2d 3h 50m 40s,165.4,168,1,0,0,0,0,0,0.02459,0.00229,-0.0008906,0,0,0,1,38,43.88,1,34.35,0,1,0.02319,1.16,1,0.944,0.2851,1,0,0,0
0.006944,160,104.1,79,2h 31m 10s,1.186,2,completioncredit_globalkl002_e5,Completion-wide credit + global KL 0.02,345,4.068,8.7e-07,54,0.04153,1455,45.78,2d 3h 47m 17s,166.1,168,1,0,0,0,-0.001132,0,0.0244,0.01319,-0.01033,-0.001132,0,0,1,39.53,45.78,1,34.33,0,1,0.02375,1.188,1,0.9277,0.2991,1,0.02778,-0.02778,0.02778
0,145,103.4,78,2h 33m 54s,1.189,2,completioncredit_globalkl002_e5,Completion-wide credit + global KL 0.02,346,4.782,8.7e-07,55,0.02568,1455,45.78,2d 3h 43m 9s,163.8,167.9,1,0,0,0,0,0,0.02938,0.001283,0.004338,0.0003232,0,0,1,38.43,44.39,1,33.85,0,1,0.02347,1.174,1,0.8731,0.5715,1,0.02778,-0.001736,0
0,134,102.5,78,2h 36m 44s,1.192,2,completioncredit_globalkl002_e5,Completion-wide credit + global KL 0.02,347,4.067,8.7e-07,56,0.04141,1455,45.78,2d 3h 40m 58s,169.4,167.9,1,0,0,0,0,0,0.0672,0.04135,0.002896,0,0,0,1,37.56,43.31,1,34.94,0,1,0.02292,1.146,1,0.8305,0.3927,1,0,0,0
0,129,101.1,79,2h 39m 30s,1.196,2,completioncredit_globalkl002_e5,Completion-wide credit + global KL 0.02,348,2.409,8.7e-07,57,0.03181,1455,45.78,2d 3h 37m 41s,166.2,167.9,1,0,0,0,0,0,0.03881,0.02174,-0.005633,0,0,0,1,36.9,42.51,1,36.52,0,1,0.02264,1.132,1,0.8822,0.3686,1,0,0,0
0,144,100.7,77,2h 42m 18s,1.199,2,completioncredit_globalkl002_e5,Completion-wide credit + global KL 0.02,349,2.664,8.6e-07,58,0.03721,1455,45.78,2d 3h 34m 59s,168,167.9,1,0,0,0,0,0,0.07977,0.05659,0.0009548,0,0,0,1,36.61,42.16,1,33.47,0,1,0.02222,1.111,1,0.9215,0.3236,1,0,0,0
0,145,101.4,78,2h 45m 11s,1.203,2,completioncredit_globalkl002_e5,Completion-wide credit + global KL 0.02,350,3.191,8.6e-07,59,0.04331,1455,45.78,2d 3h 33m 34s,172.1,168,1,0,0,0,0,0,0.06896,0.04198,0.004647,0,0,0,1,37.85,43.71,1,35,0,1,0.02236,1.118,1,0.9583,0.4568,1,0,0,0
0,135,102.6,78,2h 47m 59s,1.206,2,completioncredit_globalkl002_e5,Completion-wide credit + global KL 0.02,351,4.249,8.6e-07,60,0.02622,1455,45.78,2d 3h 30m 56s,168.3,168,1,0,0,0,0,0,0.01562,-0.003724,-0.002137,0,0,0,1,36.76,42.36,1,34.45,0,1,0.02153,1.076,1,0.9699,0.4125,1,0,0,0
0.006944,160,104,79,2h 50m 48s,1.21,2,completioncredit_globalkl002_e5,Completion-wide credit + global KL 0.02,352,4.341,8.6e-07,61,0.03618,1455,45.78,2d 3h 28m 25s,168.7,168,1,0,0,0,0,0,0.02555,-0.003332,0.006662,0,0,0,1,37.56,43.38,1,35.74,0,1,0.02222,1.111,1,0.9056,0.3512,1,0,0,0
0,138,101.8,81,2h 53m 34s,1.213,2,completioncredit_globalkl002_e5,Completion-wide credit + global KL 0.02,353,4.656,8.6e-07,62,0.05937,1455,45.78,2d 3h 25m 1s,165.8,168,1,0,0,0,0,0,0.02464,-0.000747,0.002678,0,0,0,1,36.68,42.26,1,35.17,0,1,0.02264,1.132,1,0.8927,0.5205,1,0,0,0
0,153,103.6,78,2h 56m 23s,1.216,2,completioncredit_globalkl002_e5,Completion-wide credit + global KL 0.02,354,4.704,8.6e-07,63,0.0235,1455,45.78,2d 3h 22m 37s,169.1,168,1,0,0,0,0,0,0.01971,0.004314,-0.006086,0,0,0,1,36.83,42.46,1,33.44,0,1,0.02153,1.076,1,0.8611,0.475,1,0,0,0
0.006944,160,104.6,79,2h 59m 12s,1.22,2,completioncredit_globalkl002_e5,Completion-wide credit + global KL 0.02,355,6.557,8.6e-07,64,0.02002,1455,45.78,2d 3h 19m 57s,168.2,168,1,0,0,0,0,0,0.01897,-0.002483,0.0007177,-0.001238,0,0,1,38.43,44.43,1,34.99,0,1,0.02194,1.097,1,0.9867,0.2876,1,0.02778,-0.001736,0
0,143,106.6,80,3h 2m 3s,1.223,2,completioncredit_globalkl002_e5,Completion-wide credit + global KL 0.02,356,2.363,8.6e-07,65,0.03659,1455,45.78,2d 3h 17m 56s,170.6,168,1,0,0,0,0,0,0.01289,-0.0009223,-0.008037,0,0,0,1,36.76,42.38,1,34.72,0,1,0.02181,1.09,1,0.923,0.2345,1,0,0,0
0.006944,160,106.6,79,3h 4m 51s,1.227,2,completioncredit_globalkl002_e5,Completion-wide credit + global KL 0.02,357,4.633,8.6e-07,66,0.03184,1455,45.78,2d 3h 15m 19s,168.5,168.1,1,0,0,0,-0.002017,0,0.06222,0.05006,-0.004068,-0.002017,0,0,1,39.53,45.76,1,35.22,0,1,0.02028,1.014,1,0.8721,0.6497,1,0.02778,-0.02778,0.02778
0.006944,160,107.8,85,3h 7m 37s,1.23,2,completioncredit_globalkl002_e5,Completion-wide credit + global KL 0.02,358,3.276,8.6e-07,67,0.02163,1455,45.78,2d 3h 11m 47s,165.2,168,1,0,0,0,0,0,0.02586,0.00622,-0.0016,0,0,0,1,36.97,42.63,1,35.24,0,1,0.02125,1.062,1,0.9656,0.3564,1,0,0,0
0,141,108.8,86,3h 10m 22s,1.234,2,completioncredit_globalkl002_e5,Completion-wide credit + global KL 0.02,359,2.653,8.6e-07,68,0.0297,1455,45.78,2d 3h 8m 20s,165.4,168,1,0,0,0,0,0,0.01957,0.003772,-0.005926,0,0,0,1,37.7,43.55,1,33.71,0,1,0.02167,1.083,1,0.9162,0.3473,1,0,0,0
0.006944,160,112.1,81,3h 13m 10s,1.237,2,completioncredit_globalkl002_e5,Completion-wide credit + global KL 0.02,360,2.623,8.6e-07,69,0.03073,1455,45.78,2d 3h 5m 21s,167.1,168,1,0,0,0,-0.001,0,0.02463,0.002162,0.001254,0.000243,0,0,1,39.09,45.21,1,36.3,0,1,0.02194,1.097,1,0.9472,0.4879,1,0.05556,-0.02083,0
0.006944,160,116.1,88,3h 15m 58s,1.241,2,completioncredit_globalkl002_e5,Completion-wide credit + global KL 0.02,361,2.696,8.6e-07,70,0.02592,1455,45.79,2d 3h 2m 42s,168.3,168,1,0,0,0,-0.0009477,0,0.02874,0.002636,0.004905,0.0007879,0,0,1,39.53,45.79,1,35.63,0,1,0.02139,1.069,1,0.9391,0.3358,1,0.08333,-0.07812,0.02778
0.02778,160,120.2,85,3h 18m 46s,1.244,2,completioncredit_globalkl002_e5,Completion-wide credit + global KL 0.02,362,2.908,8.5e-07,71,0.05001,1455,45.79,2d 2h 59m 52s,167.6,168,1,0,0,0,-0.002446,0,0.02055,0.001068,0.003199,-0.002637,0,0,1,39.53,45.76,1,36.51,0,1,0.02139,1.069,1,0.8481,0.4679,1,0.05556,-0.03299,0.02778
0,151,119.9,94,3h 21m 32s,1.247,2,completioncredit_globalkl002_e5,Completion-wide credit + global KL 0.02,363,2.676,8.5e-07,72,0.02116,1455,45.79,2d 2h 56m 32s,165.6,167.9,1,0,0,0,0,0,0.03029,0.006966,-0.0003534,0.002318,0,0,1,38.43,44.47,1,33.73,0,1,0.02139,1.069,1,0.9573,0.5048,1,0.02778,-0.001736,0
0.03472,160,122.6,89,3h 24m 21s,1.251,2,completioncredit_globalkl002_e5,Completion-wide credit + global KL 0.02,364,3.377,8.5e-07,73,0.04674,1455,45.79,2d 2h 54m 5s,169.1,168,1,0,0,0,-0.005041,0,0.08655,0.07613,-0.0002892,-0.006342,0,0,1,39.53,45.78,1,34.24,0,1,0.02208,1.104,1,0.8358,0.6095,1,0.08333,-0.05035,0.02778
0.0625,160,125.8,90,3h 27m 4s,1.254,2,completioncredit_globalkl002_e5,Completion-wide credit + global KL 0.02,365,3.896,8.5e-07,74,0.0293,1455,45.79,2d 2h 49m 59s,162.4,167.9,1,0,0,0,0.0009671,0,0.05096,0.01803,0.007357,0.002631,0,0,1,39.53,45.76,1,34.81,0,1,0.02194,1.097,1,0.8451,0.3027,1,0.1944,-0.1458,0.1111
0.04861,160,126.2,86,3h 29m 47s,1.258,2,completioncredit_globalkl002_e5,Completion-wide credit + global KL 0.02,366,3.105,8.5e-07,75,0.02919,1455,45.79,2d 2h 46m 6s,163.2,167.8,1,0,0,0,0.002554,0,0.03338,0.005211,0.001118,0.003505,0,0,1,39.53,45.79,1,35.3,0,1,0.02097,1.049,1,0.7808,0.2731,1,0.1944,-0.1042,0.05556
0.02083,160,119.5,89,3h 32m 32s,1.261,2,completioncredit_globalkl002_e5,Completion-wide credit + global KL 0.02,367,3.92,8.5e-07,76,0.04503,1455,45.79,2d 2h 42m 38s,164.8,167.8,1,0,0,0,0.002925,0,0.05022,0.02111,0.0003174,0.003165,0,0,1,39.53,45.76,1,34.65,0,1,0.02264,1.132,1,0.9241,0.5574,1,0.05556,-0.03472,0.02778
0.006944,160,117.6,93,3h 35m 19s,1.265,2,completioncredit_globalkl002_e5,Completion-wide credit + global KL 0.02,368,3.428,8.5e-07,77,0.04975,1455,45.79,2d 2h 39m 41s,166.9,167.8,1,0,0,0,-0.003064,0,0.07341,0.05363,0.002859,-0.001246,0,0,1,39.53,45.76,1,35.54,0,1,0.02125,1.062,1,0.8802,0.3738,1,0.1389,-0.05903,0.02778
0,144,113,86,3h 38m 5s,1.268,2,completioncredit_globalkl002_e5,Completion-wide credit + global KL 0.02,369,2.734,8.5e-07,78,0.0353,1455,45.79,2d 2h 36m 27s,165.7,167.8,1,0,0,0,0,0,0.06769,0.03848,0.007359,0,0,0,1,38.14,44.08,1,34.41,0,1,0.02181,1.09,1,0.885,0.5848,1,0,0,0
0,151,110.5,82,3h 40m 55s,1.271,2,completioncredit_globalkl002_e5,Completion-wide credit + global KL 0.02,370,3.524,8.5e-07,79,0.02312,1455,45.79,2d 2h 34m 6s,169.4,167.8,1,0,0,0,0,0,0.0182,0.005192,-0.009319,-0.000627,0,0,1,38.87,45,1,34.62,0,1,0.02306,1.153,1,0.9064,0.3303,1,0.02778,-0.01215,0
0,141,109.8,88,3h 43m 47s,1.275,2,completioncredit_globalkl002_e5,Completion-wide credit + global KL 0.02,371,3.371,8.5e-07,80,0.03626,1455,45.79,2d 2h 32m 18s,172,167.8,1,0,0,0,0,0,0.04185,0.01432,0.004339,0,0,0,1,38.14,44.1,1,34.61,0,1,0.02319,1.16,1,0.8108,0.4731,1,0,0,0
0,141,109.7,83,3h 46m 33s,1.278,2,completioncredit_globalkl002_e5,Completion-wide credit + global KL 0.02,372,4.136,8.5e-07,81,0.02082,1455,45.79,2d 2h 29m 6s,165.8,167.8,1,0,0,0,0,0,0.01346,-0.002743,-0.006749,0,0,0,1,38.14,44.04,1,33.59,0,1,0.02306,1.153,1,0.9095,0.2633,1,0,0,0
0,147,110.6,88,3h 49m 26s,1.282,2,completioncredit_globalkl002_e5,Completion-wide credit + global KL 0.02,373,3.209,8.5e-07,82,0.04298,1455,45.79,2d 2h 27m 27s,172.7,167.9,1,0,0,0,0,0,0.02684,0.005045,-0.001401,0,0,0,1,37.56,43.39,1,36.01,0,1,0.02319,1.16,1,0.9739,0.4468,1,0,0,0
0,146,112.7,82,3h 52m 18s,1.285,2,completioncredit_globalkl002_e5,Completion-wide credit + global KL 0.02,374,2.776,8.5e-07,83,0.07609,1455,45.79,2d 2h 25m 28s,171.4,167.9,1,0,0,0,0,0,0.08219,0.05351,0.006228,0,0,0,1,37.78,43.65,1,34.68,0,1,0.0225,1.125,1,0.9641,0.6831,1,0,0,0
0,150,112.5,88,3h 55m 10s,1.289,2,completioncredit_globalkl002_e5,Completion-wide credit + global KL 0.02,375,3.37,8.4e-07,84,0.05034,1455,45.79,2d 2h 23m 30s,171.6,168,1,0,0,0,0,0,0.06363,0.03776,0.002207,-0.0006272,0,0,1,38.58,44.68,1,34.15,0,1,0.02431,1.215,1,0.9291,0.4708,1,0.02778,-0.005208,0
0,152,113.8,87,3h 58m 5s,1.292,2,completioncredit_globalkl002_e5,Completion-wide credit + global KL 0.02,376,5.594,8.4e-07,85,0.0582,1455,45.79,2d 2h 22m 13s,175,168.1,1,0,0,0,0,0,0.04654,0.0283,-0.005441,0,0,0,1,37.56,43.39,1,36.43,0,1,0.02361,1.181,1,0.9517,0.388,1,0,0,0
0,151,116.1,93,4h 0m 52s,1.296,2,completioncredit_globalkl002_e5,Completion-wide credit + global KL 0.02,377,2.337,8.4e-07,86,0.1005,1455,45.79,2d 2h 19m 12s,166.8,168,1,0,0,0,0,0,0.09216,0.06272,0.004291,0,0,0,1,38.21,44.17,1,34.43,0,1,0.02514,1.257,1,0.9203,0.2796,1,0,0,0
0,157,116.4,85,4h 3m 42s,1.299,2,completioncredit_globalkl002_e5,Completion-wide credit + global KL 0.02,378,2.942,8.4e-07,87,0.09052,1455,45.79,2d 2h 16m 51s,170,168.1,1,0,0,0,0,0,0.08332,0.05228,0.002347,0.003909,0,0,1,39.31,45.52,1,34.78,0,1,0.02472,1.236,1,0.8312,0.4938,1,0.02778,-0.02257,0
0,157,119.9,89,4h 6m 34s,1.302,2,completioncredit_globalkl002_e5,Completion-wide credit + global KL 0.02,379,2.555,8.4e-07,88,0.07927,1455,45.79,2d 2h 14m 54s,172,168.1,1,0,0,0,0,0,0.03992,0.01662,0.000302,-0.001663,0,0,1,38.51,44.49,1,34.31,0,1,0.02458,1.229,1,0.8265,0.5707,1,0.02778,-0.003472,0
0,154,121.7,95,4h 9m 30s,1.306,2,completioncredit_globalkl002_e5,Completion-wide credit + global KL 0.02,380,2.781,8.4e-07,89,0.09447,1455,45.79,2d 2h 13m 37s,175.5,168.2,1,0,0,0,0,0,0.02298,-9.823e-05,-0.0021,0.0004019,0,0,1,39.09,45.17,1,41.73,0,1,0.02472,1.236,1,0.9099,0.5947,1,0.02778,-0.01736,0
0.02083,160,126.6,95,4h 12m 27s,1.309,2,completioncredit_globalkl002_e5,Completion-wide credit + global KL 0.02,381,3.355,8.4e-07,90,0.1191,1455,45.79,2d 2h 12m 35s,176.8,168.3,1,0,0,0,-0.002259,0,0.09361,0.08773,-0.01065,-0.005137,0,0,1,39.53,45.76,1,39.32,0,1,0.02403,1.201,1,0.9019,0.5773,1,0.1389,-0.07465,0.05556
0.04167,160,128.5,100,4h 15m 16s,1.313,2,completioncredit_globalkl002_e5,Completion-wide credit + global KL 0.02,382,3.337,8.4e-07,91,0.09295,1455,45.79,2d 2h 9m 56s,168.9,168.3,1,0,0,0,-0.001613,0,0.187,0.1597,0.004597,0.0001612,0,0,1,39.53,45.76,1,40.21,0,1,0.02417,1.208,1,0.8902,0.381,1,0.1389,-0.06771,0.02778
0.006944,160,122.8,88,4h 18m 3s,1.316,2,completioncredit_globalkl002_e5,Completion-wide credit + global KL 0.02,383,2.858,8.4e-07,92,0.1009,1455,45.79,2d 2h 6m 56s,167.1,168.3,1,0,0,0,0,0,0.09082,0.07087,-0.004344,-0.0004896,0,0,1,38.65,44.7,1,33.76,0,1,0.02472,1.236,1,0.9189,0.5262,1,0.02778,-0.006944,0
0.02083,160,123.1,92,4h 20m 51s,1.32,2,completioncredit_globalkl002_e5,Completion-wide credit + global KL 0.02,384,2.908,8.4e-07,93,0.0921,1455,45.79,2d 2h 3m 54s,166.9,168.3,1,0,0,0,0.000673,0,0.09785,0.07475,-0.002875,0.0004019,0,0,1,39.53,45.76,1,36.5,0,1,0.025,1.25,1,0.9313,0.2797,1,0.05556,-0.02951,0.02778
0,156,118.7,93,4h 23m 48s,1.323,2,completioncredit_globalkl002_e5,Completion-wide credit + global KL 0.02,385,2.481,8.4e-07,94,0.06806,1455,45.79,2d 2h 2m 52s,177.3,168.4,1,0,0,0,0,0,0.02409,-0.0008679,0.0006268,0.0004071,0,0,1,38.65,44.64,1,41.95,0,1,0.02389,1.194,1,0.9648,0.3463,1,0.02778,-0.006944,0
0,157,116.7,90,4h 26m 38s,1.326,2,completioncredit_globalkl002_e5,Completion-wide credit + global KL 0.02,386,5.973,8.4e-07,95,0.06382,1455,45.79,2d 2h 0m 17s,169.4,168.4,1,0,0,0,0,0,0.05799,0.0265,0.001847,0.004006,0,0,1,39.31,45.5,1,35.4,0,1,0.02556,1.278,1,0.9647,0.3719,1,0.05556,-0.03646,0
0,149,115.1,90,4h 29m 23s,1.33,2,completioncredit_globalkl002_e5,Completion-wide credit + global KL 0.02,387,3.349,8.4e-07,96,0.04093,1455,45.79,2d 1h 56m 57s,165.3,168.4,1,0,0,0,0,0,0.07246,0.04935,-0.001548,0,0,0,1,38.36,44.29,1,32.71,0,1,0.02458,1.229,1,0.9698,0.2832,1,0,0,0
0,146,110.4,83,4h 32m 29s,1.333,2,completioncredit_globalkl002_e5,Completion-wide credit + global KL 0.02,388,3.641,8.3e-07,97,0.06755,1455,45.79,2d 1h 57m 14s,185,168.5,1,0,0,0,0,0,0.07096,0.05157,-0.007131,0.00222,0,0,1,38.51,44.49,1,45.78,0,1,0.02431,1.215,1,0.9177,0.4289,1,0.02778,-0.003472,0
0,135,109.7,89,4h 35m 16s,1.337,2,completioncredit_globalkl002_e5,Completion-wide credit + global KL 0.02,389,3.052,8.3e-07,98,0.1009,1455,45.79,2d 1h 54m 13s,167.2,168.5,1,0,0,0,0,0,0.07905,0.04758,0.007177,0,0,0,1,37.34,43.12,1,35.87,0,1,0.02431,1.215,1,0.9563,0.271,1,0,0,0
0,146,107.4,80,4h 38m 3s,1.34,2,completioncredit_globalkl002_e5,Completion-wide credit + global KL 0.02,390,2.808,8.3e-07,99,0.07164,1455,45.79,2d 1h 51m 7s,166.7,168.5,1,0,0,0,0,0,0.0812,0.0584,-0.002374,2.773e-05,0,0,1,38.51,44.47,1,34.78,0,1,0.02514,1.257,1,0.9556,0.3552,1,0.02778,-0.003472,0
0,132,105.9,85,4h 40m 51s,1.344,2,completioncredit_globalkl002_e5,Completion-wide credit + global KL 0.02,391,4.294,8.3e-07,100,0.04187,1455,45.79,2d 1h 48m 18s,168.2,168.5,1,0,0,0,0,0,0.02375,0.0007389,-0.00177,0,0,0,1,37.48,43.28,1,34.41,0,1,0.02472,1.236,1,0.8935,0.6261,1,0,0,0
0,135,106.5,85,4h 43m 40s,1.347,2,completioncredit_globalkl002_e5,Completion-wide credit + global KL 0.02,392,3.554,8.3e-07,101,0.05216,1455,45.79,2d 1h 45m 29s,168.3,168.5,1,0,0,0,0,0,0.07379,0.0512,-0.001335,0,0,0,1,37.7,43.55,1,35.41,0,1,0.02389,1.194,1,0.81,0.6856,1,0,0,0
0,143,105.3,82,4h 46m 29s,1.351,2,completioncredit_globalkl002_e5,Completion-wide credit + global KL 0.02,393,4.05,8.3e-07,102,0.03727,1455,45.79,2d 1h 42m 50s,169.2,168.5,1,0,0,0,0,0,0.02567,-0.0001475,0.002015,0,0,0,1,37.05,42.73,1,34.44,0,1,0.02375,1.188,1,0.8448,0.521,1,0,0,0
0.006944,160,107.8,77,4h 49m 21s,1.354,2,completioncredit_globalkl002_e5,Completion-wide credit + global KL 0.02,394,3.102,8.3e-07,103,0.01938,1455,45.79,2d 1h 40m 38s,171.6,168.6,1,0,0,0,0,0,0.01757,-0.001346,-0.004401,0,0,0,1,37.7,43.47,1,35.58,0,1,0.02333,1.167,1,0.9583,0.6795,1,0,0,0
0,144,107.4,83,4h 52m 9s,1.357,2,completioncredit_globalkl002_e5,Completion-wide credit + global KL 0.02,395,5.109,8.3e-07,104,0.0467,1455,45.79,2d 1h 37m 43s,167.7,168.6,1,0,0,0,0,0,0.06853,0.05728,-0.01244,0,0,0,1,37.85,43.73,1,34.11,0,1,0.02361,1.181,1,0.9219,0.387,1,0,0,0
0,141,107.4,83,4h 55m 7s,1.361,2,completioncredit_globalkl002_e5,Completion-wide credit + global KL 0.02,396,3.29,8.3e-07,105,0.07204,1455,45.79,2d 1h 36m 24s,177.2,168.6,1,0,0,0,0,0,0.05161,0.0257,0.002968,0,0,0,1,37.7,43.53,1,36.03,0,1,0.02306,1.153,1,0.9918,0.4252,1,0,0,0
0,142,108.3,81,4h 58m 3s,1.364,2,completioncredit_globalkl002_e5,Completion-wide credit + global KL 0.02,397,5.302,8.3e-07,106,0.06992,1455,45.79,2d 1h 34m 51s,176,168.7,1,0,0,0,0,0,0.06581,0.03862,0.003749,0,0,0,1,38.21,44.17,1,40.89,0,1,0.02347,1.174,1,0.9722,0.6382,1,0,0,0
0,159,109.5,82,5h 0m 53s,1.368,2,completioncredit_globalkl002_e5,Completion-wide credit + global KL 0.02,398,3.282,8.3e-07,107,0.05939,1455,45.79,2d 1h 32m 18s,170.1,168.7,1,0,0,0,0,0,0.02124,-0.0002871,-0.002396,0,0,0,1,38.21,44.2,1,36.64,0,1,0.02403,1.201,1,0.9192,0.4736,1,0,0,0
0.006944,160,113.3,83,5h 3m 44s,1.371,2,completioncredit_globalkl002_e5,Completion-wide credit + global KL 0.02,399,3.097,8.3e-07,108,0.03312,1455,45.79,2d 1h 29m 52s,170.7,168.7,1,0,0,0,0,0,0.02426,0.003162,-0.002222,0,0,0,1,38.14,44.06,1,39.18,0,1,0.02333,1.167,1,0.8552,0.6317,1,0,0,0
0,148,114.5,83,5h 6m 39s,1.375,2,completioncredit_globalkl002_e5,Completion-wide credit + global KL 0.02,400,2.522,8.2e-07,109,0.02383,1455,45.79,2d 1h 28m 4s,174.8,168.8,1,0,0,0,0,0,0.01658,-0.003069,-0.003296,0,0,0,1,37.92,43.75,1,40.92,0,1,0.02292,1.146,1,0.9185,0.3827,1,0,0,0
0.006944,160,118.8,88,5h 9m 30s,1.378,2,completioncredit_globalkl002_e5,Completion-wide credit + global KL 0.02,401,3.223,8.2e-07,110,0.0856,1455,45.79,2d 1h 25m 33s,170.5,168.8,1,0,0,0,0,0,0.1386,0.1142,0.007519,-0.006001,0,0,1,39.38,45.54,1,37.35,0,1,0.02278,1.139,1,0.9826,0.3337,1,0.1111,-0.03819,0
0.02778,160,119.3,84,5h 12m 21s,1.381,2,completioncredit_globalkl002_e5,Completion-wide credit + global KL 0.02,402,3.184,8.2e-07,111,0.06852,1455,45.79,2d 1h 23m 3s,170.5,168.8,1,0,0,0,-0.003786,0,0.01726,0.01092,-0.009441,-0.003383,0,0,1,39.53,45.79,1,34.95,0,1,0.02306,1.153,1,0.8945,0.4108,1,0.08333,-0.07812,0.05556
0.01389,160,117.5,88,5h 15m 10s,1.385,2,completioncredit_globalkl002_e5,Completion-wide credit + global KL 0.02,403,3.929,8.2e-07,112,0.06763,1455,45.79,2d 1h 20m 17s,169,168.8,1,0,0,0,-0.008547,0,0.06044,0.06306,-0.006853,-0.01017,0,0,1,39.53,45.76,1,34.26,0,1,0.02306,1.153,1,0.8904,0.4795,1,0.05556,-0.03299,0.02778
0.006944,160,117.3,83,5h 17m 53s,1.388,2,completioncredit_globalkl002_e5,Completion-wide credit + global KL 0.02,404,3.078,8.2e-07,113,0.07759,1455,45.79,2d 1h 16m 39s,163.3,168.8,1,0,0,0,-0.003131,0,0.05458,0.03961,-0.002084,-0.003131,0,0,1,39.53,45.78,1,33.87,0,1,0.02333,1.167,1,0.9212,0.5259,1,0.02778,-0.02778,0.02778
0,159,118.6,86,5h 20m 48s,1.392,2,completioncredit_globalkl002_e5,Completion-wide credit + global KL 0.02,405,2.992,8.2e-07,114,0.06804,1455,45.79,2d 1h 14m 40s,174,168.8,1,0,0,0,0,0,0.02432,0.002748,-0.001077,-0.001159,0,0,1,39.45,45.66,1,35.97,0,1,0.02375,1.188,1,0.9467,0.7841,1,0.08333,-0.07292,0
0.006944,160,116.7,84,5h 23m 36s,1.395,2,completioncredit_globalkl002_e5,Completion-wide credit + global KL 0.02,406,3.643,8.2e-07,115,0.06151,1455,45.79,2d 1h 11m 46s,168,168.8,1,0,0,0,0,0,0.08106,0.06725,-0.00572,-0.00416,0,0,1,39.38,45.54,1,34.42,0,1,0.02361,1.181,1,0.9163,0.6653,1,0.02778,-0.02431,0
0.006944,160,117.1,82,5h 26m 25s,1.399,2,completioncredit_globalkl002_e5,Completion-wide credit + global KL 0.02,407,3.738,8.2e-07,116,0.07422,1455,45.79,2d 1h 8m 58s,168.7,168.8,1,0,0,0,0,0,0.0231,0.006395,-0.002826,-0.003667,0,0,1,38.87,44.92,1,34.75,0,1,0.02319,1.16,1,0.9304,0.3644,1,0.08333,-0.02431,0
0,153,116.1,88,5h 29m 10s,1.402,2,completioncredit_globalkl002_e5,Completion-wide credit + global KL 0.02,408,3.305,8.2e-07,117,0.06403,1455,45.79,2d 1h 5m 42s,165.4,168.8,1,0,0,0,0,0,0.07217,0.0442,0.004048,0,0,0,1,38.29,44.23,1,35.52,0,1,0.02403,1.201,1,0.9587,0.6084,1,0,0,0
0,151,114.4,81,5h 31m 58s,1.405,2,completioncredit_globalkl002_e5,Completion-wide credit + global KL 0.02,409,3.466,8.2e-07,118,0.08404,1455,45.79,2d 1h 2m 45s,167.7,168.8,1,0,0,0,0,0,0.1533,0.1371,-0.004191,-0.002621,0,0,1,38.65,44.64,1,34.51,0,1,0.02306,1.153,1,0.8266,0.5555,1,0.05556,-0.01389,0
0,150,113.9,78,5h 34m 48s,1.409,2,completioncredit_globalkl002_e5,Completion-wide credit + global KL 0.02,410,3.086,8.2e-07,119,0.07635,1455,45.79,2d 1h 0m 6s,169.6,168.8,1,0,0,0,0,0,0.1569,0.1357,0.001994,-0.004807,0,0,1,38.8,44.88,1,34.52,0,1,0.02389,1.194,1,0.8327,0.5343,1,0.02778,-0.01042,0
0.01389,160,117.2,85,5h 37m 39s,1.412,2,completioncredit_globalkl002_e5,Completion-wide credit + global KL 0.02,411,2.95,8.2e-07,120,0.1297,1455,45.8,2d 0h 57m 37s,171,168.8,1,0,0,0,-0.002274,0,0.182,0.166,0.000993,-0.006656,0,0,1,39.53,45.8,1,35.37,0,1,0.02389,1.194,1,0.9436,0.6579,1,0.08333,-0.04167,0.02778
0,143,111,90,5h 40m 25s,1.416,2,completioncredit_globalkl002_e5,Completion-wide credit + global KL 0.02,412,2.884,8.1e-07,121,0.09747,1455,45.8,2d 0h 54m 22s,165.5,168.8,1,0,0,0,0,0,0.08333,0.06975,-0.01009,0,0,0,1,38.29,44.25,1,35.89,0,1,0.02361,1.181,1,0.8938,0.4026,1,0,0,0
0.006944,160,113.8,80,5h 43m 13s,1.419,2,completioncredit_globalkl002_e5,Completion-wide credit + global KL 0.02,413,3.46,8.1e-07,122,0.09832,1455,45.82,2d 0h 51m 27s,167.9,168.8,1,0,0,0,-0.001467,0,0.08451,0.07479,-0.01128,-0.001467,0,0,1,39.53,45.82,1,34.59,0,1,0.02389,1.194,1,0.9461,0.296,1,0.02778,-0.02778,0.02778
0,158,113.5,86,5h 46m 2s,1.423,2,completioncredit_globalkl002_e5,Completion-wide credit + global KL 0.02,414,2.45,8.1e-07,123,0.08377,1455,45.82,2d 0h 48m 41s,168.9,168.8,1,0,0,0,0,0,0.01784,-0.004291,-0.001187,0,0,0,1,37.78,43.61,1,35.41,0,1,0.02333,1.167,1,0.9361,0.4298,1,0,0,0
0,142,113,80,5h 48m 49s,1.426,2,completioncredit_globalkl002_e5,Completion-wide credit + global KL 0.02,415,4.808,8.1e-07,124,0.1155,1455,45.82,2d 0h 45m 32s,166.2,168.8,1,0,0,0,0,0,0.06687,0.03805,0.005137,0,0,0,1,37.56,43.36,1,33.46,0,1,0.02361,1.181,1,0.9407,0.4895,1,0,0,0
0,150,111.7,88,5h 51m 40s,1.43,2,completioncredit_globalkl002_e5,Completion-wide credit + global KL 0.02,416,3.344,8.1e-07,125,0.09448,1455,45.82,2d 0h 43m 1s,170.7,168.8,1,0,0,0,0,0,0.1155,0.09809,-0.006047,0,0,0,1,38.36,44.35,1,36.24,0,1,0.02347,1.174,1,0.9172,0.5956,1,0,0,0
0,159,114.7,85,5h 54m 26s,1.433,2,completioncredit_globalkl002_e5,Completion-wide credit + global KL 0.02,417,3.518,8.1e-07,126,0.1204,1455,45.82,2d 0h 39m 53s,166.2,168.8,1,0,0,0,-0.0001364,0,0.1327,0.1118,-0.001677,-0.0005616,0,0,1,38.65,44.72,1,34.11,0,1,0.02333,1.167,1,0.8191,0.4384,1,0.02778,-0.006944,0
0.006944,160,121,85,5h 57m 17s,1.436,2,completioncredit_globalkl002_e5,Completion-wide credit + global KL 0.02,418,3.121,8.1e-07,127,0.1168,1455,45.82,2d 0h 37m 23s,170.9,168.8,1,0,0,0,0,0,0.1563,0.139,-0.008526,0.002459,0,0,1,39.24,45.46,1,35.34,0,1,0.02333,1.167,1,0.9498,0.429,1,0.08333,-0.03819,0
0.03472,160,120.5,87,6h 0m 5s,1.44,2,completioncredit_globalkl002_e5,Completion-wide credit + global KL 0.02,419,3.078,8.1e-07,128,0.1427,1455,45.82,2d 0h 34m 24s,167.2,168.8,1,0,0,0,-0.00356,0,0.1381,0.131,-0.009238,-0.00356,0,0,1,39.53,45.79,1,34.46,0,1,0.02347,1.174,1,0.8981,0.5146,1,0.02778,-0.02778,0.02778
0.03472,160,122,77,6h 2m 49s,1.443,2,completioncredit_globalkl002_e5,Completion-wide credit + global KL 0.02,420,2.892,8.1e-07,129,0.1167,1455,45.82,2d 0h 30m 58s,163.9,168.8,1,0,0,0,-0.002713,0,0.2293,0.2045,0.006936,-0.002227,0,0,1,39.53,45.76,1,35.7,0,1,0.02278,1.139,1,0.8957,0.4473,1,0.08333,-0.06424,0.02778
0.09722,160,129.4,83,6h 5m 30s,1.447,2,completioncredit_globalkl002_e5,Completion-wide credit + global KL 0.02,421,4.795,8.1e-07,130,0.07723,1455,45.82,2d 0h 27m 7s,160.7,168.7,1,0,0,0,-0.01574,0,0.0657,0.0741,0.003391,-0.019,0,0,1,39.53,45.76,1,34.31,0,1,0.02292,1.146,1,0.9001,0.4215,1,0.1667,-0.1424,0.08333
0.1736,160,135.4,96,6h 8m 12s,1.45,2,completioncredit_globalkl002_e5,Completion-wide credit + global KL 0.02,422,4.986,8.1e-07,131,0.1117,1455,45.82,2d 0h 23m 29s,162.3,168.6,1,0,0,0,-0.01226,0,0.1441,0.1578,-0.004595,-0.02029,0,0,1,39.53,45.72,1,42.28,0,1,0.02347,1.174,1,0.7444,0.5748,1,0.25,-0.1632,0.1111
0.2083,160,135.9,92,6h 10m 43s,1.454,2,completioncredit_globalkl002_e5,Completion-wide credit + global KL 0.02,423,5.768,8.1e-07,132,0.01498,1455,45.82,2d 0h 18m 21s,150.5,168.5,1,0,0,0,-0.05942,0,-0.009171,0.1128,-0.029,-0.05792,0,0,1,39.53,45.76,1,37.31,0,1,0.02444,1.222,1,0.7146,0.1881,1,0.3611,-0.3264,0.3056
0.2708,160,136.3,93,6h 13m 11s,1.457,2,completioncredit_globalkl002_e5,Completion-wide credit + global KL 0.02,424,4.003,8e-07,133,-0.04046,1455,45.82,2d 0h 12m 49s,147.2,168.4,1,0,0,0,-0.04126,0,-0.03496,0.03894,-0.00749,-0.04944,0,0,1,39.53,45.74,1,38.33,0,1,0.02431,1.215,1,0.7788,0.4911,1,0.3056,-0.2604,0.2222
0.2569,160,135.9,92,6h 15m 39s,1.46,2,completioncredit_globalkl002_e5,Completion-wide credit + global KL 0.02,425,3.069,8e-07,134,-0.02512,1455,45.82,2d 0h 7m 24s,147.8,168.2,1,0,0,0,-0.04945,0,0.06546,0.1303,0.01297,-0.0531,0,0,1,39.53,45.72,1,37.52,0,1,0.02472,1.236,1,0.745,0.2852,1,0.2222,-0.1997,0.1667
0.1667,160,130.6,84,6h 18m 18s,1.464,2,completioncredit_globalkl002_e5,Completion-wide credit + global KL 0.02,426,3.143,8e-07,135,0.02202,1455,45.82,2d 0h 3m 30s,159.4,168.1,1,0,0,0,-0.01904,0,0.02634,0.05497,-0.002634,-0.03186,0,0,1,39.53,45.74,1,38.29,0,1,0.02486,1.243,1,0.806,0.3718,1,0.1667,-0.1458,0.1111
0.05556,160,118.7,87,6h 21m 3s,1.467,2,completioncredit_globalkl002_e5,Completion-wide credit + global KL 0.02,427,2.689,8e-07,136,0.02731,1455,45.82,2d 0h 0m 20s,165,168.1,1,0,0,0,-0.01553,0,0.01849,0.0515,-0.009045,-0.03432,0,0,1,39.53,45.74,1,34.37,0,1,0.02597,1.299,1,0.9265,0.5114,1,0.1111,-0.08681,0.05556
0,151,107.7,80,6h 23m 54s,1.471,2,completioncredit_globalkl002_e5,Completion-wide credit + global KL 0.02,428,3.606,8e-07,137,0.08005,1455,45.82,1d 23h 57m 51s,170.4,168.1,1,0,0,0,0,0,0.06997,0.05175,-0.00693,0,0,0,1,37.48,43.22,1,36.26,0,1,0.02514,1.257,1,0.9173,0.3754,1,0,0,0
0,141,100.4,74,6h 26m 44s,1.474,2,completioncredit_globalkl002_e5,Completion-wide credit + global KL 0.02,429,2.462,8e-07,138,0.1053,1455,45.82,1d 23h 55m 19s,170.1,168.1,1,0,0,0,0,0,0.1318,0.1086,-0.002075,0,0,0,1,36.54,42.04,1,33.43,0,1,0.02528,1.264,1,0.964,0.4222,1,0,0,0
0,126,98.93,77,6h 29m 31s,1.478,2,completioncredit_globalkl002_e5,Completion-wide credit + global KL 0.02,430,2.162,8e-07,139,0.1254,1455,45.82,1d 23h 52m 20s,166.4,168.1,1,0,0,0,0,0,0.07876,0.05217,0.001443,0,0,0,1,36.54,42.04,1,35.13,0,1,0.02514,1.257,1,0.9076,0.411,1,0,0,0
0,131,98.94,72,6h 32m 18s,1.481,2,completioncredit_globalkl002_e5,Completion-wide credit + global KL 0.02,431,2.396,8e-07,140,0.1014,1455,45.82,1d 23h 49m 25s,167,168.1,1,0,0,0,0,0,0.07093,0.04754,-0.00188,0,0,0,1,36.61,42.18,1,33.95,0,1,0.02528,1.264,1,0.9933,0.3241,1,0,0,0
0,141,99.83,74,6h 35m 2s,1.485,2,completioncredit_globalkl002_e5,Completion-wide credit + global KL 0.02,432,3.579,8e-07,141,0.122,1455,45.82,1d 23h 46m 4s,163.3,168.1,1,0,0,0,0,0,0.08344,0.06172,-0.003177,0,0,0,1,36.24,41.73,1,33.98,0,1,0.025,1.25,1,0.9823,0.3305,1,0,0,0
0,129,101.5,82,6h 37m 53s,1.488,2,completioncredit_globalkl002_e5,Completion-wide credit + global KL 0.02,433,2.536,8e-07,142,0.06289,1455,45.82,1d 23h 43m 41s,171.4,168.1,1,0,0,0,0,0,0.04496,0.03711,-0.01681,0,0,0,1,36.97,42.59,1,34.02,0,1,0.02458,1.229,1,0.9466,0.4884,1,0,0,0
0,129,101.3,79,6h 40m 40s,1.491,2,completioncredit_globalkl002_e5,Completion-wide credit + global KL 0.02,434,2.788,8e-07,143,0.06633,1455,45.82,1d 23h 40m 45s,166.7,168.1,1,0,0,0,0,0,0.08754,0.05481,0.005866,0,0,0,1,36.61,42.18,1,33.86,0,1,0.02681,1.34,1,0.9667,0.3416,1,0,0,0
0,143,102.6,77,6h 43m 32s,1.495,2,completioncredit_globalkl002_e5,Completion-wide credit + global KL 0.02,435,3.042,8e-07,144,0.08306,1455,45.82,1d 23h 38m 21s,171.3,168.1,1,0,0,0,0,0,0.1101,0.09172,-0.008437,0,0,0,1,38.07,43.98,1,34.32,0,1,0.02681,1.34,1,0.9654,0.2786,1,0,0,0
0,136,101.5,77,6h 46m 20s,1.498,2,completioncredit_globalkl002_e5,Completion-wide credit + global KL 0.02,436,2.39,7.9e-07,145,0.08233,1455,45.82,1d 23h 35m 33s,167.5,168.1,1,0,0,0,0,0,0.03968,0.009345,0.002627,0,0,0,1,37.7,43.49,1,34.58,0,1,0.02764,1.382,1,0.9597,0.6906,1,0,0,0
0.01389,160,102.6,74,6h 49m 12s,1.502,2,completioncredit_globalkl002_e5,Completion-wide credit + global KL 0.02,437,6.951,7.9e-07,146,0.05531,1455,45.82,1d 23h 33m 9s,171.3,168.2,1,0,0,0,0,0,0.05779,0.03505,-0.005212,0,0,0,1,36.9,42.53,1,34.29,0,1,0.02792,1.396,1,0.968,0.6169,1,0,0,0
0,150,103.1,79,6h 52m 3s,1.505,2,completioncredit_globalkl002_e5,Completion-wide credit + global KL 0.02,438,4.28,7.9e-07,147,0.08959,1455,45.82,1d 23h 30m 45s,171.5,168.2,1,0,0,0,0,0,0.08951,0.05991,0.001645,0,0,0,1,36.76,42.4,1,35.9,0,1,0.02792,1.396,1,0.9163,0.4406,1,0,0,0
0.01389,160,107.7,79,6h 54m 55s,1.509,2,completioncredit_globalkl002_e5,Completion-wide credit + global KL 0.02,439,2.756,7.9e-07,148,0.1035,1455,45.82,1d 23h 28m 24s,171.4,168.2,1,0,0,0,-0.0141,0,0.1457,0.1602,-0.01539,-0.0141,0,0,1,39.53,45.74,1,35,0,1,0.02903,1.451,1,0.9147,0.4257,1,0.02778,-0.02778,0.02778
0.03472,160,108.7,85,6h 57m 41s,1.512,2,completioncredit_globalkl002_e5,Completion-wide credit + global KL 0.02,440,2.749,7.9e-07,149,0.08028,1455,45.82,1d 23h 25m 17s,165.2,168.2,1,0,0,0,0,0,0.09845,0.09386,-0.02165,-0.003051,0,0,1,39.09,45.23,1,35.72,0,1,0.02931,1.465,1,0.9249,0.4004,1,0.02778,-0.01736,0
0.02778,160,108.1,83,7h 0m 32s,1.515,2,completioncredit_globalkl002_e5,Completion-wide credit + global KL 0.02,441,3.171,7.9e-07,150,0.03688,1455,45.82,1d 23h 22m 45s,170.5,168.2,1,0,0,0,-0.02707,0,-0.01003,0.02523,-0.01045,-0.02728,0,0,1,39.53,45.78,1,35.97,0,1,0.02944,1.472,1,0.9069,0.5202,1,0.08333,-0.07465,0.05556
0.02083,160,106.7,86,7h 3m 19s,1.519,2,completioncredit_globalkl002_e5,Completion-wide credit + global KL 0.02,442,3.403,7.9e-07,151,0.07609,1455,45.82,1d 23h 19m 53s,167.3,168.2,1,0,0,0,-0.001685,0,0.1295,0.1333,-0.0311,-0.001685,0,0,1,39.53,45.72,1,36.09,0,1,0.03069,1.535,1,0.9106,0.3206,1,0.02778,-0.02778,0.02778
0.006944,160,103.9,82,7h 6m 5s,1.522,2,completioncredit_globalkl002_e5,Completion-wide credit + global KL 0.02,443,2.975,7.9e-07,152,0.1176,1455,45.82,1d 23h 16m 48s,165.5,168.2,1,0,0,0,-0.003298,0,0.1184,0.1183,-0.01273,-0.0134,0,0,1,39.53,45.78,1,34.62,0,1,0.02944,1.472,1,0.8438,0.4532,1,0.05556,-0.0434,0.02778
0.006944,160,100.4,79,7h 9m 2s,1.526,2,completioncredit_globalkl002_e5,Completion-wide credit + global KL 0.02,444,2.416,7.9e-07,153,0.0851,1455,45.82,1d 23h 15m 1s,177.2,168.3,1,0,0,0,-0.00152,0,0.09375,0.06897,-0.004458,0,0,0,1,36.61,42.18,1,39.96,0,1,0.03083,1.542,1,0.9107,0.5425,1,0,0,0
0,121,98.42,78,7h 11m 49s,1.529,2,completioncredit_globalkl002_e5,Completion-wide credit + global KL 0.02,445,3.066,7.9e-07,154,0.122,1455,45.82,1d 23h 12m 3s,166.5,168.2,1,0,0,0,0,0,0.1017,0.08514,-0.01474,0,0,0,1,36.32,41.83,1,34.95,0,1,0.03125,1.562,1,0.9731,0.4707,1,0,0,0
0,144,98.61,70,7h 14m 38s,1.533,2,completioncredit_globalkl002_e5,Completion-wide credit + global KL 0.02,446,2.982,7.9e-07,155,0.1074,1455,45.82,1d 23h 9m 20s,168.9,168.2,1,0,0,0,0.006235,0,0.1799,0.1636,-0.02119,0,0,0,1,37.34,43.12,1,34.78,0,1,0.03125,1.562,1,0.7454,0.459,1,0,0,0
0,145,100.7,72,7h 17m 26s,1.536,2,completioncredit_globalkl002_e5,Completion-wide credit + global KL 0.02,447,3.315,7.8e-07,156,0.08791,1455,45.82,1d 23h 6m 31s,167.9,168.2,1,0,0,0,0,0,0.08866,0.09166,-0.02668,-0.008307,0,0,1,38.43,44.43,1,33.73,0,1,0.03181,1.59,1,0.9564,0.2759,1,0.02778,-0.001736,0
0,142,100.9,79,7h 20m 9s,1.54,2,completioncredit_globalkl002_e5,Completion-wide credit + global KL 0.02,448,2.113,7.8e-07,157,0.1011,1455,45.82,1d 23h 3m 6s,162.3,168.2,1,0,0,0,0,0,0.05335,0.0606,-0.03997,0,0,0,1,38.14,44.02,1,33.1,0,1,0.03278,1.639,1,0.9132,0.4244,1,0,0,0
0,159,100.2,76,7h 22m 57s,1.543,2,completioncredit_globalkl002_e5,Completion-wide credit + global KL 0.02,449,2.809,7.8e-07,158,0.05868,1455,45.82,1d 23h 0m 19s,168.2,168.2,1,0,0,0,0,0,0.03785,0.01732,-0.01315,0,0,0,1,36.54,42.1,1,35.9,0,1,0.03361,1.681,1,0.9606,0.4387,1,0,0,0
0,140,100.2,73,7h 25m 44s,1.546,2,completioncredit_globalkl002_e5,Completion-wide credit + global KL 0.02,450,2.506,7.8e-07,159,0.09565,1455,45.82,1d 22h 57m 24s,166.9,168.2,1,0,0,0,0,0,0.09676,0.07413,-0.01033,0,0,0,1,37.63,43.43,1,33.46,0,1,0.03306,1.653,1,0.9274,0.2681,1,0,0,0
0,142,98.53,53,7h 28m 31s,1.55,2,completioncredit_globalkl002_e5,Completion-wide credit + global KL 0.02,451,2.852,7.8e-07,160,0.05172,1455,45.82,1d 22h 54m 27s,166.5,168.2,1,0,0,0,0.004099,0,0.07783,0.07369,-0.03438,0,0,0,1,36.76,42.34,1,33.88,0,1,0.03458,1.729,1,0.8523,0.2681,1,0,0,0
0,138,98.31,68,7h 31m 19s,1.553,2,completioncredit_globalkl002_e5,Completion-wide credit + global KL 0.02,452,2.78,7.8e-07,161,0.03696,1455,45.82,1d 22h 51m 34s,167.2,168.2,1,0,0,0,0,0,0.09396,0.08315,-0.0241,0,0,0,1,37.92,43.74,1,34.81,0,1,0.03486,1.743,1,0.8467,0.3232,1,0,0,0
0,135,97.6,51,7h 34m 7s,1.557,2,completioncredit_globalkl002_e5,Completion-wide credit + global KL 0.02,453,3.28,7.8e-07,162,0.0454,1455,45.82,1d 22h 48m 48s,168.2,168.2,1,0,0,0,0.01141,0,0.03213,-0.006841,-0.005403,0,0,0,1,37.7,43.53,1,34.85,0,1,0.03306,1.653,1,0.842,0.3212,1,0,0,0
0,136,95.71,73,7h 36m 51s,1.56,2,completioncredit_globalkl002_e5,Completion-wide credit + global KL 0.02,454,3.361,7.8e-07,163,0.07407,1455,45.82,1d 22h 45m 34s,163.8,168.2,1,0,0,0,0.003693,0,0.06726,0.05423,-0.02289,0,0,0,1,37.78,43.59,1,33.26,0,1,0.03236,1.618,1,0.8744,0.5395,1,0,0,0
0.006944,160,96.79,72,7h 39m 34s,1.564,2,completioncredit_globalkl002_e5,Completion-wide credit + global KL 0.02,455,2.603,7.8e-07,164,0.03955,1455,45.82,1d 22h 42m 15s,162.8,168.1,1,0,0,0,-0.01985,0,0.04851,0.09606,-0.02473,-0.03397,0,0,1,39.53,45.78,1,34.89,0,1,0.03111,1.556,1,0.8358,0.5369,1,0.05556,-0.04514,0.02778
0.006944,160,100.5,73,7h 42m 21s,1.567,2,completioncredit_globalkl002_e5,Completion-wide credit + global KL 0.02,456,2.87,7.8e-07,165,0.04365,1455,45.82,1d 22h 39m 21s,166.9,168.1,1,0,0,0,0,0,0.05063,0.07103,-0.03132,-0.02155,0,0,1,38.43,44.39,1,33.27,0,1,0.03264,1.632,1,0.9871,0.2987,1,0.05556,-0.003472,0
0.03472,160,101.5,76,7h 44m 60s,1.57,2,completioncredit_globalkl002_e5,Completion-wide credit + global KL 0.02,457,2.819,7.8e-07,166,0.01203,1455,45.82,1d 22h 35m 34s,158.2,168.1,1,0,0,0,-0.03795,0,-0.02143,0.03702,-0.01319,-0.03795,0,0,1,39.53,45.8,1,33.35,0,1,0.03069,1.535,1,0.8844,0.2705,1,0.05556,-0.05556,0.05556
0.06944,160,104.5,74,7h 47m 41s,1.574,2,completioncredit_globalkl002_e5,Completion-wide credit + global KL 0.02,458,3.506,7.7e-07,167,-0.02527,1455,45.82,1d 22h 32m 9s,161.6,168,1,0,0,0,-0.04406,0,-0.09404,0.01012,-0.03606,-0.05627,0,0,1,39.53,45.78,1,34.15,0,1,0.03222,1.611,1,0.8925,0.3008,1,0.08333,-0.05729,0.05556
0.05556,160,103.4,77,7h 50m 25s,1.577,2,completioncredit_globalkl002_e5,Completion-wide credit + global KL 0.02,459,2.875,7.7e-07,168,-0.01243,1455,45.82,1d 22h 28m 52s,163.1,168,1,0,0,0,-0.02943,0,-0.03193,0.03732,-0.03098,-0.04034,0,0,1,39.53,45.76,1,34.68,0,1,0.03139,1.569,1,0.855,0.25,1,0.08333,-0.08333,0.08333
0.03472,160,98.25,67,7h 53m 7s,1.581,2,completioncredit_globalkl002_e5,Completion-wide credit + global KL 0.02,460,3.393,7.7e-07,169,-0.01655,1455,45.82,1d 22h 25m 30s,161.9,168,1,0,0,0,-0.07029,0,-0.1556,-0.0005499,-0.03468,-0.08208,0,0,1,39.53,45.76,1,33.55,0,1,0.03194,1.597,1,0.8466,0.39,1,0.1389,-0.1163,0.1111
0.02083,160,97.08,71,7h 55m 60s,1.584,2,completioncredit_globalkl002_e5,Completion-wide credit + global KL 0.02,461,2.37,7.7e-07,170,0.007261,1455,45.82,1d 22h 23m 9s,172.5,168,1,0,0,0,-0.0209,0,0.009101,0.03371,-0.0121,-0.0209,0,0,1,39.53,45.76,1,36.24,0,1,0.02931,1.465,1,0.9549,0.3892,1,0.02778,-0.02778,0.02778
0.006944,160,94.08,72,7h 58m 47s,1.588,2,completioncredit_globalkl002_e5,Completion-wide credit + global KL 0.02,462,3.562,7.7e-07,171,0.01827,1455,45.82,1d 22h 20m 17s,167.1,168,1,0,0,0,0.002598,0,0.03777,0.02145,-0.01497,0,0,0,1,36.76,42.36,1,33.72,0,1,0.02861,1.431,1,0.935,0.4169,1,0,0,0
0,122,93.48,59,8h 1m 35s,1.591,2,completioncredit_globalkl002_e5,Completion-wide credit + global KL 0.02,463,3.476,7.7e-07,172,0.03946,1455,45.82,1d 22h 17m 29s,167.7,168,1,0,0,0,0,0,0.01549,0.01766,-0.03231,0,0,0,1,36.68,42.24,1,33.79,0,1,0.03014,1.507,1,0.9709,0.4494,1,0,0,0
0.01389,160,92.15,69,8h 4m 24s,1.595,2,completioncredit_globalkl002_e5,Completion-wide credit + global KL 0.02,464,3.266,7.7e-07,173,0.005035,1455,45.82,1d 22h 14m 47s,168.8,168,1,0,0,0,-0.001397,0,0.03369,0.01201,-0.005115,0,0,0,1,36.76,42.36,1,33.24,0,1,0.02819,1.41,1,0.9563,0.3361,1,0,0,0
0.01389,160,92.96,66,8h 7m 11s,1.598,2,completioncredit_globalkl002_e5,Completion-wide credit + global KL 0.02,465,3.032,7.7e-07,174,0.01397,1455,45.82,1d 22h 11m 52s,166.6,168,1,0,0,0,0,0,0.01424,0.0006664,-0.01548,0,0,0,1,37.12,42.83,1,33.81,0,1,0.02917,1.458,1,0.9624,0.2877,1,0,0,0
0.006944,160,91.09,72,8h 9m 59s,1.601,2,completioncredit_globalkl002_e5,Completion-wide credit + global KL 0.02,466,3.607,7.7e-07,175,0.02014,1455,45.82,1d 22h 9m 5s,167.9,168,1,0,0,0,0,0,0.07124,0.04543,-0.003737,0,0,0,1,36.1,41.52,1,32.99,0,1,0.02944,1.472,1,0.9686,0.3922,1,0,0,0
0.02778,160,93,66,8h 12m 46s,1.605,2,completioncredit_globalkl002_e5,Completion-wide credit + global KL 0.02,467,3.125,7.7e-07,176,-0.01395,1455,45.82,1d 22h 6m 10s,166.6,168,1,0,0,0,0,0,0.06033,0.04396,-0.01159,0,0,0,1,36.1,41.56,1,33.12,0,1,0.02806,1.403,1,0.9508,0.4396,1,0,0,0
0.02778,160,91.47,67,8h 15m 30s,1.608,2,completioncredit_globalkl002_e5,Completion-wide credit + global KL 0.02,468,2.558,7.7e-07,177,0.0206,1455,45.82,1d 22h 3m 4s,164.5,168,1,0,0,0,0,0,0.07271,0.06301,-0.01911,0,0,0,1,36.46,42.01,1,36.72,0,1,0.02889,1.444,1,0.9467,0.4958,1,0,0,0
0.04167,160,91.17,66,8h 18m 16s,1.612,2,completioncredit_globalkl002_e5,Completion-wide credit + global KL 0.02,469,5.818,7.6e-07,178,-0.01032,1455,45.82,1d 22h 0m 2s,165.1,168,1,0,0,0,-0.05704,0,0.01164,0.09705,-2.277e-05,-0.05704,0,0,1,39.53,45.72,1,33.1,0,1,0.02875,1.438,1,0.8672,0.4206,1,0.05556,-0.05556,0.05556
0.05556,160,92.41,69,8h 21m 2s,1.615,2,completioncredit_globalkl002_e5,Completion-wide credit + global KL 0.02,470,3.843,7.6e-07,179,-0.05346,1455,45.82,1d 21h 57m 5s,166.1,167.9,1,0,0,0,-0.08241,0,-0.1299,0.01721,-0.0114,-0.08241,0,0,1,39.53,45.72,1,33.37,0,1,0.02917,1.458,1,0.8512,0.5723,1,0.08333,-0.08333,0.08333
0.04167,160,90.44,66,8h 23m 52s,1.619,2,completioncredit_globalkl002_e5,Completion-wide credit + global KL 0.02,471,3.712,7.6e-07,180,-0.05597,1455,45.82,1d 21h 54m 26s,169.4,168,1,0,0,0,0,0,0.02926,0.003505,-0.00171,0,0,0,1,35.88,41.24,1,35.24,0,1,0.0275,1.375,1,0.8664,0.3223,1,0,0,0
0.02778,160,89.95,68,8h 26m 40s,1.622,2,completioncredit_globalkl002_e5,Completion-wide credit + global KL 0.02,472,3.343,7.6e-07,181,-0.04702,1455,45.82,1d 21h 51m 39s,167.8,168,1,0,0,0,0,0,0.03928,0.0281,-0.01726,0,0,0,1,35.22,40.48,1,34.16,0,1,0.02833,1.417,1,0.9433,0.5196,1,0,0,0
0.05556,160,90.12,64,8h 29m 24s,1.625,2,completioncredit_globalkl002_e5,Completion-wide credit + global KL 0.02,473,3.783,7.6e-07,182,-0.04072,1455,45.82,1d 21h 48m 29s,163.6,167.9,1,0,0,0,-0.03626,0,-0.02816,0.02226,-0.0061,-0.03626,0,0,1,39.53,45.78,1,34.22,0,1,0.02819,1.41,1,0.8221,0.4725,1,0.08333,-0.08333,0.08333
0.02083,160,87.39,67,8h 32m 11s,1.629,2,completioncredit_globalkl002_e5,Completion-wide credit + global KL 0.02,474,3.79,7.6e-07,183,-0.006588,1455,45.82,1d 21h 45m 36s,166.8,167.9,1,0,0,0,0,0,0.0436,0.01113,0.005377,0,0,0,1,35.44,40.78,1,33.95,0,1,0.02708,1.354,1,0.9656,0.5457,1,0,0,0
0.02083,160,88.81,72,8h 35m 2s,1.632,2,completioncredit_globalkl002_e5,Completion-wide credit + global KL 0.02,475,3.591,7.6e-07,184,-0.01559,1455,45.82,1d 21h 43m 7s,170.9,167.9,1,0,0,0,-0.03011,0,-0.04422,0.01054,-0.022,-0.03011,0,0,1,39.53,45.78,1,34.47,0,1,0.0275,1.375,1,0.881,0.4907,1,0.02778,-0.02778,0.02778
0.02083,160,86.37,66,8h 37m 52s,1.636,2,completioncredit_globalkl002_e5,Completion-wide credit + global KL 0.02,476,5.457,7.6e-07,185,0.02199,1455,45.82,1d 21h 40m 29s,169.6,168,1,0,0,0,-0.02792,0,-0.02514,0.009647,-0.005317,-0.02792,0,0,1,39.53,45.78,1,33.24,0,1,0.02639,1.319,1,0.8814,0.3832,1,0.02778,-0.02778,0.02778
0.03472,160,86.34,67,8h 40m 42s,1.639,2,completioncredit_globalkl002_e5,Completion-wide credit + global KL 0.02,477,4.053,7.6e-07,186,-0.02626,1455,45.82,1d 21h 37m 50s,169.4,168,1,0,0,0,-0.03105,0,0.02283,0.05264,0.004953,-0.03105,0,0,1,39.53,45.78,1,34.89,0,1,0.02736,1.368,1,0.9263,0.4317,1,0.02778,-0.02778,0.02778
0.006944,160,84.12,66,8h 43m 28s,1.643,2,completioncredit_globalkl002_e5,Completion-wide credit + global KL 0.02,478,3.524,7.6e-07,187,0.02141,1455,45.82,1d 21h 34m 56s,166.5,168,1,0,0,0,0,0,0.02101,-0.004339,-0.0005343,0,0,0,1,35.95,41.34,1,33.07,0,1,0.02583,1.292,1,0.9454,0.403,1,0,0,0
0.01389,160,85.76,68,8h 46m 18s,1.646,2,completioncredit_globalkl002_e5,Completion-wide credit + global KL 0.02,479,3.428,7.6e-07,188,0.01188,1455,45.82,1d 21h 32m 19s,169.9,168,1,0,0,0,-0.02565,0,-0.014,0.03469,-0.02473,-0.02565,0,0,1,39.53,45.74,1,34.23,0,1,0.02736,1.368,1,0.9367,0.5583,1,0.02778,-0.02778,0.02778
0.02083,160,83.78,66,8h 49m 9s,1.649,2,completioncredit_globalkl002_e5,Completion-wide credit + global KL 0.02,480,3.69,7.5e-07,189,-0.0002092,1455,45.82,1d 21h 29m 44s,170.1,168,1,0,0,0,0,0,0.03846,0.01749,-0.004782,0,0,0,1,35.22,40.48,1,33.1,0,1,0.02569,1.285,1,0.9693,0.3618,1,0,0,0
0.0625,160,89.24,68,8h 51m 56s,1.653,2,completioncredit_globalkl002_e5,Completion-wide credit + global KL 0.02,481,3.954,7.5e-07,190,-0.07209,1455,45.82,1d 21h 26m 49s,166.5,168,1,0,0,0,-0.03196,0,-0.05094,0.008447,-0.02086,-0.03196,0,0,1,39.53,43.06,1,32.47,0,1,0.02542,1.271,1,0.9404,0.5376,1,0.02778,-0.02778,0.02778
0.006944,160,82.42,66,8h 54m 49s,1.656,2,completioncredit_globalkl002_e5,Completion-wide credit + global KL 0.02,482,2.741,7.5e-07,191,0.04068,1455,45.82,1d 21h 24m 30s,173.4,168,1,0,0,0,0,0,0.06088,0.04571,-0.01193,0,0,0,1,35.51,40.81,1,35.52,0,1,0.02708,1.354,1,0.9836,0.4332,1,0,0,0
0.04167,160,85.34,68,8h 57m 35s,1.66,2,completioncredit_globalkl002_e5,Completion-wide credit + global KL 0.02,483,4.238,7.5e-07,192,-0.04229,1455,45.82,1d 21h 21m 32s,165.8,168,1,0,0,0,-0.02437,0,-0.09923,-0.0116,-0.03745,-0.05266,0,0,1,39.53,45.78,1,35.9,0,1,0.02694,1.347,1,0.8896,0.3912,1,0.05556,-0.04688,0.02778
0.04167,160,85.58,69,9h 0m 19s,1.663,2,completioncredit_globalkl002_e5,Completion-wide credit + global KL 0.02,484,3.82,7.5e-07,193,-0.04213,1455,45.82,1d 21h 18m 22s,163.2,168,1,0,0,0,2.089e-05,0,0.02541,0.02477,-0.02672,0,0,0,1,36.03,41.46,1,34.73,0,1,0.02736,1.368,1,0.9007,0.4365,1,0,0,0
0.05556,160,85.07,65,9h 3m 4s,1.667,2,completioncredit_globalkl002_e5,Completion-wide credit + global KL 0.02,485,3.421,7.5e-07,194,-0.06698,1455,45.82,1d 21h 15m 20s,165.1,168,1,0,0,0,-0.07677,0,-0.1289,0.009545,-0.01277,-0.07677,0,0,1,39.53,45.78,1,35.04,0,1,0.02778,1.389,1,0.8823,0.4072,1,0.08333,-0.08333,0.08333
0.03472,160,85.33,68,9h 5m 48s,1.67,2,completioncredit_globalkl002_e5,Completion-wide credit + global KL 0.02,486,3.312,7.5e-07,195,-0.02233,1455,45.82,1d 21h 12m 14s,164.1,167.9,1,0,0,0,-0.03396,0,-0.007518,0.04281,-0.01216,-0.0324,0,0,1,39.53,45.72,1,34.88,0,1,0.02819,1.41,1,0.8986,0.5875,1,0.02778,-0.02778,0.02778
0.04167,160,84.35,66,9h 8m 37s,1.674,2,completioncredit_globalkl002_e5,Completion-wide credit + global KL 0.02,487,3.545,7.5e-07,196,-0.04067,1455,45.82,1d 21h 9m 29s,168.1,167.9,1,0,0,0,-0.04323,0,-0.06248,-0.003722,-0.0004891,-0.04323,0,0,1,39.53,45.78,1,35.2,0,1,0.02819,1.41,1,0.9236,0.279,1,0.05556,-0.05556,0.05556
0.02083,160,83.7,67,9h 11m 23s,1.677,2,completioncredit_globalkl002_e5,Completion-wide credit + global KL 0.02,488,3.628,7.5e-07,197,0.01057,1455,45.82,1d 21h 6m 32s,165.9,167.9,1,0,0,0,0,0,0.03382,0.002252,0.00252,0,0,0,1,34.78,39.88,1,32.98,0,1,0.02903,1.451,1,0.8762,0.4434,1,0,0,0
0.02083,160,83.63,66,9h 14m 8s,1.68,2,completioncredit_globalkl002_e5,Completion-wide credit + global KL 0.02,489,3.783,7.5e-07,198,0.01169,1455,45.82,1d 21h 3m 31s,165.2,167.9,1,0,0,0,-0.03237,0,-0.05805,-0.01822,-0.004138,-0.03237,0,0,1,39.53,45.78,1,33.77,0,1,0.02917,1.458,1,0.892,0.3912,1,0.02778,-0.02778,0.02778
0.02778,160,85.28,69,9h 16m 54s,1.684,2,completioncredit_globalkl002_e5,Completion-wide credit + global KL 0.02,490,4.475,7.5e-07,199,0.02359,1455,45.82,1d 21h 0m 33s,165.5,167.9,1,0,0,0,-3.751e-05,0,0.02008,0.0008566,-0.01064,0,0,0,1,34.93,40.07,1,33.63,0,1,0.03,1.5,1,0.9401,0.3477,1,0,0,0
0.03472,160,84.18,66,9h 19m 40s,1.687,2,completioncredit_globalkl002_e5,Completion-wide credit + global KL 0.02,491,4.279,7.4e-07,200,0.04729,1455,45.82,1d 20h 57m 35s,165.7,167.9,1,0,0,0,-0.03709,0,0.02,0.07195,-0.006455,-0.03709,0,0,1,39.53,45.76,1,33.79,0,1,0.02875,1.438,1,0.915,0.3954,1,0.02778,-0.02778,0.02778
0.02083,160,83.26,69,9h 22m 31s,1.691,2,completioncredit_globalkl002_e5,Completion-wide credit + global KL 0.02,492,3.508,7.4e-07,201,0.04459,1455,45.82,1d 20h 55m 2s,170.7,167.9,1,0,0,0,0,0,0.08661,0.04994,0.007623,0,0,0,1,34.78,39.9,1,35.72,0,1,0.02917,1.458,1,0.9341,0.6464,1,0,0,0
0.01389,160,83.96,65,9h 25m 22s,1.694,2,completioncredit_globalkl002_e5,Completion-wide credit + global KL 0.02,493,3.487,7.4e-07,202,0.01806,1455,45.82,1d 20h 52m 27s,170.4,167.9,1,0,0,0,0,0,0.05952,0.03684,-0.007467,0,0,0,1,35.51,40.85,1,33.19,0,1,0.03014,1.507,1,0.9757,0.4085,1,0,0,0
0.04861,160,88.1,68,9h 28m 6s,1.698,2,completioncredit_globalkl002_e5,Completion-wide credit + global KL 0.02,494,3.507,7.4e-07,203,-0.002411,1455,45.82,1d 20h 49m 24s,164.4,167.9,1,0,0,0,-0.03243,0,0.08386,0.1269,-0.008051,-0.03243,0,0,1,39.53,45.78,1,34.67,0,1,0.02986,1.493,1,0.8294,0.5077,1,0.02778,-0.02778,0.02778
0.04861,160,89.82,73,9h 30m 50s,1.701,2,completioncredit_globalkl002_e5,Completion-wide credit + global KL 0.02,495,3.479,7.4e-07,204,-0.01459,1455,45.82,1d 20h 46m 15s,163.2,167.9,1,0,0,0,-0.06904,0,-0.09011,0.01446,0.001044,-0.06904,0,0,1,39.53,45.78,1,37,0,1,0.0325,1.625,1,0.8293,0.5319,1,0.05556,-0.05556,0.05556
0.02778,160,87.27,71,9h 33m 39s,1.704,2,completioncredit_globalkl002_e5,Completion-wide credit + global KL 0.02,496,3.197,7.4e-07,205,0.02293,1455,45.82,1d 20h 43m 34s,169.2,167.9,1,0,0,0,-0.03147,0,-0.008634,0.02389,-0.001074,-0.03147,0,0,1,39.53,45.8,1,37.02,0,1,0.03153,1.576,1,0.9018,0.2847,1,0.02778,-0.02778,0.02778
0.1319,160,96.45,69,9h 36m 14s,1.708,2,completioncredit_globalkl002_e5,Completion-wide credit + global KL 0.02,497,4.117,7.4e-07,206,-0.1966,1455,45.82,1d 20h 39m 44s,154.3,167.8,1,0,0,0,-0.1714,0,-0.2748,0.03964,-0.005383,-0.1714,0,0,1,39.53,45.8,1,33.13,0,1,0.03361,1.681,1,0.7791,0.3772,1,0.1944,-0.1944,0.1944
0.1389,160,95.19,64,9h 38m 53s,1.711,2,completioncredit_globalkl002_e5,Completion-wide credit + global KL 0.02,498,4.879,7.4e-07,207,-0.176,1455,45.82,1d 20h 36m 18s,159.3,167.8,1,0,0,0,-0.1146,0,-0.1681,0.03072,-0.002026,-0.1146,0,0,1,39.53,45.74,1,37.11,0,1,0.03264,1.632,1,0.787,0.4632,1,0.1667,-0.1667,0.1667
0.09028,160,92.44,71,9h 41m 36s,1.715,2,completioncredit_globalkl002_e5,Completion-wide credit + global KL 0.02,499,4.526,7.4e-07,208,-0.09695,1455,45.82,1d 20h 33m 7s,162.5,167.8,1,0,0,0,-0.09711,0,-0.08943,0.07307,0.0002297,-0.09711,0,0,1,39.53,45.76,1,34.11,0,1,0.03153,1.576,1,0.8211,0.5292,1,0.08333,-0.08333,0.08333
0.1042,160,93.58,69,9h 44m 21s,1.718,2,completioncredit_globalkl002_e5,Completion-wide credit + global KL 0.02,500,3.797,7.4e-07,209,-0.1079,1455,45.82,1d 20h 30m 8s,165,167.8,1,0,0,0,-0.06768,0,-0.07482,0.04064,-0.01234,-0.06768,0,0,1,39.53,45.76,1,38.46,0,1,0.03236,1.618,1,0.934,0.4184,1,0.05556,-0.05556,0.05556
0.08333,160,90.86,69,9h 47m 3s,1.722,2,completioncredit_globalkl002_e5,Completion-wide credit + global KL 0.02,501,5.845,7.3e-07,210,-0.07981,1455,45.82,1d 20h 26m 52s,161.4,167.7,1,0,0,0,-0.09789,0,-0.1484,0.01093,0.004453,-0.09789,0,0,1,39.53,45.78,1,35.83,0,1,0.03181,1.59,1,0.8447,0.6075,1,0.08333,-0.08333,0.08333
0.03472,160,86.49,66,9h 49m 47s,1.725,2,completioncredit_globalkl002_e5,Completion-wide credit + global KL 0.02,502,3.353,7.3e-07,211,0.02754,1455,45.82,1d 20h 23m 47s,163.5,167.7,1,0,0,0,-0.07973,0,-0.08895,0.03027,0.00874,-0.07973,0,0,1,39.53,45.78,1,35.9,0,1,0.03153,1.576,1,0.8806,0.4241,1,0.08333,-0.08333,0.08333
0.07639,160,89.81,69,9h 52m 33s,1.729,2,completioncredit_globalkl002_e5,Completion-wide credit + global KL 0.02,503,3.018,7.3e-07,212,-0.05208,1455,45.82,1d 20h 20m 53s,166.2,167.7,1,0,0,0,-0.08387,0,-0.06912,0.07102,-0.002783,-0.08387,0,0,1,39.53,45.78,1,35.5,0,1,0.03028,1.514,1,0.8914,0.5669,1,0.08333,-0.08333,0.08333
0.1042,160,91.71,72,9h 55m 12s,1.732,2,completioncredit_globalkl002_e5,Completion-wide credit + global KL 0.02,504,5.234,7.3e-07,213,-0.1229,1455,45.82,1d 20h 17m 28s,159,167.7,1,0,0,0,-0.1699,0,-0.2495,0.0532,0.00553,-0.1699,0,0,1,39.53,45.72,1,36.77,0,1,0.03153,1.576,1,0.8089,0.455,1,0.1389,-0.1389,0.1389
0.0625,160,86.66,69,9h 57m 57s,1.735,2,completioncredit_globalkl002_e5,Completion-wide credit + global KL 0.02,505,3.249,7.3e-07,214,0.008989,1455,45.82,1d 20h 14m 27s,164.4,167.6,1,0,0,0,-0.06771,0,0.01479,0.1201,-0.0005733,-0.06771,0,0,1,39.53,45.78,1,37.03,0,1,0.03056,1.528,1,0.8279,0.4075,1,0.05556,-0.05556,0.05556
0.04167,160,85.03,69,10h 0m 40s,1.739,2,completioncredit_globalkl002_e5,Completion-wide credit + global KL 0.02,506,3.886,7.3e-07,215,0.00673,1455,45.82,1d 20h 11m 19s,162.9,167.6,1,0,0,0,-0.03242,0,-0.04122,-0.007907,0.00248,-0.03242,0,0,1,39.53,45.79,1,33.69,0,1,0.02917,1.458,1,0.8956,0.5399,1,0.05556,-0.05556,0.05556
0.06944,160,87.19,63,10h 3m 28s,1.742,2,completioncredit_globalkl002_e5,Completion-wide credit + global KL 0.02,507,3.777,7.3e-07,216,-0.04308,1455,45.82,1d 20h 8m 31s,167.3,167.6,1,0,0,0,-0.07424,0,-0.01073,0.1048,0.002846,-0.07424,0,0,1,39.53,45.8,1,37.01,0,1,0.03014,1.507,1,0.8223,0.394,1,0.1389,-0.1389,0.1389
0.04861,160,84.26,68,10h 6m 16s,1.746,2,completioncredit_globalkl002_e5,Completion-wide credit + global KL 0.02,508,4.336,7.3e-07,217,-0.02877,1455,45.82,1d 20h 5m 47s,168.2,167.6,1,0,0,0,-0.03539,0,-0.05587,-0.005048,-0.008244,-0.03539,0,0,1,39.53,45.81,1,36.45,0,1,0.02819,1.41,1,0.9379,0.4856,1,0.02778,-0.02778,0.02778
0.05556,160,84.76,67,10h 8m 59s,1.749,2,completioncredit_globalkl002_e5,Completion-wide credit + global KL 0.02,509,4.688,7.3e-07,218,-0.006854,1455,45.82,1d 20h 2m 41s,163.2,167.6,1,0,0,0,-0.03327,0,-0.02278,0.01048,0.004831,-0.03327,0,0,1,39.53,45.82,1,34.78,0,1,0.02847,1.424,1,0.9054,0.5907,1,0.02778,-0.02778,0.02778
0.1111,160,88.76,67,10h 11m 45s,1.753,2,completioncredit_globalkl002_e5,Completion-wide credit + global KL 0.02,510,3.478,7.3e-07,219,-0.1426,1455,45.82,1d 19h 59m 46s,165.7,167.6,1,0,0,0,-0.159,0,-0.2481,0.04115,-5.278e-05,-0.159,0,0,1,39.53,45.8,1,37.59,0,1,0.02875,1.438,1,0.8302,0.4888,1,0.1389,-0.1389,0.1389
0.1181,160,89.12,70,10h 14m 22s,1.756,2,completioncredit_globalkl002_e5,Completion-wide credit + global KL 0.02,511,3.449,7.3e-07,220,-0.1477,1455,45.82,1d 19h 56m 13s,156.7,167.6,1,0,0,0,-0.05189,0,0.02021,0.09186,0.00418,-0.05189,0,0,1,39.53,45.78,1,35.98,0,1,0.02806,1.403,1,0.9025,0.3634,1,0.05556,-0.05556,0.05556
0.02778,160,80.17,65,10h 17m 10s,1.759,2,completioncredit_globalkl002_e5,Completion-wide credit + global KL 0.02,512,5.881,7.2e-07,221,0.007719,1455,45.82,1d 19h 53m 25s,167.4,167.6,1,0,0,0,-0.03559,0,-0.03996,0.005489,-0.002092,-0.03559,0,0,1,39.53,45.74,1,34.96,0,1,0.02778,1.389,1,0.9309,0.4307,1,0.02778,-0.02778,0.02778
0.05556,160,81.86,67,10h 19m 56s,1.763,2,completioncredit_globalkl002_e5,Completion-wide credit + global KL 0.02,513,3.798,7.2e-07,222,-0.02305,1455,45.82,1d 19h 50m 30s,165.4,167.5,1,0,0,0,-0.1742,0,-0.2642,0.05103,0.004337,-0.1742,0,0,1,39.53,45.76,1,36.38,0,1,0.02889,1.444,1,0.7724,0.294,1,0.1389,-0.1389,0.1389
0.006944,160,78.58,68,10h 22m 41s,1.766,2,completioncredit_globalkl002_e5,Completion-wide credit + global KL 0.02,514,3.412,7.2e-07,223,0.05204,1455,45.82,1d 19h 47m 34s,165.3,167.5,1,0,0,0,0,0,0.07016,0.04443,-0.0001492,0,0,0,1,34.49,39.49,1,34.61,0,1,0.02583,1.292,1,0.9705,0.355,1,0,0,0
0.02778,160,79.11,65,10h 25m 26s,1.77,2,completioncredit_globalkl002_e5,Completion-wide credit + global KL 0.02,515,3.48,7.2e-07,224,0.0635,1455,45.82,1d 19h 44m 33s,164.3,167.5,1,0,0,0,-0.0349,0,0.0877,0.1377,-0.006455,-0.0349,0,0,1,39.53,45.76,1,34.97,0,1,0.02625,1.312,1,0.9398,0.4371,1,0.02778,-0.02778,0.02778
0.02083,160,78.61,62,10h 28m 16s,1.773,2,completioncredit_globalkl002_e5,Completion-wide credit + global KL 0.02,516,3.948,7.2e-07,225,0.02587,1455,45.82,1d 19h 41m 58s,170.3,167.5,1,0,0,0,-0.07765,0,-0.1164,0.01301,-0.0005058,-0.07765,0,0,1,39.53,45.76,1,35.09,0,1,0.02639,1.319,1,0.8466,0.5408,1,0.05556,-0.05556,0.05556
0.01389,160,78.32,65,10h 31m 2s,1.777,2,completioncredit_globalkl002_e5,Completion-wide credit + global KL 0.02,517,2.917,7.2e-07,226,0.0804,1455,45.82,1d 19h 39m 4s,165.6,167.5,1,0,0,0,-0.0403,0,-0.02787,0.02828,-0.002418,-0.0403,0,0,1,39.53,45.78,1,34.12,0,1,0.02694,1.347,1,0.9573,0.2627,1,0.02778,-0.02778,0.02778
0.03472,160,80.09,64,10h 33m 52s,1.78,2,completioncredit_globalkl002_e5,Completion-wide credit + global KL 0.02,518,4.043,7.2e-07,227,0.07006,1455,45.82,1d 19h 36m 26s,169.8,167.5,1,0,0,0,-0.04754,0,-0.06367,0.002796,0.001885,-0.04754,0,0,1,39.53,45.74,1,39.59,0,1,0.02667,1.333,1,0.8502,0.4982,1,0.05556,-0.05556,0.05556
0.02778,160,79.55,67,10h 36m 44s,1.784,2,completioncredit_globalkl002_e5,Completion-wide credit + global KL 0.02,519,4.735,7.2e-07,228,-0.001973,1455,45.82,1d 19h 33m 57s,171.8,167.6,1,0,0,0,0,0,0.07216,0.04476,0.001273,0,0,0,1,34.35,39.33,1,35.07,0,1,0.02611,1.306,1,0.9709,0.4332,1,0,0,0
0.006944,160,77.48,66,10h 39m 30s,1.787,2,completioncredit_globalkl002_e5,Completion-wide credit + global KL 0.02,520,4.201,7.2e-07,229,0.06514,1455,45.82,1d 19h 31m 2s,165.4,167.6,1,0,0,0,-0.03804,0,0.09982,0.1489,-0.001878,-0.03697,0,0,1,39.53,45.78,1,34.79,0,1,0.02778,1.389,1,0.8668,0.2811,1,0.02778,-0.02778,0.02778
0.01389,160,79,66,10h 42m 17s,1.79,2,completioncredit_globalkl002_e5,Completion-wide credit + global KL 0.02,521,4.901,7.2e-07,230,0.06407,1455,45.82,1d 19h 28m 15s,167.4,167.6,1,0,0,0,0,0,0.03196,0.001802,0.0006209,0,0,0,1,34.13,39.1,1,37.33,0,1,0.02944,1.472,1,0.9795,0.4032,1,0,0,0
0.03472,160,80.33,66,10h 45m 1s,1.794,2,completioncredit_globalkl002_e5,Completion-wide credit + global KL 0.02,522,3.667,7.1e-07,231,0.01537,1455,45.82,1d 19h 25m 13s,163.8,167.5,1,0,0,0,0,0,0.2397,0.213,-0.003269,0,0,0,1,34.27,39.23,1,34.9,0,1,0.02986,1.493,1,0.9578,0.467,1,0,0,0
0.04861,160,81.81,66,10h 47m 44s,1.797,2,completioncredit_globalkl002_e5,Completion-wide credit + global KL 0.02,523,4.392,7.1e-07,232,-0.02078,1455,45.82,1d 19h 22m 4s,162,167.5,1,0,0,0,-0.0371,0,-0.02235,0.01983,0.002717,-0.0371,0,0,1,39.53,45.72,1,34.66,0,1,0.02931,1.465,1,0.9607,0.3929,1,0.02778,-0.02778,0.02778
0.03472,160,80.6,68,10h 50m 27s,1.801,2,completioncredit_globalkl002_e5,Completion-wide credit + global KL 0.02,524,4.73,7.1e-07,233,-0.0225,1455,45.82,1d 19h 19m 1s,163.4,167.5,1,0,0,0,-0.07301,0,-0.1005,0.01655,0.0002797,-0.07301,0,0,1,39.53,45.76,1,35.04,0,1,0.02875,1.438,1,0.8588,0.6892,1,0.05556,-0.05556,0.05556
0.05556,160,82.44,64,10h 53m 10s,1.804,2,completioncredit_globalkl002_e5,Completion-wide credit + global KL 0.02,525,4.62,7.1e-07,234,-0.06356,1455,45.82,1d 19h 15m 53s,162.2,167.5,1,0,0,0,-0.1112,0,-0.1173,0.07642,-0.0009229,-0.1112,0,0,1,39.53,45.72,1,35.11,0,1,0.02958,1.479,1,0.8669,0.3693,1,0.08333,-0.08333,0.08333
0.03472,160,81.59,64,10h 55m 55s,1.808,2,completioncredit_globalkl002_e5,Completion-wide credit + global KL 0.02,526,3.863,7.1e-07,235,-0.03192,1455,45.82,1d 19h 12m 57s,165.1,167.5,1,0,0,0,-0.06896,0,-0.002124,0.1003,0.006714,-0.06896,0,0,1,39.53,45.76,1,35.7,0,1,0.02889,1.444,1,0.8405,0.3036,1,0.05556,-0.05556,0.05556
0.02778,160,79.05,66,10h 58m 37s,1.811,2,completioncredit_globalkl002_e5,Completion-wide credit + global KL 0.02,527,3.35,7.1e-07,236,0.01153,1455,45.82,1d 19h 9m 48s,161.7,167.4,1,0,0,0,-0.0766,0,-0.02139,0.1007,0.001832,-0.0766,0,0,1,39.53,45.74,1,33.78,0,1,0.02931,1.465,1,0.9358,0.4578,1,0.05556,-0.05556,0.05556
0.03472,160,80.53,64,11h 1m 23s,1.814,2,completioncredit_globalkl002_e5,Completion-wide credit + global KL 0.02,528,3.202,7.1e-07,237,-0.01813,1455,45.82,1d 19h 6m 55s,165.8,167.4,1,0,0,0,-0.1519,0,-0.2176,0.05869,-0.001438,-0.1519,0,0,1,39.53,45.72,1,35.88,0,1,0.02917,1.458,1,0.8204,0.3639,1,0.1111,-0.1111,0.1111
0.006944,160,77.85,64,11h 4m 14s,1.818,2,completioncredit_globalkl002_e5,Completion-wide credit + global KL 0.02,529,3.981,7.1e-07,238,0.05261,1455,45.82,1d 19h 4m 22s,170.8,167.5,1,0,0,0,0,0,0.05484,0.02331,0.003095,0,0,0,1,33.98,38.84,1,35.61,0,1,0.02833,1.417,1,0.9317,0.5004,1,0,0,0
0,134,77.94,69,11h 6m 59s,1.821,2,completioncredit_globalkl002_e5,Completion-wide credit + global KL 0.02,530,3.8,7.1e-07,239,0.107,1455,45.82,1d 19h 1m 27s,165.3,167.4,1,0,0,0,0,0,0.1225,0.1241,-0.02961,0,0,0,1,37.63,43.45,1,34.53,0,1,0.02792,1.396,1,0.9677,0.1714,1,0,0,0
0.006944,160,78.21,68,11h 9m 46s,1.825,2,completioncredit_globalkl002_e5,Completion-wide credit + global KL 0.02,531,3.941,7.1e-07,240,0.0382,1455,45.82,1d 18h 58m 37s,166.6,167.4,1,0,0,0,-0.03919,0,-0.04572,0.00383,-0.001579,-0.03919,0,0,1,39.53,45.76,1,34.89,0,1,0.03028,1.514,1,0.9269,0.3165,1,0.02778,-0.02778,0.02778
0,90,78.31,68,11h 12m 31s,1.828,2,completioncredit_globalkl002_e5,Completion-wide credit + global KL 0.02,532,3.656,7e-07,241,0.06874,1455,45.82,1d 18h 55m 38s,164.3,167.4,1,0,0,0,0,0,0.1054,0.07192,0.002677,0,0,0,1,34.42,39.45,1,33.99,0,1,0.03083,1.542,1,0.951,0.4211,1,0,0,0
0,91,78.56,65,11h 15m 12s,1.832,2,completioncredit_globalkl002_e5,Completion-wide credit + global KL 0.02,533,4.362,7e-07,242,0.0549,1455,45.82,1d 18h 52m 27s,161.1,167.4,1,0,0,0,0,0,0.1094,0.08018,-8.307e-05,0,0,0,1,34.13,39.06,1,32.29,0,1,0.02931,1.465,1,0.9283,0.3649,1,0,0,0
0.01389,160,78.99,70,11h 17m 57s,1.835,2,completioncredit_globalkl002_e5,Completion-wide credit + global KL 0.02,534,3.577,7e-07,243,0.02036,1455,45.82,1d 18h 49m 31s,164.8,167.4,1,0,0,0,0,0,0.04411,0.01428,4.111e-05,0,0,0,1,34.2,39.13,1,33.36,0,1,0.02972,1.486,1,0.9647,0.4016,1,0,0,0
0,95,78.61,67,11h 20m 40s,1.838,2,completioncredit_globalkl002_e5,Completion-wide credit + global KL 0.02,535,3.748,7e-07,244,0.04355,1455,45.82,1d 18h 46m 28s,163.2,167.4,1,0,0,0,0,0,0.03164,0.003315,-0.001585,0,0,0,1,34.78,39.86,1,33.48,0,1,0.02986,1.493,1,0.9403,0.5119,1,0,0,0
0,104,79.4,65,11h 23m 31s,1.842,2,completioncredit_globalkl002_e5,Completion-wide credit + global KL 0.02,536,4.393,7e-07,245,0.04342,1455,45.82,1d 18h 43m 54s,170.7,167.4,1,0,0,0,0,0,0.05301,0.0233,-0.001296,0,0,0,1,35,40.11,1,36.58,0,1,0.03111,1.556,1,0.9819,0.4001,1,0,0,0
0,91,79.02,68,11h 26m 16s,1.845,2,completioncredit_globalkl002_e5,Completion-wide credit + global KL 0.02,537,3.405,7e-07,246,0.06709,1455,45.82,1d 18h 40m 58s,164.2,167.4,1,0,0,0,0,0,0.04324,0.01095,0.002381,0,0,0,1,34.49,39.51,1,36.72,0,1,0.03,1.5,1,0.8976,0.2766,1,0,0,0
0,122,79.67,69,11h 28m 58s,1.849,2,completioncredit_globalkl002_e5,Completion-wide credit + global KL 0.02,538,7.753,7e-07,247,0.03089,1455,45.82,1d 18h 37m 48s,161.2,167.4,1,0,0,0,0,0,0.03084,0.002958,-0.00203,0,0,0,1,34.49,39.54,1,33.29,0,1,0.03,1.5,1,0.8462,0.7497,1,0,0,0
0,95,78.88,66,11h 31m 38s,1.852,2,completioncredit_globalkl002_e5,Completion-wide credit + global KL 0.02,539,4.082,7e-07,248,0.03203,1455,45.82,1d 18h 34m 36s,160.3,167.3,1,0,0,0,0,0,0.0311,0.0001601,0.0005424,0,0,0,1,34.49,39.51,1,33.75,0,1,0.03028,1.514,1,0.8739,0.6875,1,0,0,0
0,101,79.15,70,11h 34m 25s,1.856,2,completioncredit_globalkl002_e5,Completion-wide credit + global KL 0.02,540,3.793,7e-07,249,0.03277,1455,45.82,1d 18h 31m 45s,166.1,167.3,1,0,0,0,0,0,0.02819,0.001619,-0.003582,0,0,0,1,34.35,39.33,1,34.19,0,1,0.03014,1.507,1,0.9718,0.5998,1,0,0,0
0,94,79.25,70,11h 37m 11s,1.859,2,completioncredit_globalkl002_e5,Completion-wide credit + global KL 0.02,541,3.955,7e-07,250,0.04312,1455,45.82,1d 18h 28m 54s,166.1,167.3,1,0,0,0,0,0,0.08357,0.05531,-0.001642,0,0,0,1,34.71,39.8,1,34.34,0,1,0.03,1.5,1,0.8514,0.6213,1,0,0,0
0,99,79.72,69,11h 39m 56s,1.863,2,completioncredit_globalkl002_e5,Completion-wide credit + global KL 0.02,542,3.811,6.9e-07,251,0.0325,1455,45.82,1d 18h 25m 59s,165.1,167.3,1,0,0,0,0,0,0.03615,0.009322,-0.003934,0,0,0,1,34.49,39.53,1,32.56,0,1,0.03083,1.542,1,0.9231,0.5053,1,0,0,0
0,98,79.6,70,11h 42m 39s,1.866,2,completioncredit_globalkl002_e5,Completion-wide credit + global KL 0.02,543,3.576,6.9e-07,252,0.03466,1455,45.82,1d 18h 22m 55s,162.6,167.3,1,0,0,0,0,0,0.04189,0.009598,0.001898,0,0,0,1,34.27,39.23,1,32.48,0,1,0.03042,1.521,1,0.9463,0.7486,1,0,0,0
0,96,81.13,70,11h 45m 22s,1.869,2,completioncredit_globalkl002_e5,Completion-wide credit + global KL 0.02,544,3.034,6.9e-07,253,0.03588,1455,45.82,1d 18h 19m 54s,163.2,167.3,1,0,0,0,0,0,0.03747,0.005772,0.001301,0,0,0,1,34.49,39.54,1,32.59,0,1,0.03028,1.514,1,0.9908,0.4908,1,0,0,0
0,100,82.12,70,11h 48m 6s,1.873,2,completioncredit_globalkl002_e5,Completion-wide credit + global KL 0.02,545,3.161,6.9e-07,254,0.03138,1455,45.82,1d 18h 16m 52s,163,167.3,1,0,0,0,0,0,0.03218,-0.0006884,0.001133,0,0,0,1,35.15,40.37,1,33.27,0,1,0.03167,1.583,1,0.989,0.3999,1,0,0,0
0,95,83.15,71,11h 50m 52s,1.876,2,completioncredit_globalkl002_e5,Completion-wide credit + global KL 0.02,546,4.574,6.9e-07,255,0.03144,1455,45.82,1d 18h 14m 0s,165.6,167.3,1,0,0,0,0,0,0.03763,0.001706,0.003942,0,0,0,1,34.64,39.68,1,34.32,0,1,0.03194,1.597,1,0.9691,0.4833,1,0,0,0
0.006944,160,84.01,72,11h 53m 40s,1.88,2,completioncredit_globalkl002_e5,Completion-wide credit + global KL 0.02,547,4.191,6.9e-07,256,0.01644,1455,45.82,1d 18h 11m 16s,168.1,167.3,1,0,0,0,-0.03456,0,-0.03801,0.000338,-0.0007347,-0.03456,0,0,1,39.53,45.78,1,34.71,0,1,0.03153,1.576,1,0.8962,0.8321,1,0.02778,-0.02778,0.02778
0,99,85.12,74,11h 56m 28s,1.883,2,completioncredit_globalkl002_e5,Completion-wide credit + global KL 0.02,548,4.071,6.9e-07,257,0.03564,1455,45.82,1d 18h 8m 34s,168.4,167.3,1,0,0,0,0,0,0.02736,-0.002031,-0.002106,0,0,0,1,35.08,40.31,1,34.59,0,1,0.03153,1.576,1,0.9581,0.1837,1,0,0,0
0,106,86.12,75,11h 59m 17s,1.887,2,completioncredit_globalkl002_e5,Completion-wide credit + global KL 0.02,549,3.716,6.9e-07,258,0.0364,1455,45.82,1d 18h 5m 52s,168.5,167.3,1,0,0,0,0,0,0.03229,0.002359,-0.002051,0,0,0,1,34.71,39.84,1,33.72,0,1,0.03194,1.597,1,0.918,0.3815,1,0,0,0
0.006944,160,87.45,77,12h 2m 9s,1.89,2,completioncredit_globalkl002_e5,Completion-wide credit + global KL 0.02,550,3.255,6.9e-07,259,0.02532,1455,45.82,1d 18h 3m 21s,171.8,167.3,1,0,0,0,0,0,0.04459,0.01137,0.001242,0,0,0,1,35.08,40.31,1,33.16,0,1,0.03181,1.59,1,0.8635,0.5082,1,0,0,0
0,101,85.83,74,12h 4m 57s,1.893,2,completioncredit_globalkl002_e5,Completion-wide credit + global KL 0.02,551,3.353,6.9e-07,260,0.03524,1455,45.82,1d 18h 0m 35s,167.4,167.3,1,0,0,0,0,0,0.02865,0.005162,-0.008008,0,0,0,1,35.08,40.25,1,33.21,0,1,0.03153,1.576,1,0.9384,0.5236,1,0,0,0
0,106,85.67,76,12h 7m 41s,1.897,2,completioncredit_globalkl002_e5,Completion-wide credit + global KL 0.02,552,3.808,6.8e-07,261,0.03772,1455,45.82,1d 17h 57m 35s,163.6,167.3,1,0,0,0,0,0,0.03094,-3.873e-05,0.0002121,0,0,0,1,35,40.11,1,34.33,0,1,0.03083,1.542,1,0.9899,0.5477,1,0,0,0
0,111,86.54,76,12h 10m 28s,1.9,2,completioncredit_globalkl002_e5,Completion-wide credit + global KL 0.02,553,4.15,6.8e-07,262,0.04409,1455,45.82,1d 17h 54m 48s,166.9,167.3,1,0,0,0,0,0,0.02644,-0.002754,-0.001444,0,0,0,1,35.95,41.36,1,33.69,0,1,0.03056,1.528,1,0.8121,0.3019,1,0,0,0
0,107,86.01,74,12h 13m 11s,1.904,2,completioncredit_globalkl002_e5,Completion-wide credit + global KL 0.02,554,2.732,6.8e-07,263,0.03891,1455,45.82,1d 17h 51m 45s,162.7,167.3,1,0,0,0,0,0,0.03335,-0.0001085,0.003064,0,0,0,1,35.3,40.54,1,33.62,0,1,0.03042,1.521,1,0.9699,0.6614,1,0,0,0
0,106,87.92,76,12h 15m 58s,1.907,2,completioncredit_globalkl002_e5,Completion-wide credit + global KL 0.02,555,3.063,6.8e-07,264,0.04751,1455,45.82,1d 17h 48m 58s,167,167.3,1,0,0,0,0,0,0.04401,0.0128,0.0004461,0,0,0,1,35.08,40.29,1,32.69,0,1,0.03083,1.542,1,0.9648,0.5322,1,0,0,0
0,105,86.63,76,12h 18m 39s,1.911,2,completioncredit_globalkl002_e5,Completion-wide credit + global KL 0.02,556,3.319,6.8e-07,265,0.0529,1455,45.82,1d 17h 45m 50s,160.8,167.2,1,0,0,0,0,0,0.1063,0.07632,-0.0003813,0,0,0,1,35.22,40.44,1,32.02,0,1,0.03042,1.521,1,0.9191,0.5307,1,0,0,0
0,105,87.12,74,12h 21m 23s,1.914,2,completioncredit_globalkl002_e5,Completion-wide credit + global KL 0.02,557,3.178,6.8e-07,266,0.03916,1455,45.82,1d 17h 42m 51s,163.5,167.2,1,0,0,0,0,0,0.04111,0.009471,-0.0005883,0,0,0,1,34.93,40.09,1,33.36,0,1,0.03208,1.604,1,0.9173,0.749,1,0,0,0
0,106,87.67,76,12h 24m 6s,1.918,2,completioncredit_globalkl002_e5,Completion-wide credit + global KL 0.02,558,3.737,6.8e-07,267,0.05621,1455,45.82,1d 17h 39m 51s,163.3,167.2,1,0,0,0,0,0,0.02765,-0.001271,-0.003308,0,0,0,1,35.08,40.33,1,32.98,0,1,0.03236,1.618,1,0.9222,0.5227,1,0,0,0
0,102,86.93,75,12h 26m 47s,1.921,2,completioncredit_globalkl002_e5,Completion-wide credit + global KL 0.02,559,4.286,6.8e-07,268,0.07531,1455,45.82,1d 17h 36m 42s,160.3,167.2,1,0,0,0,0,0,0.05293,0.02186,0.0006747,0,0,0,1,35.15,40.4,1,32.97,0,1,0.03042,1.521,1,0.9409,0.2948,1,0,0,0
0,111,86.29,75,12h 29m 32s,1.924,2,completioncredit_globalkl002_e5,Completion-wide credit + global KL 0.02,560,5.363,6.8e-07,269,0.09468,1455,45.82,1d 17h 33m 49s,165.3,167.2,1,0,0,0,0,0,0.06284,0.03133,0.0004972,0,0,0,1,35.22,40.48,1,33.08,0,1,0.03097,1.549,1,0.9553,0.4126,1,0,0,0
0.006944,160,87.61,75,12h 32m 19s,1.928,2,completioncredit_globalkl002_e5,Completion-wide credit + global KL 0.02,561,3.387,6.8e-07,270,0.14,1455,45.82,1d 17h 30m 59s,166.1,167.2,1,0,0,0,0,0,0.1041,0.07644,-0.003028,0,0,0,1,35.08,40.33,1,34.91,0,1,0.03069,1.535,1,0.9395,0.5716,1,0,0,0
0,107,86.62,73,12h 35m 1s,1.931,2,completioncredit_globalkl002_e5,Completion-wide credit + global KL 0.02,562,3.322,6.7e-07,271,0.1488,1455,45.82,1d 17h 27m 55s,161.8,167.2,1,0,0,0,0,0,0.1237,0.09051,0.001748,0,0,0,1,35.22,40.46,1,32.63,0,1,0.03153,1.576,1,0.8893,0.409,1,0,0,0
0,114,86.84,76,12h 37m 46s,1.935,2,completioncredit_globalkl002_e5,Completion-wide credit + global KL 0.02,563,4.399,6.7e-07,272,0.04742,1455,45.82,1d 17h 25m 2s,165.3,167.2,1,0,0,0,0,0,0.1007,0.07551,-0.006331,0,0,0,1,34.93,40.07,1,36.07,0,1,0.03153,1.576,1,0.8459,0.5296,1,0,0,0
0,111,87.85,75,12h 40m 29s,1.938,2,completioncredit_globalkl002_e5,Completion-wide credit + global KL 0.02,564,6.7,6.7e-07,273,0.08698,1455,45.82,1d 17h 22m 1s,162.6,167.1,1,0,0,0,0,0,0.105,0.07375,-5.138e-05,0,0,0,1,35.08,40.29,1,33.57,0,1,0.03125,1.562,1,0.9484,0.2338,1,0,0,0
0,109,87.32,77,12h 43m 12s,1.942,2,completioncredit_globalkl002_e5,Completion-wide credit + global KL 0.02,565,3.852,6.7e-07,274,0.1257,1455,45.82,1d 17h 19m 1s,163.1,167.1,1,0,0,0,0,0,0.2466,0.2165,-0.0008217,0,0,0,1,34.71,39.8,1,34.46,0,1,0.03111,1.556,1,0.932,0.2685,1,0,0,0
0,106,87.38,75,12h 45m 56s,1.945,2,completioncredit_globalkl002_e5,Completion-wide credit + global KL 0.02,566,6.322,6.7e-07,275,0.16,1455,45.82,1d 17h 16m 4s,163.8,167.1,1,0,0,0,0,0,0.1139,0.0796,0.002829,0,0,0,1,35.59,40.89,1,32.73,0,1,0.03139,1.569,1,0.9524,0.5632,1,0,0,0
0,110,88.54,75,12h 48m 40s,1.948,2,completioncredit_globalkl002_e5,Completion-wide credit + global KL 0.02,567,4.299,6.7e-07,276,0.118,1455,45.82,1d 17h 13m 8s,164.1,167.1,1,0,0,0,0,0,0.03069,2.789e-05,-0.001072,0,0,0,1,34.86,39.99,1,34.33,0,1,0.03167,1.583,1,0.9383,0.5568,1,0,0,0
0,107,87.43,75,12h 51m 21s,1.952,2,completioncredit_globalkl002_e5,Completion-wide credit + global KL 0.02,568,4.39,6.7e-07,277,0.1404,1455,45.82,1d 17h 10m 1s,160.8,167.1,1,0,0,0,0,0,0.198,0.165,0.001217,0,0,0,1,35.37,40.66,1,33.24,0,1,0.03167,1.583,1,0.9156,0.5933,1,0,0,0
0,107,89.52,78,12h 54m 7s,1.955,2,completioncredit_globalkl002_e5,Completion-wide credit + global KL 0.02,569,2.48,6.7e-07,278,0.1105,1455,45.82,1d 17h 7m 10s,165.6,167.1,1,0,0,0,0,0,0.2513,0.2229,-0.003119,0,0,0,1,35.22,40.43,1,34.11,0,1,0.03139,1.569,1,0.833,0.5824,1,0,0,0
0,113,88.87,76,12h 56m 51s,1.959,2,completioncredit_globalkl002_e5,Completion-wide credit + global KL 0.02,570,3.345,6.7e-07,279,0.08697,1455,45.82,1d 17h 4m 12s,163.4,167.1,1,0,0,0,0,0,0.03573,0.004635,-0.0006392,0,0,0,1,35.37,40.66,1,34.37,0,1,0.03167,1.583,1,0.8293,0.6097,1,0,0,0
0,115,90.56,77,12h 59m 34s,1.962,2,completioncredit_globalkl002_e5,Completion-wide credit + global KL 0.02,571,3.957,6.7e-07,280,0.1105,1455,45.82,1d 17h 1m 11s,162.3,167,1,0,0,0,0,0,0.08229,0.04798,0.003069,0,0,0,1,35.44,40.74,1,33.91,0,1,0.03125,1.562,1,0.9397,0.3997,1,0,0,0
0.006944,160,90.42,75,13h 2m 19s,1.966,2,completioncredit_globalkl002_e5,Completion-wide credit + global KL 0.02,572,3.917,6.6e-07,281,0.08861,1455,45.82,1d 16h 58m 19s,165.3,167,1,0,0,0,-0.03064,0,0.04778,0.08092,-0.003592,-0.03064,0,0,1,39.53,45.79,1,35.74,0,1,0.03167,1.583,1,0.8961,0.6141,1,0.02778,-0.02778,0.02778
0,120,90.03,74,13h 5m 5s,1.969,2,completioncredit_globalkl002_e5,Completion-wide credit + global KL 0.02,573,3.58,6.6e-07,282,0.1072,1455,45.82,1d 16h 55m 27s,165.4,167,1,0,0,0,0,0,0.08486,0.05373,0.0001312,0,0,0,1,35.81,41.22,1,34.87,0,1,0.03111,1.556,1,0.8411,0.7589,1,0,0,0
0,113,89.87,72,13h 7m 48s,1.973,2,completioncredit_globalkl002_e5,Completion-wide credit + global KL 0.02,574,3.132,6.6e-07,283,0.1457,1455,45.82,1d 16h 52m 28s,162.7,167,1,0,0,0,0,0,0.1036,0.07162,0.001547,0,0,0,1,35.95,41.42,1,33.07,0,1,0.03028,1.514,1,0.9555,0.6109,1,0,0,0
0,118,87.73,74,13h 10m 34s,1.976,2,completioncredit_globalkl002_e5,Completion-wide credit + global KL 0.02,575,3.102,6.6e-07,284,0.1182,1455,45.82,1d 16h 49m 39s,166.3,167,1,0,0,0,0,0,0.1281,0.09674,-8.754e-05,0,0,0,1,36.39,41.87,1,32.64,0,1,0.03139,1.569,1,0.9924,0.4505,1,0,0,0
0.006944,160,88.72,75,13h 13m 19s,1.979,2,completioncredit_globalkl002_e5,Completion-wide credit + global KL 0.02,576,5.284,6.6e-07,285,0.05701,1455,45.82,1d 16h 46m 45s,164.6,167,1,0,0,0,0,0,0.03321,-0.002811,0.004279,0,0,0,1,35.73,41.13,1,33.43,0,1,0.03167,1.583,1,0.987,0.4926,1,0,0,0
0.006944,160,89.53,72,13h 16m 8s,1.983,2,completioncredit_globalkl002_e5,Completion-wide credit + global KL 0.02,577,3.111,6.6e-07,286,0.1022,1455,45.82,1d 16h 44m 4s,168.7,167,1,0,0,0,-0.02635,0,0.0798,0.0997,0.001793,-0.02635,0,0,1,39.53,45.78,1,37.49,0,1,0.03097,1.549,1,0.9156,0.3026,1,0.02778,-0.02778,0.02778
0,139,88.75,74,13h 18m 53s,1.986,2,completioncredit_globalkl002_e5,Completion-wide credit + global KL 0.02,578,2.693,6.6e-07,287,0.04441,1455,45.82,1d 16h 41m 10s,164.5,167,1,0,0,0,-0.001312,0,0.04139,0.03387,-0.02291,0,0,0,1,38,43.92,1,34.05,0,1,0.03167,1.583,1,0.8231,0.6273,1,0,0,0
0,114,86.3,72,13h 21m 31s,1.99,2,completioncredit_globalkl002_e5,Completion-wide credit + global KL 0.02,579,3.948,6.6e-07,288,0.1038,1455,45.82,1d 16h 37m 58s,158.7,167,1,0,0,0,0,0,0.1257,0.08989,0.003603,0,0,0,1,34.93,40.09,1,33.49,0,1,0.03222,1.611,1,0.9613,0.6077,1,0,0,0
0,113,86.93,72,13h 24m 14s,1.993,2,completioncredit_globalkl002_e5,Completion-wide credit + global KL 0.02,580,3.268,6.6e-07,289,0.04559,1455,45.82,1d 16h 34m 56s,161.8,167,1,0,0,0,0.000725,0,0.03105,0.001556,-0.00321,0,0,0,1,35.44,40.72,1,33,0,1,0.03181,1.59,1,0.8405,0.6673,1,0,0,0
0,110,85.74,74,13h 27m 1s,1.997,2,completioncredit_globalkl002_e5,Completion-wide credit + global KL 0.02,581,3.822,6.6e-07,290,0.07519,1455,45.82,1d 16h 32m 10s,167.1,167,1,0,0,0,0,0,0.136,0.1042,0.0003191,0,0,0,1,35.88,41.32,1,35.64,0,1,0.03139,1.569,1,0.9747,0.3947,1,0,0,0
0,122,85.97,72,13h 29m 45s,2,2,completioncredit_globalkl002_e5,Completion-wide credit + global KL 0.02,582,4.149,6.5e-07,291,0.05054,1455,45.82,1d 16h 29m 16s,163.4,167,1,0,0,0,0,0,0.07225,0.04403,-0.003515,0,0,0,1,36.76,42.36,1,31.66,0,1,0.03167,1.583,1,0.979,0.5732,1,0,0,0
0,105,85.06,72,3m 30s,2.003,3,completioncredit_globalkl002_e5,Completion-wide credit + global KL 0.02,583,2.669,6.5e-07,1,0.06121,1455,40.49,2d 2h 49m 45s,209.6,209.8,1,0,0,0,-0.001056,0,0.08734,0.05711,0.0002774,0,0,0,1,35.28,40.49,1,41.53,0,1,0.03111,1.556,1,0.9019,0.4677,1,0,0,0
0,109,84.51,74,6m 17s,2.007,3,completioncredit_globalkl002_e5,Completion-wide credit + global KL 0.02,584,4.349,6.5e-07,2,0.05731,1455,40.49,1d 21h 34m 7s,165,188.3,1,0,0,0,0,0,0.02801,0.001064,-0.004794,0,0,0,1,35.15,40.35,1,35.99,0,1,0.03167,1.583,1,0.9259,0.3873,1,0,0,0
0,98,82.88,75,8m 57s,2.01,3,completioncredit_globalkl002_e5,Completion-wide credit + global KL 0.02,585,3.865,6.5e-07,3,0.08547,1455,40.49,1d 19h 14m 12s,159.8,178.9,1,0,0,0,0,0,0.08177,0.05083,-6.907e-05,0,0,0,1,34.86,39.96,1,32.1,0,1,0.03111,1.556,1,0.9422,0.4018,1,0,0,0
0,95,82.32,68,11m 39s,2.014,3,completioncredit_globalkl002_e5,Completion-wide credit + global KL 0.02,586,4.601,6.5e-07,4,0.1085,1455,40.49,1d 18h 9m 15s,161.6,174.6,1,0,0,0,-0.0007163,0,0.1141,0.08173,0.0008965,0,0,0,1,34.78,39.9,1,33.28,0,1,0.03236,1.618,1,0.8696,0.5749,1,0,0,0
0,105,82.77,72,14m 22s,2.017,3,completioncredit_globalkl002_e5,Completion-wide credit + global KL 0.02,587,2.973,6.5e-07,5,0.06004,1455,40.49,1d 17h 32m 43s,162.8,172.3,1,0,0,0,0,0,0.03555,0.002742,0.0018,0,0,0,1,35.15,40.37,1,35.4,0,1,0.03111,1.556,1,0.9702,0.6163,1,0,0,0
0,103,81.92,70,17m 6s,2.021,3,completioncredit_globalkl002_e5,Completion-wide credit + global KL 0.02,588,6.093,6.5e-07,6,0.0839,1455,40.49,1d 17h 11m 14s,164.4,171,1,0,0,0,0,0,0.03501,0.001151,0.002119,0,0,0,1,34.42,39.41,1,32.76,0,1,0.03167,1.583,1,0.9006,0.3426,1,0,0,0
0,97,81.02,71,19m 44s,2.024,3,completioncredit_globalkl002_e5,Completion-wide credit + global KL 0.02,589,3.109,6.5e-07,7,0.06283,1455,40.49,1d 16h 40m 54s,157.5,169.1,1,0,0,0,0,0,0.0286,-0.004907,0.0005517,0,0,0,1,34.42,39.43,1,30.91,0,1,0.03292,1.646,1,0.9124,0.6245,1,0,0,0
0,95,80.51,72,22m 21s,2.027,3,completioncredit_globalkl002_e5,Completion-wide credit + global KL 0.02,590,2.801,6.5e-07,8,0.06024,1455,40.49,1d 16h 17m 4s,157.2,167.7,1,0,0,0,0,0,0.03331,0.00136,-3.286e-05,0,0,0,1,34.78,39.88,1,30.65,0,1,0.03194,1.597,1,0.9311,0.4817,1,0,0,0
0,99,81.65,70,25m 11s,2.031,3,completioncredit_globalkl002_e5,Completion-wide credit + global KL 0.02,591,2.806,6.5e-07,9,0.08665,1455,40.49,1d 16h 18m 19s,170,167.9,1,0,0,0,0,0,0.06288,0.02676,0.004633,0,0,0,1,35.08,40.25,1,39.77,0,1,0.03153,1.576,1,0.9214,0.445,1,0,0,0
0,102,82.03,70,27m 60s,2.034,3,completioncredit_globalkl002_e5,Completion-wide credit + global KL 0.02,592,3.657,6.4e-07,10,0.1317,1455,40.49,1d 16h 15m 47s,167.9,168,1,0,0,0,0,0,0.2074,0.176,-0.0007847,0,0,0,1,34.93,40.03,1,32.35,0,1,0.03208,1.604,1,0.9658,0.2629,1,0,0,0
0,107,81.65,71,30m 41s,2.038,3,completioncredit_globalkl002_e5,Completion-wide credit + global KL 0.02,593,3.433,6.4e-07,11,0.09305,1455,40.49,1d 16h 4m 12s,161,167.3,1,0,0,0,0,0,0.02953,-0.002773,7.79e-05,0,0,0,1,34.49,39.49,1,33.09,0,1,0.03222,1.611,1,0.9692,0.5879,1,0,0,0
0,96,82.71,66,33m 19s,2.041,3,completioncredit_globalkl002_e5,Completion-wide credit + global KL 0.02,594,3.371,6.4e-07,12,0.06973,1455,40.49,1d 15h 50m 24s,157.9,166.6,1,0,0,0,0,0,0.03477,0.002588,-0.000779,0,0,0,1,34.49,39.54,1,31.4,0,1,0.03306,1.653,1,0.9892,0.5133,1,0,0,0
0,102,83.19,72,36m 3s,2.045,3,completioncredit_globalkl002_e5,Completion-wide credit + global KL 0.02,595,3.715,6.4e-07,13,0.1343,1455,40.49,1d 15h 44m 30s,163.5,166.4,1,0,0,0,0,0,0.211,0.1788,0.0001602,0,0,0,1,34.78,39.84,1,32.89,0,1,0.03194,1.597,1,0.9763,0.3608,1,0,0,0
0.006944,160,83.26,72,38m 46s,2.048,3,completioncredit_globalkl002_e5,Completion-wide credit + global KL 0.02,596,6.901,6.4e-07,14,0.05703,1455,40.49,1d 15h 38m 23s,162.9,166.1,1,0,0,0,0,0,0.07473,0.04176,0.001234,0,0,0,1,35.22,40.42,1,32.38,0,1,0.03167,1.583,1,0.8111,0.5952,1,0,0,0
0,100,82.18,72,41m 24s,2.052,3,completioncredit_globalkl002_e5,Completion-wide credit + global KL 0.02,597,2.602,6.4e-07,15,0.05741,1455,40.49,1d 15h 28m 33s,158.5,165.6,1,0,0,0,0,0,0.07726,0.04979,-0.00549,0,0,0,1,34.71,39.76,1,30.89,0,1,0.03292,1.646,1,0.8816,0.5103,1,0,0,0
0,156,82.55,71,44m 6s,2.055,3,completioncredit_globalkl002_e5,Completion-wide credit + global KL 0.02,598,3.976,6.4e-07,16,0.1013,1455,40.49,1d 15h 22m 20s,161.5,165.4,1,0,0,0,0,0,0.1192,0.09157,-0.004545,0,0,0,1,34.49,39.49,1,32.74,0,1,0.03236,1.618,1,0.975,0.5056,1,0,0,0
0,98,81.93,69,46m 44s,2.058,3,completioncredit_globalkl002_e5,Completion-wide credit + global KL 0.02,599,4.119,6.4e-07,17,0.1108,1455,40.49,1d 15h 13m 15s,157.6,164.9,1,0,0,0,0,0,0.08455,0.05258,-0.0009907,0,0,0,1,34.57,39.62,1,31.02,0,1,0.03292,1.646,1,0.9303,0.4274,1,0,0,0
0.006944,160,82.5,70,49m 31s,2.062,3,completioncredit_globalkl002_e5,Completion-wide credit + global KL 0.02,600,2.685,6.4e-07,18,0.09053,1455,40.49,1d 15h 12m 19s,167,165.1,1,0,0,0,0,0,0.2022,0.1719,-0.001897,0,0,0,1,34.35,39.37,1,32.96,0,1,0.03222,1.611,1,0.9503,0.4459,1,0,0,0
0.006944,160,82.04,72,52m 15s,2.065,3,completioncredit_globalkl002_e5,Completion-wide credit + global KL 0.02,601,3.304,6.3e-07,19,0.03587,1455,40.49,1d 15h 8m 13s,163,165,1,0,0,0,0,0,0.03748,0.005282,-0.001005,0,0,0,1,35.22,40.48,1,31.61,0,1,0.03319,1.66,1,0.925,0.6523,1,0,0,0
0.01389,160,83.09,68,54m 57s,2.069,3,completioncredit_globalkl002_e5,Completion-wide credit + global KL 0.02,602,5.041,6.3e-07,20,0.04019,1455,40.49,1d 15h 3m 17s,161.7,164.8,1,0,0,0,0,0,0.02798,-0.006919,0.001694,0,0,0,1,34.71,39.78,1,32.69,0,1,0.03319,1.66,1,0.9675,0.5226,1,0,0,0
0.01389,160,83.67,68,57m 41s,2.072,3,completioncredit_globalkl002_e5,Completion-wide credit + global KL 0.02,603,3.305,6.3e-07,21,0.1232,1455,45.72,1d 15h 0m 17s,164.2,164.8,1,0,0,0,-0.03743,0,0.1955,0.242,-0.004129,-0.03743,0,0,1,39.53,45.72,1,31.93,0,1,0.0325,1.625,1,0.9317,0.4345,1,0.02778,-0.02778,0.02778
0.02778,160,84.97,70,1h 0m 24s,2.076,3,completioncredit_globalkl002_e5,Completion-wide credit + global KL 0.02,604,4.035,6.3e-07,22,0.1185,1455,45.72,1d 14h 56m 18s,162.7,164.7,1,0,0,0,0,0,0.03874,0.003413,0.0031,0,0,0,1,35.37,40.62,1,34,0,1,0.03222,1.611,1,0.9546,0.3023,1,0,0,0
0.03472,160,85.04,71,1h 3m 12s,2.079,3,completioncredit_globalkl002_e5,Completion-wide credit + global KL 0.02,605,4.136,6.3e-07,23,0.003913,1455,45.78,1d 14h 55m 33s,167.7,164.9,1,0,0,0,-0.0364,0,-0.04245,-0.0002097,-0.002392,-0.0364,0,0,1,39.53,45.78,1,32.21,0,1,0.03292,1.646,1,0.9373,0.4403,1,0.02778,-0.02778,0.02778
0.01389,160,83.73,70,1h 5m 56s,2.082,3,completioncredit_globalkl002_e5,Completion-wide credit + global KL 0.02,606,2.313,6.3e-07,24,-0.003087,1455,45.79,1d 14h 52m 12s,163.6,164.8,1,0,0,0,-0.03152,0,-0.03543,-0.001907,-0.002959,-0.03152,0,0,1,39.53,45.79,1,31.92,0,1,0.03264,1.632,1,0.9007,0.5254,1,0.02778,-0.02778,0.02778
0,104,82.47,69,1h 8m 39s,2.086,3,completioncredit_globalkl002_e5,Completion-wide credit + global KL 0.02,607,4.169,6.3e-07,25,0.1549,1455,45.79,1d 14h 48m 28s,162.8,164.8,1,0,0,0,0,0,0.1662,0.1376,-0.00413,0,0,0,1,34.86,39.96,1,32.38,0,1,0.03278,1.639,1,0.9406,0.6308,1,0,0,0
0.006944,160,83.32,69,1h 11m 21s,2.089,3,completioncredit_globalkl002_e5,Completion-wide credit + global KL 0.02,608,4.059,6.3e-07,26,0.07302,1455,45.79,1d 14h 44m 20s,161.9,164.7,1,0,0,0,0,0,0.1164,0.08283,0.001338,0,0,0,1,34.86,39.99,1,32.81,0,1,0.03236,1.618,1,0.9172,0.4996,1,0,0,0
0,102,81.69,69,1h 14m 5s,2.093,3,completioncredit_globalkl002_e5,Completion-wide credit + global KL 0.02,609,3.481,6.3e-07,27,0.08907,1455,45.79,1d 14h 41m 6s,163.5,164.6,1,0,0,0,0,0,0.03312,0.00133,4.982e-05,0,0,0,1,34.93,40.09,1,31.97,0,1,0.03167,1.583,1,0.9736,0.2516,1,0,0,0
0,102,83.01,71,1h 16m 45s,2.096,3,completioncredit_globalkl002_e5,Completion-wide credit + global KL 0.02,610,3.769,6.3e-07,28,0.1371,1455,45.79,1d 14h 36m 22s,160.4,164.5,1,0,0,0,0,0,0.02754,-0.0006722,-0.003285,0,0,0,1,34.71,39.76,1,31.19,0,1,0.03139,1.569,1,0.8041,0.5951,1,0,0,0
0,103,82.56,69,1h 19m 25s,2.1,3,completioncredit_globalkl002_e5,Completion-wide credit + global KL 0.02,611,3.441,6.2e-07,29,0.1557,1455,45.79,1d 14h 31m 3s,159,164.3,1,0,0,0,0,0,0.08548,0.05564,-0.0009217,0,0,0,1,35.37,40.62,1,30.87,0,1,0.03083,1.542,1,0.928,0.3086,1,0,0,0
0.006944,160,82.65,71,1h 22m 6s,2.103,3,completioncredit_globalkl002_e5,Completion-wide credit + global KL 0.02,612,1.939,6.2e-07,30,0.1904,1455,45.79,1d 14h 26m 49s,160.9,164.2,1,0,0,0,0,0,0.2009,0.1745,-0.005162,0,0,0,1,34.49,39.51,1,31.8,0,1,0.03139,1.569,1,0.8852,0.5831,1,0,0,0
0,98,81.28,69,1h 24m 45s,2.107,3,completioncredit_globalkl002_e5,Completion-wide credit + global KL 0.02,613,2.411,6.2e-07,31,0.1588,1455,45.79,1d 14h 22m 3s,159.5,164,1,0,0,0,0,0,0.2178,0.1863,-0.0005103,0,0,0,1,34.78,39.86,1,32.19,0,1,0.03181,1.59,1,0.9423,0.4747,1,0,0,0
0,102,82.04,71,1h 27m 23s,2.11,3,completioncredit_globalkl002_e5,Completion-wide credit + global KL 0.02,614,2.952,6.2e-07,32,0.0989,1455,45.79,1d 14h 16m 42s,157.8,163.9,1,0,0,0,0,0,0.116,0.08543,-5.884e-05,0,0,0,1,34.71,39.8,1,30.58,0,1,0.03056,1.528,1,0.9569,0.6408,1,0,0,0
0,98,81.88,72,1h 30m 3s,2.113,3,completioncredit_globalkl002_e5,Completion-wide credit + global KL 0.02,615,5.287,6.2e-07,33,0.103,1455,45.79,1d 14h 12m 15s,159.6,163.7,1,0,0,0,0,0,0.03217,0.0006546,0.000261,0,0,0,1,34.86,39.96,1,30.5,0,1,0.03125,1.562,1,0.9846,0.5332,1,0,0,0
0.01389,160,83.81,73,1h 32m 45s,2.117,3,completioncredit_globalkl002_e5,Completion-wide credit + global KL 0.02,616,2.685,6.2e-07,34,0.1251,1455,45.79,1d 14h 8m 54s,162,163.7,1,0,0,0,0,0,0.1213,0.08449,0.005794,0,0,0,1,34.93,40.11,1,31.38,0,1,0.03097,1.549,1,0.948,0.5416,1,0,0,0
0.05556,160,86.1,71,1h 35m 26s,2.12,3,completioncredit_globalkl002_e5,Completion-wide credit + global KL 0.02,617,5.451,6.2e-07,35,0.06946,1455,45.79,1d 14h 5m 8s,160.9,163.6,1,0,0,0,-0.06738,0,0.1164,0.218,0.0009381,-0.06738,0,0,1,39.53,45.78,1,32.43,0,1,0.03222,1.611,1,0.8717,0.3923,1,0.05556,-0.05556,0.05556
0.05556,160,88.9,69,1h 38m 7s,2.124,3,completioncredit_globalkl002_e5,Completion-wide credit + global KL 0.02,618,4.646,6.2e-07,36,0.05113,1455,45.79,1d 14h 1m 3s,159.9,163.5,1,0,0,0,-0.07208,0,-0.05443,0.06746,-0.009954,-0.07208,0,0,1,39.53,45.72,1,32.31,0,1,0.03236,1.618,1,0.9115,0.6066,1,0.05556,-0.05556,0.05556
0.1111,160,91.22,68,1h 40m 43s,2.127,3,completioncredit_globalkl002_e5,Completion-wide credit + global KL 0.02,619,5.81,6.2e-07,37,-0.07345,1455,45.79,1d 13h 55m 38s,156.1,163.3,1,0,0,0,-0.1039,0,-0.1394,0.05201,-0.01511,-0.1053,0,0,1,39.53,45.76,1,32.53,0,1,0.03306,1.653,1,0.7212,0.2758,1,0.1111,-0.1111,0.1111
0.1458,160,94.96,69,1h 43m 17s,2.131,3,completioncredit_globalkl002_e5,Completion-wide credit + global KL 0.02,620,3.358,6.2e-07,38,-0.1629,1455,45.79,1d 13h 49m 23s,153.5,163.1,1,0,0,0,-0.1027,0,-0.08419,0.1111,-0.02401,-0.1027,0,0,1,39.53,45.78,1,33.23,0,1,0.03403,1.701,1,0.8204,0.4733,1,0.1389,-0.1389,0.1389
0.1458,160,96.98,69,1h 45m 52s,2.134,3,completioncredit_globalkl002_e5,Completion-wide credit + global KL 0.02,621,3.552,6.1e-07,39,-0.142,1455,45.79,1d 13h 43m 56s,155.2,162.9,1,0,0,0,-0.1404,0,-0.1965,0.0758,-0.024,-0.1404,0,0,1,39.53,45.76,1,34.17,0,1,0.03264,1.632,1,0.8029,0.542,1,0.1389,-0.1389,0.1389
0.1667,160,97.41,69,1h 48m 21s,2.137,3,completioncredit_globalkl002_e5,Completion-wide credit + global KL 0.02,622,4.075,6.1e-07,40,-0.1578,1455,45.79,1d 13h 36m 19s,148.5,162.5,1,0,0,0,-0.08392,0,-0.08176,0.07364,-0.02101,-0.08392,0,0,1,39.53,45.76,1,32.13,0,1,0.03333,1.667,1,0.8162,0.5862,1,0.1111,-0.1111,0.1111
0.1875,160,100.7,72,1h 50m 53s,2.141,3,completioncredit_globalkl002_e5,Completion-wide credit + global KL 0.02,623,4.377,6.1e-07,41,-0.2028,1455,45.79,1d 13h 30m 8s,152,162.3,1,0,0,0,-0.1891,0,-0.1591,0.1993,-0.01462,-0.1891,0,0,1,39.53,45.76,1,33.4,0,1,0.03444,1.722,1,0.7306,0.3237,1,0.2222,-0.2222,0.2222
0.1736,160,98.72,71,1h 53m 21s,2.144,3,completioncredit_globalkl002_e5,Completion-wide credit + global KL 0.02,624,2.829,6.1e-07,42,-0.1967,1455,45.79,1d 13h 22m 50s,148.1,161.9,1,0,0,0,-0.164,0,-0.2586,0.06969,-0.02808,-0.1699,0,0,1,39.53,45.76,1,32.95,0,1,0.03361,1.681,1,0.781,0.3245,1,0.2222,-0.2066,0.1944
0.125,160,94.92,72,1h 55m 52s,2.148,3,completioncredit_globalkl002_e5,Completion-wide credit + global KL 0.02,625,3.259,6.1e-07,43,-0.1584,1455,45.79,1d 13h 16m 23s,150.1,161.7,1,0,0,0,-0.2048,0,-0.375,0.0206,-0.01945,-0.2048,0,0,1,39.53,45.76,1,32.49,0,1,0.03333,1.667,1,0.7076,0.4075,1,0.1944,-0.1944,0.1944
0.1042,160,92.51,72,1h 58m 26s,2.151,3,completioncredit_globalkl002_e5,Completion-wide credit + global KL 0.02,626,3.882,6.1e-07,44,-0.1137,1455,45.79,1d 13h 11m 22s,154.1,161.5,1,0,0,0,-0.1838,0,-0.3341,0.003061,-0.003487,-0.1838,0,0,1,39.53,45.78,1,32.26,0,1,0.03375,1.688,1,0.8051,0.3677,1,0.1667,-0.1667,0.1667
0.04167,160,88.02,72,2h 1m 10s,2.155,3,completioncredit_globalkl002_e5,Completion-wide credit + global KL 0.02,627,4.412,6.1e-07,45,0.01629,1455,45.79,1d 13h 9m 30s,163.9,161.6,1,0,0,0,-0.07395,0,-0.0337,0.09169,-0.009475,-0.07395,0,0,1,39.53,45.72,1,32.81,0,1,0.03194,1.597,1,0.8564,0.5949,1,0.08333,-0.08333,0.08333
0.03472,160,87.15,72,2h 3m 54s,2.158,3,completioncredit_globalkl002_e5,Completion-wide credit + global KL 0.02,628,3.449,6.1e-07,46,0.01311,1455,45.79,1d 13h 7m 29s,163.6,161.6,1,0,0,0,-0.02917,0,0.06582,0.09658,-0.003679,-0.02917,0,0,1,39.53,45.78,1,35.2,0,1,0.03125,1.562,1,0.9304,0.2309,1,0.02778,-0.02778,0.02778
0,108,84.83,72,2h 6m 36s,2.162,3,completioncredit_globalkl002_e5,Completion-wide credit + global KL 0.02,629,2.633,6.1e-07,47,0.09315,1455,45.79,1d 13h 4m 48s,161.4,161.6,1,0,0,0,0,0,0.02788,-0.00303,0.00015,0,0,0,1,34.78,39.9,1,32.7,0,1,0.03083,1.542,1,0.972,0.4208,1,0,0,0
0.006944,160,87.07,73,2h 9m 18s,2.165,3,completioncredit_globalkl002_e5,Completion-wide credit + global KL 0.02,630,3.471,6e-07,48,0.08242,1455,45.79,1d 13h 2m 21s,162.2,161.6,1,0,0,0,0,0,0.09907,0.07431,-0.005144,0,0,0,1,35.81,41.24,1,31.71,0,1,0.02986,1.493,1,0.9132,0.5718,1,0,0,0
0.01389,160,85.31,72,2h 11m 59s,2.168,3,completioncredit_globalkl002_e5,Completion-wide credit + global KL 0.02,631,4.415,6e-07,49,0.1114,1455,45.79,1d 12h 59m 25s,160.5,161.6,1,0,0,0,0,0,0.1176,0.0805,0.006952,0,0,0,1,35.95,41.38,1,31.74,0,1,0.03014,1.507,1,0.9343,0.4065,1,0,0,0
0.006944,160,85.12,69,2h 14m 43s,2.172,3,completioncredit_globalkl002_e5,Completion-wide credit + global KL 0.02,632,3.098,6e-07,50,0.09742,1455,45.79,1d 12h 57m 20s,163.5,161.7,1,0,0,0,0,0,0.03541,0.003605,0.001408,0,0,0,1,35.22,40.48,1,31.52,0,1,0.03042,1.521,1,0.9548,0.3067,1,0,0,0
0.02778,160,87.58,72,2h 17m 31s,2.175,3,completioncredit_globalkl002_e5,Completion-wide credit + global KL 0.02,633,4.103,6e-07,51,0.04801,1455,45.79,1d 12h 56m 29s,168.3,161.8,1,0,0,0,0,0,0.02297,0.0004049,-0.007221,0,0,0,1,35.44,40.74,1,32.56,0,1,0.02972,1.486,1,0.9631,0.2862,1,0,0,0
0.01389,160,85.66,72,2h 20m 14s,2.179,3,completioncredit_globalkl002_e5,Completion-wide credit + global KL 0.02,634,2.546,6e-07,52,0.09403,1455,45.79,1d 12h 54m 0s,162.4,161.8,1,0,0,0,0,0,0.1285,0.09486,0.003213,0,0,0,1,34.71,39.8,1,32.12,0,1,0.03028,1.514,1,0.9063,0.5436,1,0,0,0
0,115,85.17,71,2h 22m 57s,2.182,3,completioncredit_globalkl002_e5,Completion-wide credit + global KL 0.02,635,3.21,6e-07,53,0.1094,1455,45.79,1d 12h 51m 33s,162.5,161.8,1,0,0,0,0,0,0.1816,0.1508,0.0009185,0,0,0,1,34.86,39.99,1,31.21,0,1,0.02986,1.493,1,0.9709,0.2971,1,0,0,0
0.02778,160,86.77,72,2h 25m 39s,2.186,3,completioncredit_globalkl002_e5,Completion-wide credit + global KL 0.02,636,3.77,6e-07,54,0.03863,1455,45.79,1d 12h 48m 56s,161.9,161.8,1,0,0,0,-0.0349,0,0.004298,0.04694,-0.002632,-0.0349,0,0,1,39.53,45.76,1,33.77,0,1,0.02972,1.486,1,0.9338,0.2894,1,0.02778,-0.02778,0.02778
0.01389,160,84.64,71,2h 28m 23s,2.189,3,completioncredit_globalkl002_e5,Completion-wide credit + global KL 0.02,637,4.56,6e-07,55,0.07496,1455,45.79,1d 12h 46m 47s,163.8,161.9,1,0,0,0,-0.03486,0,0.03423,0.07693,-0.001676,-0.03486,0,0,1,39.53,45.79,1,31.91,0,1,0.02861,1.431,1,0.8571,0.5699,1,0.02778,-0.02778,0.02778
0.04167,160,87.47,71,2h 31m 4s,2.192,3,completioncredit_globalkl002_e5,Completion-wide credit + global KL 0.02,638,3.412,6e-07,56,-0.0315,1455,45.79,1d 12h 44m 3s,161.5,161.9,1,0,0,0,-0.06684,0,-0.1136,-0.007685,-0.001032,-0.06684,0,0,1,39.53,45.76,1,32.44,0,1,0.02889,1.444,1,0.7834,0.3753,1,0.05556,-0.05556,0.05556
0.02778,160,87.61,69,2h 33m 49s,2.196,3,completioncredit_globalkl002_e5,Completion-wide credit + global KL 0.02,639,3.479,5.9e-07,57,0.008132,1455,45.79,1d 12h 41m 58s,164.2,161.9,1,0,0,0,-0.03313,0,0.007451,0.04693,-0.0006876,-0.03313,0,0,1,39.53,45.72,1,32.41,0,1,0.0275,1.375,1,0.8725,0.3604,1,0.02778,-0.02778,0.02778
0.02778,160,87.67,73,2h 36m 28s,2.199,3,completioncredit_globalkl002_e5,Completion-wide credit + global KL 0.02,640,3.015,5.9e-07,58,0.0434,1455,45.79,1d 12h 38m 35s,158.8,161.9,1,0,0,0,-0.03746,0,-0.01278,0.03294,0.001378,-0.03746,0,0,1,39.53,45.78,1,31.68,0,1,0.02778,1.389,1,0.8987,0.3256,1,0.02778,-0.02778,0.02778
0.04167,160,87.39,70,2h 39m 6s,2.203,3,completioncredit_globalkl002_e5,Completion-wide credit + global KL 0.02,641,4.125,5.9e-07,59,-0.03192,1455,45.8,1d 12h 34m 58s,157.6,161.8,1,0,0,0,-0.06582,0,-0.0882,0.01016,0.003979,-0.06582,0,0,1,39.53,45.8,1,32.16,0,1,0.02931,1.465,1,0.9087,0.4473,1,0.05556,-0.05556,0.05556
0.04861,160,89.58,73,2h 41m 47s,2.206,3,completioncredit_globalkl002_e5,Completion-wide credit + global KL 0.02,642,3.221,5.9e-07,60,-0.07553,1455,45.8,1d 12h 32m 4s,160.7,161.8,1,0,0,0,-0.06944,0,-0.1136,0.005816,-0.009872,-0.06944,0,0,1,39.53,45.78,1,34.42,0,1,0.02931,1.465,1,0.9285,0.3824,1,0.05556,-0.05556,0.05556
0.09028,160,91.94,73,2h 44m 19s,2.21,3,completioncredit_globalkl002_e5,Completion-wide credit + global KL 0.02,643,2.447,5.9e-07,61,-0.05245,1455,45.8,1d 12h 27m 21s,152.4,161.6,1,0,0,0,-0.1768,0,-0.2006,0.1219,0.0002222,-0.1768,0,0,1,39.53,45.8,1,32.24,0,1,0.03083,1.542,1,0.8181,0.3043,1,0.1389,-0.1389,0.1389
0.03472,160,87.26,71,2h 47m 1s,2.213,3,completioncredit_globalkl002_e5,Completion-wide credit + global KL 0.02,644,3.19,5.9e-07,62,0.02507,1455,45.8,1d 12h 24m 38s,161.3,161.6,1,0,0,0,-0.08187,0,-0.08489,0.04897,0.0005827,-0.08187,0,0,1,39.53,45.78,1,32.43,0,1,0.02931,1.465,1,0.8657,0.4589,1,0.1111,-0.1111,0.1111
0.04167,160,88.58,69,2h 49m 43s,2.216,3,completioncredit_globalkl002_e5,Completion-wide credit + global KL 0.02,645,2.921,5.9e-07,63,-0.05213,1455,45.8,1d 12h 22m 1s,161.7,161.6,1,0,0,0,-0.1004,0,-0.1191,0.05319,-0.0004657,-0.1004,0,0,1,39.53,45.72,1,32.65,0,1,0.02917,1.458,1,0.8461,0.4547,1,0.08333,-0.08333,0.08333
0.04861,160,87.81,73,2h 52m 21s,2.22,3,completioncredit_globalkl002_e5,Completion-wide credit + global KL 0.02,646,2.786,5.9e-07,64,-0.03848,1455,45.8,1d 12h 18m 41s,158.4,161.6,1,0,0,0,-0.0669,0,0.01569,0.1222,-0.00151,-0.0669,0,0,1,39.53,45.72,1,31.69,0,1,0.02889,1.444,1,0.8949,0.283,1,0.05556,-0.05556,0.05556
0.04861,160,86.94,70,2h 55m 5s,2.223,3,completioncredit_globalkl002_e5,Completion-wide credit + global KL 0.02,647,4.958,5.9e-07,65,-0.05518,1455,45.8,1d 12h 16m 25s,163.4,161.6,1,0,0,0,-0.06899,0,-0.1059,0.0002412,0.002826,-0.06899,0,0,1,39.53,45.72,1,33.99,0,1,0.02903,1.451,1,0.8842,0.2271,1,0.05556,-0.05556,0.05556
0.05556,160,87.88,69,2h 57m 40s,2.227,3,completioncredit_globalkl002_e5,Completion-wide credit + global KL 0.02,648,3.002,5.9e-07,66,0.004983,1455,45.8,1d 12h 12m 19s,154.5,161.5,1,0,0,0,-0.1135,0,-0.09489,0.1071,-0.005266,-0.1135,0,0,1,39.53,45.72,1,31.03,0,1,0.03042,1.521,1,0.8453,0.62,1,0.1111,-0.1111,0.1111
0.03472,160,86.93,70,3h 0m 21s,2.23,3,completioncredit_globalkl002_e5,Completion-wide credit + global KL 0.02,649,4.143,5.8e-07,67,-0.05544,1455,45.8,1d 12h 9m 31s,160.7,161.5,1,0,0,0,-0.07105,0,-0.1281,-0.002284,-0.01238,-0.07105,0,0,1,39.53,45.74,1,31.81,0,1,0.02861,1.431,1,0.9124,0.3517,1,0.05556,-0.05556,0.05556
0.04861,160,86.64,69,3h 3m 5s,2.234,3,completioncredit_globalkl002_e5,Completion-wide credit + global KL 0.02,650,4.117,5.8e-07,68,-0.02398,1455,45.8,1d 12h 7m 21s,163.9,161.5,1,0,0,0,-0.03521,0,0.02762,0.06842,0.0005709,-0.03521,0,0,1,39.53,45.72,1,31.96,0,1,0.02917,1.458,1,0.8983,0.329,1,0.02778,-0.02778,0.02778
0.03472,160,85.73,69,3h 5m 47s,2.237,3,completioncredit_globalkl002_e5,Completion-wide credit + global KL 0.02,651,2.886,5.8e-07,69,0.01886,1455,45.8,1d 12h 4m 48s,162.1,161.6,1,0,0,0,-0.07237,0,-0.1198,-0.003625,-0.0001456,-0.07237,0,0,1,39.53,45.72,1,32.16,0,1,0.02875,1.438,1,0.9158,0.4827,1,0.05556,-0.05556,0.05556
0.05556,160,86.31,69,3h 8m 25s,2.241,3,completioncredit_globalkl002_e5,Completion-wide credit + global KL 0.02,652,4.572,5.8e-07,70,-0.01444,1455,45.8,1d 12h 1m 25s,157.7,161.5,1,0,0,0,-0.06887,0,-0.07608,0.04763,-0.01588,-0.06887,0,0,1,39.53,45.74,1,32.6,0,1,0.02986,1.493,1,0.9192,0.3355,1,0.05556,-0.05556,0.05556
0.05556,160,87.39,69,3h 11m 3s,2.244,3,completioncredit_globalkl002_e5,Completion-wide credit + global KL 0.02,653,4.73,5.8e-07,71,-0.07349,1455,45.8,1d 11h 58m 3s,157.7,161.5,1,0,0,0,-0.06844,0,-0.0533,0.05733,-0.003302,-0.06844,0,0,1,39.53,45.78,1,31.68,0,1,0.02944,1.472,1,0.8669,0.4577,1,0.05556,-0.05556,0.05556
0.05556,160,86.42,69,3h 13m 44s,2.247,3,completioncredit_globalkl002_e5,Completion-wide credit + global KL 0.02,654,4.34,5.8e-07,72,-0.03013,1455,45.8,1d 11h 55m 22s,161.3,161.5,1,0,0,0,-0.117,0,-0.2031,-0.002353,0.003409,-0.117,0,0,1,39.53,45.74,1,33.9,0,1,0.02972,1.486,1,0.8108,0.4676,1,0.1111,-0.1111,0.1111
0.0625,160,87.28,69,3h 16m 22s,2.251,3,completioncredit_globalkl002_e5,Completion-wide credit + global KL 0.02,655,5.903,5.8e-07,73,-0.02897,1455,45.8,1d 11h 52m 3s,157.8,161.4,1,0,0,0,-0.03522,0,0.0793,0.1238,-0.003144,-0.03522,0,0,1,39.53,45.76,1,31.83,0,1,0.02917,1.458,1,0.8181,0.5997,1,0.02778,-0.02778,0.02778
0.04861,160,86.43,68,3h 19m 0s,2.254,3,completioncredit_globalkl002_e5,Completion-wide credit + global KL 0.02,656,5.053,5.8e-07,74,-0.01825,1455,45.8,1d 11h 48m 43s,157.2,161.4,1,0,0,0,-0.03177,0,0.03822,0.07281,0.0005055,-0.03177,0,0,1,39.53,45.76,1,31.49,0,1,0.02833,1.417,1,0.8877,0.2973,1,0.02778,-0.02778,0.02778
0.04861,160,87.12,69,3h 21m 40s,2.258,3,completioncredit_globalkl002_e5,Completion-wide credit + global KL 0.02,657,3.239,5.8e-07,75,0.03145,1455,45.8,1d 11h 45m 49s,159.9,161.3,1,0,0,0,-0.06577,0,-0.1084,-0.01386,0.008532,-0.06577,0,0,1,39.53,45.72,1,32.16,0,1,0.02847,1.424,1,0.8237,0.262,1,0.05556,-0.05556,0.05556
0.0625,160,88.38,68,3h 24m 18s,2.261,3,completioncredit_globalkl002_e5,Completion-wide credit + global KL 0.02,658,3.547,5.7e-07,76,-0.05198,1455,45.8,1d 11h 42m 30s,157.5,161.3,1,0,0,0,-0.1151,0,-0.2709,-0.01143,-0.03387,-0.1412,0,0,1,39.53,45.72,1,31.35,0,1,0.03056,1.528,1,0.8152,0.5016,1,0.1389,-0.1163,0.1111
0.02083,160,82.99,68,3h 27m 3s,2.265,3,completioncredit_globalkl002_e5,Completion-wide credit + global KL 0.02,659,3.392,5.7e-07,77,0.06472,1455,45.8,1d 11h 40m 25s,164.5,161.3,1,0,0,0,-0.03344,0,0.02449,0.06632,-0.002308,-0.03344,0,0,1,39.53,45.78,1,32.18,0,1,0.02736,1.368,1,0.9083,0.3815,1,0.02778,-0.02778,0.02778
0.02083,160,84.08,69,3h 29m 47s,2.268,3,completioncredit_globalkl002_e5,Completion-wide credit + global KL 0.02,660,5.06,5.7e-07,78,0.05754,1455,45.8,1d 11h 38m 8s,163.5,161.4,1,0,0,0,-0.03745,0,0.1288,0.1749,0.0003535,-0.03745,0,0,1,39.53,45.72,1,31.75,0,1,0.02833,1.417,1,0.8503,0.5615,1,0.02778,-0.02778,0.02778
0.04167,160,85.04,68,3h 32m 25s,2.271,3,completioncredit_globalkl002_e5,Completion-wide credit + global KL 0.02,661,3.247,5.7e-07,79,0.03131,1455,45.8,1d 11h 34m 54s,157.9,161.3,1,0,0,0,-0.03438,0,0.03667,0.0807,-0.004073,-0.03438,0,0,1,39.53,45.76,1,31.79,0,1,0.02889,1.444,1,0.8804,0.3327,1,0.02778,-0.02778,0.02778
0.06944,160,87.83,68,3h 35m 2s,2.275,3,completioncredit_globalkl002_e5,Completion-wide credit + global KL 0.02,662,4.408,5.7e-07,80,-0.0967,1455,45.8,1d 11h 31m 32s,156.5,161.3,1,0,0,0,-0.03444,0,-0.03973,-0.001204,0.001302,-0.03444,0,0,1,39.53,45.74,1,31.79,0,1,0.02917,1.458,1,0.7987,0.4787,1,0.02778,-0.02778,0.02778
0.02778,160,85.01,68,3h 37m 47s,2.278,3,completioncredit_globalkl002_e5,Completion-wide credit + global KL 0.02,663,3.919,5.7e-07,81,0.02049,1455,45.8,1d 11h 29m 23s,164.4,161.3,1,0,0,0,-0.0368,0,-0.003393,0.04289,-0.00113,-0.0368,0,0,1,39.53,45.78,1,31.5,0,1,0.02833,1.417,1,0.8605,0.2605,1,0.02778,-0.02778,0.02778
0.02083,160,85,73,3h 40m 29s,2.282,3,completioncredit_globalkl002_e5,Completion-wide credit + global KL 0.02,664,2.416,5.7e-07,82,0.1236,1455,45.8,1d 11h 26m 47s,161.6,161.3,1,0,0,0,0,0,0.1058,0.07683,0.0005114,0,0,0,1,35.59,40.91,1,31.64,0,1,0.02833,1.417,1,0.9799,0.4677,1,0,0,0
0.02083,160,84.5,70,3h 43m 13s,2.285,3,completioncredit_globalkl002_e5,Completion-wide credit + global KL 0.02,665,2.686,5.7e-07,83,0.06635,1455,45.8,1d 11h 24m 37s,164.4,161.4,1,0,0,0,0,0,0.1872,0.1578,0.0003433,0,0,0,1,35.22,40.46,1,32.32,0,1,0.02903,1.451,1,0.9613,0.6905,1,0,0,0
0.02083,160,84.68,73,3h 45m 56s,2.289,3,completioncredit_globalkl002_e5,Completion-wide credit + global KL 0.02,666,3.22,5.7e-07,84,0.04943,1455,45.8,1d 11h 22m 7s,162.3,161.4,1,0,0,0,-0.03786,0,-0.01775,0.03116,-0.001875,-0.03786,0,0,1,39.53,45.74,1,31.82,0,1,0.02875,1.438,1,0.9145,0.4795,1,0.02778,-0.02778,0.02778
0.01389,160,84.15,70,3h 48m 38s,2.292,3,completioncredit_globalkl002_e5,Completion-wide credit + global KL 0.02,667,2.812,5.7e-07,85,0.08987,1455,45.8,1d 11h 19m 31s,161.7,161.4,1,0,0,0,0,0,0.1085,0.07571,0.003718,0,0,0,1,35.66,41.03,1,31.43,0,1,0.02903,1.451,1,0.9746,0.402,1,0,0,0
0.02083,160,85.92,70,3h 51m 18s,2.296,3,completioncredit_globalkl002_e5,Completion-wide credit + global KL 0.02,668,3.17,5.6e-07,86,0.07094,1455,45.8,1d 11h 16m 38s,159.9,161.4,1,0,0,0,-0.03693,0,0.04841,0.09585,-0.002893,-0.03693,0,0,1,39.53,45.76,1,31.97,0,1,0.02931,1.465,1,0.9453,0.271,1,0.02778,-0.02778,0.02778
0.006944,160,85.07,72,3h 53m 59s,2.299,3,completioncredit_globalkl002_e5,Completion-wide credit + global KL 0.02,669,3.772,5.6e-07,87,0.04439,1455,45.8,1d 11h 13m 56s,161.1,161.4,1,0,0,0,-0.03475,0,-0.03687,0.002103,0.0009769,-0.03475,0,0,1,39.53,45.78,1,31.54,0,1,0.02958,1.479,1,0.8263,0.4874,1,0.02778,-0.02778,0.02778
0,115,86.72,73,3h 56m 40s,2.302,3,completioncredit_globalkl002_e5,Completion-wide credit + global KL 0.02,670,9.108,5.6e-07,88,0.1214,1455,45.8,1d 11h 11m 8s,160.3,161.4,1,0,0,0,0,0,0.1406,0.1071,0.004382,0,0,0,1,35.95,41.32,1,31.86,0,1,0.02917,1.458,1,0.9147,0.5785,1,0,0,0
0,107,85.49,72,3h 59m 18s,2.306,3,completioncredit_globalkl002_e5,Completion-wide credit + global KL 0.02,671,3.38,5.6e-07,89,0.1357,1455,45.8,1d 11h 8m 0s,158.2,161.3,1,0,0,0,0,0,0.08534,0.05175,0.003802,0,0,0,1,35.66,41.03,1,31.23,0,1,0.02972,1.486,1,0.9872,0.598,1,0,0,0
0.006944,160,86.7,74,4h 2m 2s,2.309,3,completioncredit_globalkl002_e5,Completion-wide credit + global KL 0.02,672,3.57,5.6e-07,90,0.1151,1455,45.8,1d 11h 5m 38s,163.3,161.4,1,0,0,0,0,0,0.02798,-2.589e-05,-0.0006768,0,0,0,1,35.73,41.07,1,31.3,0,1,0.02875,1.438,1,0.9198,0.641,1,0,0,0
0,108,85.88,72,4h 4m 46s,2.313,3,completioncredit_globalkl002_e5,Completion-wide credit + global KL 0.02,673,3.218,5.6e-07,91,0.1242,1455,45.8,1d 11h 3m 19s,163.8,161.4,1,0,0,0,0,0,0.2188,0.1961,-0.005078,0,0,0,1,35.73,41.07,1,34.37,0,1,0.02778,1.389,1,0.9617,0.3953,1,0,0,0
0,111,88.81,72,4h 7m 27s,2.316,3,completioncredit_globalkl002_e5,Completion-wide credit + global KL 0.02,674,3.048,5.6e-07,92,0.07924,1455,45.8,1d 11h 0m 35s,160.9,161.4,1,0,0,0,0,0,0.0257,-0.0002375,-0.003113,0,0,0,1,35.66,40.97,1,31.43,0,1,0.02917,1.458,1,0.9295,0.5288,1,0,0,0
0,111,87.28,72,4h 10m 5s,2.32,3,completioncredit_globalkl002_e5,Completion-wide credit + global KL 0.02,675,3.857,5.6e-07,93,0.09284,1455,45.8,1d 10h 57m 31s,158.5,161.3,1,0,0,0,0,0,0.1001,0.07066,0.0009698,0,0,0,1,35.51,40.83,1,31.13,0,1,0.02847,1.424,1,0.9643,0.2888,1,0,0,0
0,114,87.95,72,4h 12m 45s,2.323,3,completioncredit_globalkl002_e5,Completion-wide credit + global KL 0.02,676,2.279,5.6e-07,94,0.197,1455,45.8,1d 10h 54m 38s,159.7,161.3,1,0,0,0,8.92e-05,0,0.1281,0.09357,0.005966,0,0,0,1,36.17,41.63,1,31.92,0,1,0.02833,1.417,1,0.9484,0.3449,1,0,0,0
0,115,89.3,73,4h 15m 26s,2.326,3,completioncredit_globalkl002_e5,Completion-wide credit + global KL 0.02,677,2.456,5.5e-07,95,0.1583,1455,45.8,1d 10h 51m 55s,160.9,161.3,1,0,0,0,0,0,0.08712,0.05832,-5.28e-06,0,0,0,1,35.66,41.01,1,31.36,0,1,0.02889,1.444,1,0.9788,0.3805,1,0,0,0
0,116,89.7,75,4h 18m 7s,2.33,3,completioncredit_globalkl002_e5,Completion-wide credit + global KL 0.02,678,3.185,5.5e-07,96,0.1039,1455,45.8,1d 10h 49m 7s,160.2,161.3,1,0,0,0,0,0,0.06492,0.03691,-0.0001906,0,0,0,1,36.17,41.64,1,30.76,0,1,0.02819,1.41,1,0.9381,0.292,1,0,0,0
0,119,90.02,72,4h 20m 46s,2.333,3,completioncredit_globalkl002_e5,Completion-wide credit + global KL 0.02,679,3.456,5.5e-07,97,0.04157,1455,45.8,1d 10h 46m 12s,159.4,161.3,1,0,0,0,0,0,0.02506,-0.003644,-0.0001085,0,0,0,1,35.81,41.21,1,32.12,0,1,0.02889,1.444,1,0.8627,0.4404,1,0,0,0
0,127,91.93,73,4h 23m 35s,2.337,3,completioncredit_globalkl002_e5,Completion-wide credit + global KL 0.02,680,3.297,5.5e-07,98,0.06256,1455,45.8,1d 10h 44m 24s,167.8,161.4,1,0,0,0,0,0,0.06804,0.04093,-0.001574,0,0,0,1,37.12,42.83,1,34.56,0,1,0.02861,1.431,1,0.9803,0.2763,1,0,0,0
0,128,90.99,74,4h 26m 22s,2.34,3,completioncredit_globalkl002_e5,Completion-wide credit + global KL 0.02,681,3.749,5.5e-07,99,0.1845,1455,45.8,1d 10h 42m 32s,167.5,161.4,1,0,0,0,0,0,0.1393,0.1121,-0.001527,0,0,0,1,35.88,41.23,1,32.92,0,1,0.02861,1.431,1,0.9182,0.3629,1,0,0,0
0,124,90.56,77,4h 29m 5s,2.344,3,completioncredit_globalkl002_e5,Completion-wide credit + global KL 0.02,682,4,5.5e-07,100,0.1337,1455,45.8,1d 10h 39m 59s,162.3,161.4,1,0,0,0,0,0,0.02428,-0.004194,3.346e-05,0,0,0,1,36.54,42.1,1,31.16,0,1,0.02847,1.424,1,0.9142,0.6334,1,0,0,0
0,128,91.47,76,4h 31m 47s,2.347,3,completioncredit_globalkl002_e5,Completion-wide credit + global KL 0.02,683,2.851,5.5e-07,101,0.1602,1455,45.8,1d 10h 37m 20s,161.6,161.5,1,0,0,0,0,0,0.1917,0.168,-0.003958,0,0,0,1,37.19,42.9,1,31.91,0,1,0.02764,1.382,1,0.9274,0.691,1,0,0,0
0,122,91.51,75,4h 34m 29s,2.351,3,completioncredit_globalkl002_e5,Completion-wide credit + global KL 0.02,684,3.284,5.5e-07,102,0.1452,1455,45.8,1d 10h 34m 44s,161.8,161.5,1,0,0,0,0,0,0.1602,0.1296,0.00311,0,0,0,1,36.1,41.58,1,32.21,0,1,0.0275,1.375,1,0.9281,0.53,1,0,0,0
0,120,90.94,76,4h 37m 9s,2.354,3,completioncredit_globalkl002_e5,Completion-wide credit + global KL 0.02,685,3.495,5.5e-07,103,0.09191,1455,45.8,1d 10h 31m 54s,160.1,161.4,1,0,0,0,0,0,0.1158,0.08327,0.00382,0,0,0,1,36.39,41.91,1,31.36,0,1,0.02875,1.438,1,0.9398,0.6859,1,0,0,0
0.006944,160,91.74,73,4h 39m 54s,2.357,3,completioncredit_globalkl002_e5,Completion-wide credit + global KL 0.02,686,2.796,5.4e-07,104,0.09233,1455,45.8,1d 10h 29m 40s,164.9,161.5,1,0,0,0,0,0,0.2382,0.2102,-0.0007944,0,0,0,1,35.66,41.01,1,31.47,0,1,0.02889,1.444,1,0.9294,0.3967,1,0,0,0
0,125,93.53,76,4h 42m 33s,2.361,3,completioncredit_globalkl002_e5,Completion-wide credit + global KL 0.02,687,3.405,5.4e-07,105,0.152,1455,45.8,1d 10h 26m 42s,159,161.5,1,0,0,0,0,0,0.1282,0.1008,0.0002718,0,0,0,1,36.97,42.59,1,31.69,0,1,0.02708,1.354,1,0.9871,0.438,1,0,0,0
0.006944,160,93.04,75,4h 45m 18s,2.364,3,completioncredit_globalkl002_e5,Completion-wide credit + global KL 0.02,688,5.231,5.4e-07,106,0.1369,1455,45.8,1d 10h 24m 21s,164.1,161.5,1,0,0,0,0,0,0.3348,0.3055,0.001863,0,0,0,1,37.27,42.95,1,31.61,0,1,0.0275,1.375,1,0.9218,0.6398,1,0,0,0
0,129,93.07,73,4h 48m 2s,2.368,3,completioncredit_globalkl002_e5,Completion-wide credit + global KL 0.02,689,2.133,5.4e-07,107,0.1471,1455,45.8,1d 10h 21m 58s,163.8,161.5,1,0,0,0,0,0,0.02345,-0.002452,-0.001561,0,0,0,1,36.83,42.46,1,31.48,0,1,0.0275,1.375,1,0.9441,0.4804,1,0,0,0
0,141,92.97,73,4h 50m 47s,2.371,3,completioncredit_globalkl002_e5,Completion-wide credit + global KL 0.02,690,3.707,5.4e-07,108,0.08573,1455,45.8,1d 10h 19m 42s,164.9,161.5,1,0,0,0,0,0,0.02954,-0.001303,0.003504,0,0,0,1,37.12,42.81,1,34.49,0,1,0.02736,1.368,1,0.9036,0.6355,1,0,0,0
0,142,94.12,75,4h 53m 34s,2.375,3,completioncredit_globalkl002_e5,Completion-wide credit + global KL 0.02,691,3.091,5.4e-07,109,0.08969,1455,45.8,1d 10h 17m 36s,166.4,161.6,1,0,0,0,0,0,0.04577,0.01636,0.00146,0,0,0,1,36.46,41.95,1,31.33,0,1,0.02806,1.403,1,0.879,0.3859,1,0,0,0
0,128,94.49,77,4h 56m 15s,2.378,3,completioncredit_globalkl002_e5,Completion-wide credit + global KL 0.02,692,4.059,5.4e-07,110,0.1003,1455,45.8,1d 10h 14m 53s,161.1,161.6,1,0,0,0,0,0,0.03871,0.007535,0.003708,0,0,0,1,35.95,41.32,1,30.69,0,1,0.0275,1.375,1,0.9792,0.3395,1,0,0,0
0,129,95.83,76,4h 58m 58s,2.381,3,completioncredit_globalkl002_e5,Completion-wide credit + global KL 0.02,693,2.908,5.4e-07,111,0.08829,1455,45.8,1d 10h 12m 21s,162.7,161.6,1,0,0,0,0,0,0.184,0.1624,-0.005076,0,0,0,1,37.12,42.77,1,31.43,0,1,0.02667,1.333,1,0.9461,0.4261,1,0,0,0
0.006944,160,95.29,76,5h 1m 41s,2.385,3,completioncredit_globalkl002_e5,Completion-wide credit + global KL 0.02,694,2.15,5.4e-07,112,0.1307,1455,45.8,1d 10h 9m 49s,162.9,161.6,1,0,0,0,-0.03035,0,-0.03336,0.001698,-0.002073,-0.03035,0,0,1,39.53,45.76,1,31.45,0,1,0.02764,1.382,1,0.8596,0.4936,1,0.02778,-0.02778,0.02778
0,123,94.34,73,5h 4m 26s,2.388,3,completioncredit_globalkl002_e5,Completion-wide credit + global KL 0.02,695,8.802,5.4e-07,113,0.1614,1455,45.8,1d 10h 7m 31s,164.8,161.6,1,0,0,0,0,0,0.2769,0.2507,-0.0007294,0,0,0,1,36.83,42.44,1,32.57,0,1,0.02681,1.34,1,0.9708,0.5484,1,0,0,0
0,131,92.28,75,5h 7m 11s,2.392,3,completioncredit_globalkl002_e5,Completion-wide credit + global KL 0.02,696,6.6,5.3e-07,114,0.1169,1455,45.8,1d 10h 5m 11s,164.8,161.7,1,0,0,0,0,0,0.09431,0.06373,0.002136,0,0,0,1,36.24,41.73,1,31.83,0,1,0.02847,1.424,1,0.9539,0.7906,1,0,0,0
0.01389,160,96.1,76,5h 9m 56s,2.395,3,completioncredit_globalkl002_e5,Completion-wide credit + global KL 0.02,697,1.967,5.3e-07,115,0.1199,1455,45.8,1d 10h 2m 51s,164.7,161.7,1,0,0,0,0,0,0.218,0.192,-0.001961,0,0,0,1,38.21,44.17,1,32.04,0,1,0.02792,1.396,1,0.9374,0.676,1,0,0,0
0.006944,160,93.15,77,5h 12m 42s,2.399,3,completioncredit_globalkl002_e5,Completion-wide credit + global KL 0.02,698,4.124,5.3e-07,116,0.05591,1455,45.8,1d 10h 0m 39s,166,161.7,1,0,0,0,0,0,0.09149,0.06492,-0.00114,0,0,0,1,36.68,42.28,1,32.65,0,1,0.02764,1.382,1,0.9602,0.3731,1,0,0,0
0,126,91.89,75,5h 15m 27s,2.402,3,completioncredit_globalkl002_e5,Completion-wide credit + global KL 0.02,699,3.149,5.3e-07,117,0.05417,1455,45.8,1d 9h 58m 16s,164.3,161.8,1,0,0,0,0,0,0.02551,0.001171,-0.003618,0,0,0,1,36.17,41.63,1,32.59,0,1,0.02806,1.403,1,0.9381,0.6182,1,0,0,0
0.01389,160,93.88,75,5h 18m 10s,2.405,3,completioncredit_globalkl002_e5,Completion-wide credit + global KL 0.02,700,2.39,5.3e-07,118,0.1751,1455,45.8,1d 9h 55m 45s,163.2,161.8,1,0,0,0,-0.02887,0,0.1598,0.1931,-0.00392,-0.02887,0,0,1,39.53,45.78,1,31.86,0,1,0.02847,1.424,1,0.8378,0.5582,1,0.02778,-0.02778,0.02778
0,122,91.78,65,5h 20m 57s,2.409,3,completioncredit_globalkl002_e5,Completion-wide credit + global KL 0.02,701,2.754,5.3e-07,119,0.1136,1455,45.8,1d 9h 53m 37s,166.9,161.8,1,0,0,0,0,0,0.02844,0.002307,-0.002309,0,0,0,1,36.32,41.83,1,32.55,0,1,0.02847,1.424,1,0.8493,0.5416,1,0,0,0
0.01389,160,92.4,66,5h 23m 38s,2.412,3,completioncredit_globalkl002_e5,Completion-wide credit + global KL 0.02,702,2.806,5.3e-07,120,0.03366,1455,45.8,1d 9h 50m 49s,160.6,161.8,1,0,0,0,-0.03145,0,-0.001197,0.03003,0.00286,-0.03145,0,0,1,39.53,45.8,1,31.39,0,1,0.02889,1.444,1,0.9448,0.6834,1,0.02778,-0.02778,0.02778
0,118,91,73,5h 26m 24s,2.416,3,completioncredit_globalkl002_e5,Completion-wide credit + global KL 0.02,703,4.083,5.3e-07,121,0.1079,1455,45.8,1d 9h 48m 34s,165.8,161.9,1,0,0,0,0,0,0.1648,0.146,-0.008518,0,0,0,1,36.46,42.03,1,32.84,0,1,0.02736,1.368,1,0.9567,0.4103,1,0,0,0
0,144,93.26,70,5h 29m 7s,2.419,3,completioncredit_globalkl002_e5,Completion-wide credit + global KL 0.02,704,4.444,5.3e-07,122,0.05614,1455,45.8,1d 9h 45m 59s,162.8,161.9,1,0,0,0,0,0,0.02971,-0.001378,0.002396,0,0,0,1,38.36,44.37,1,32.14,0,1,0.02861,1.431,1,0.9543,0.316,1,0,0,0
0.006944,160,91.08,69,5h 31m 49s,2.423,3,completioncredit_globalkl002_e5,Completion-wide credit + global KL 0.02,705,2.756,5.2e-07,123,0.03538,1455,45.8,1d 9h 43m 14s,161,161.9,1,0,0,0,0,0,0.07427,0.0534,-0.007573,0,0,0,1,36.39,41.91,1,31.62,0,1,0.02847,1.424,1,0.947,0.4384,1,0,0,0
0.006944,160,89.6,75,5h 34m 33s,2.426,3,completioncredit_globalkl002_e5,Completion-wide credit + global KL 0.02,706,3.039,5.2e-07,124,0.0423,1455,45.8,1d 9h 40m 48s,164.3,161.9,1,0,0,0,0,0,0.1223,0.09461,-0.0009593,0,0,0,1,35.73,41.09,1,32.67,0,1,0.02861,1.431,1,0.9842,0.4933,1,0,0,0
0.006944,160,91.2,69,5h 37m 15s,2.43,3,completioncredit_globalkl002_e5,Completion-wide credit + global KL 0.02,707,2.636,5.2e-07,125,0.04522,1455,45.8,1d 9h 38m 4s,161.3,161.9,1,0,0,0,-0.03272,0,-0.02722,0.005932,0.00275,-0.03272,0,0,1,39.53,45.76,1,31.99,0,1,0.02958,1.479,1,0.8747,0.5869,1,0.02778,-0.02778,0.02778
0.02778,160,90.83,74,5h 39m 57s,2.433,3,completioncredit_globalkl002_e5,Completion-wide credit + global KL 0.02,708,3.544,5.2e-07,126,-0.01564,1455,45.8,1d 9h 35m 24s,162,161.9,1,0,0,0,-0.06501,0,-0.1091,-0.004689,-0.003075,-0.06501,0,0,1,39.53,45.74,1,32.22,0,1,0.02875,1.438,1,0.891,0.4353,1,0.05556,-0.05556,0.05556
0.1042,160,96.27,71,5h 42m 35s,2.436,3,completioncredit_globalkl002_e5,Completion-wide credit + global KL 0.02,709,7.405,5.2e-07,127,-0.1465,1455,45.8,1d 9h 32m 20s,157.7,161.8,1,0,0,0,-0.07161,0,-0.1297,-0.006382,-0.009979,-0.07161,0,0,1,39.53,45.76,1,32.19,0,1,0.03,1.5,1,0.8889,0.3999,1,0.08333,-0.08333,0.08333
0.8819,160,151.3,75,5h 43m 56s,2.44,3,completioncredit_globalkl002_e5,Completion-wide credit + global KL 0.02,710,12.69,5.2e-07,128,0.2261,1455,45.8,1d 9h 21m 50s,81.15,161.2,1,0,0,0,-0.1575,0,-0.1499,0.05266,0.004207,-0.09119,0,0,1,39.53,45.72,1,32.29,0,1,0.04194,2.097,1,0.2592,0.1157,1,0.7222,-0.7222,0.7222
1,160,160,160,5h 45m 0s,2.443,3,completioncredit_globalkl002_e5,Completion-wide credit + global KL 0.02,711,2.946,5.2e-07,129,0.411,1455,45.8,1d 9h 9m 46s,63.51,160.5,1,0,0,0,0,0,0.4029,0,0,0.3565,0,0,1,39.53,45.72,1,31.48,0,1,0.04639,2.319,1,0,0,1,1,-1,1
1,160,160,160,5h 46m 9s,2.447,3,completioncredit_globalkl002_e5,Completion-wide credit + global KL 0.02,712,3.743,5.2e-07,130,0.4082,1455,45.8,1d 8h 58m 23s,68.75,159.8,1,0,0,0,0,0,0.4029,0,0,0.3565,0,0,1,39.53,45.74,1,32.43,0,1,0.04639,2.319,1,0,0,1,1,-1,1
1,160,160,160,5h 47m 13s,2.45,3,completioncredit_globalkl002_e5,Completion-wide credit + global KL 0.02,713,3.524,5.2e-07,131,0.387,1455,45.8,1d 8h 46m 39s,63.5,159,1,0,0,0,0,0,0.3772,0,0,0.3313,0,0,1,39.53,45.74,1,31.52,0,1,0.04611,2.306,1,0,0,1,1,-1,1
0.9861,160,159,81,5h 48m 24s,2.454,3,completioncredit_globalkl002_e5,Completion-wide credit + global KL 0.02,714,6.498,5.1e-07,132,0.4487,1455,45.8,1d 8h 35m 45s,70.64,158.4,1,0,0,0,0,0,0.367,0,0,0.3226,0,0,1,39.53,45.72,1,32.62,0,1,0.04444,2.222,1,0,0,1,1,-1,1
1,160,160,160,5h 49m 31s,2.457,3,completioncredit_globalkl002_e5,Completion-wide credit + global KL 0.02,715,7.643,5.1e-07,133,0.3443,1455,45.8,1d 8h 24m 43s,67.59,157.7,1,0,0,0,0,0,0.3318,0,0,0.2874,0,0,1,39.53,45.76,1,31.52,0,1,0.04444,2.222,1,0,0,1,1,-1,1
0.9792,160,159.5,134,5h 50m 40s,2.46,3,completioncredit_globalkl002_e5,Completion-wide credit + global KL 0.02,716,8.167,5.1e-07,134,0.273,1455,45.8,1d 8h 13m 55s,68.51,157,1,0,0,0,0,0,0.2945,0,0,0.2501,0,0,1,39.53,45.78,1,32.22,0,1,0.04444,2.222,1,0,0,1,1,-1,1
0.9792,160,159.7,138,5h 51m 50s,2.464,3,completioncredit_globalkl002_e5,Completion-wide credit + global KL 0.02,717,4.302,5.1e-07,135,0.2432,1455,45.8,1d 8h 3m 20s,69.45,156.4,1,0,0,0,0,0,0.2414,0,0,0.1931,0,0,1,39.53,45.76,1,31.83,0,1,0.04833,2.417,1,0,0,1,1,-1,1
0.6944,160,153.6,96,5h 53m 25s,2.467,3,completioncredit_globalkl002_e5,Completion-wide credit + global KL 0.02,718,3.199,5.1e-07,136,-0.02327,1455,45.8,1d 7h 55m 15s,95.41,155.9,1,0,0,0,-0.03451,0,-0.01041,-0.006185,-0.002404,-0.007593,0,0,1,39.53,45.78,1,33.01,0,1,0.04028,2.014,1,0.2116,0.0002157,1,0.9167,-0.8194,0.75
0.4861,160,146,105,5h 55m 21s,2.471,3,completioncredit_globalkl002_e5,Completion-wide credit + global KL 0.02,719,5.073,5.1e-07,137,-0.08911,1455,45.8,1d 7h 49m 1s,115,155.6,1,0,0,0,-0.06035,0,-0.08697,-0.004816,0.005119,-0.05756,0,0,1,39.53,45.72,1,31.8,0,1,0.03056,1.528,1,0.5062,0.0005254,1,0.5833,-0.4948,0.4167
0.1944,160,136,70,5h 57m 40s,2.474,3,completioncredit_globalkl002_e5,Completion-wide credit + global KL 0.02,720,4.42,5.1e-07,138,-0.03132,1455,45.8,1d 7h 44m 56s,138.7,155.5,1,0,0,0,-0.02883,0,-0.04643,-0.004109,-0.005779,-0.03506,0,0,1,39.53,45.78,1,31.96,0,1,0.02736,1.368,1,0.7852,0.004056,1,0.2778,-0.2135,0.1667
0.06944,160,132.4,103,6h 0m 9s,2.478,3,completioncredit_globalkl002_e5,Completion-wide credit + global KL 0.02,721,2.374,5.1e-07,139,0.001471,1455,45.8,1d 7h 41m 49s,149.3,155.5,1,0,0,0,-0.004839,0,-0.002069,-0.002229,0.001136,-0.02092,0,0,1,39.53,45.78,1,32.63,0,1,0.02472,1.236,1,0.8539,-0.00886,1,0.2222,-0.1076,0.05556
0.04167,160,127.1,83,6h 2m 36s,2.481,3,completioncredit_globalkl002_e5,Completion-wide credit + global KL 0.02,722,2.357,5.1e-07,140,-0.006163,1455,45.8,1d 7h 38m 27s,146.3,155.4,1,0,0,0,-0.01164,0,-0.01796,-0.008168,-0.0128,-0.006716,0,0,1,39.53,45.78,1,32.34,0,1,0.02139,1.069,1,0.8745,0.001362,1,0.1389,-0.09028,0.02778
0.03472,160,121.1,84,6h 5m 10s,2.485,3,completioncredit_globalkl002_e5,Completion-wide credit + global KL 0.02,723,3.261,5e-07,141,0.03113,1455,45.8,1d 7h 35m 46s,154.1,155.4,1,0,0,0,0.008997,0,0.02554,-0.01736,-0.01346,0.02588,0,0,1,39.53,45.78,1,31.5,0,1,0.02153,1.076,1,0.9361,-0.002753,1,0.1389,-0.05729,0.02778
0.01389,160,114.2,59,6h 7m 42s,2.488,3,completioncredit_globalkl002_e5,Completion-wide credit + global KL 0.02,724,3.144,5e-07,142,0.03789,1455,45.8,1d 7h 32m 54s,151.8,155.4,1,0,0,0,0,0,0.0421,0.01384,0.00549,0.001406,0,0,1,39.31,45.54,1,32.66,0,1,0.02139,1.069,1,0.9497,0.006694,1,0.02778,-0.02257,0
0,150,109.3,69,6h 10m 19s,2.491,3,completioncredit_globalkl002_e5,Completion-wide credit + global KL 0.02,725,2.683,5e-07,143,0.01776,1455,45.8,1d 7h 30m 26s,156.1,155.4,1,0,0,0,-0.0009814,0,0.01031,0.003651,-0.006663,-0.006083,0,0,1,38.58,44.58,1,31.99,0,1,0.02042,1.021,1,0.9353,0.003087,1,0.08333,-0.01215,0
0,149,105.2,75,6h 12m 51s,2.495,3,completioncredit_globalkl002_e5,Completion-wide credit + global KL 0.02,726,2.714,5e-07,144,0.009759,1455,45.8,1d 7h 27m 34s,152.1,155.4,1,0,0,0,6.665e-05,0,0.006727,-0.008241,0.0009028,-0.003824,0,0,1,38.43,44.43,1,32.29,0,1,0.01778,0.8889,1,0.9638,0.004763,1,0.02778,-0.001736,0
0,139,100.5,72,6h 15m 25s,2.498,3,completioncredit_globalkl002_e5,Completion-wide credit + global KL 0.02,727,2.955,5e-07,145,0.01695,1455,45.8,1d 7h 24m 50s,153.4,155.3,1,0,0,0,0.002336,0,0.004482,-0.01092,-0.005118,0,0,0,1,37.27,42.95,1,32.58,0,1,0.01819,0.9097,1,0.851,0.02182,1,0,0,0
0,156,95.53,63,6h 17m 56s,2.502,3,completioncredit_globalkl002_e5,Completion-wide credit + global KL 0.02,728,3.388,5e-07,146,0.01953,1455,45.8,1d 7h 21m 52s,150.5,155.3,1,0,0,0,0.0005921,0,0.03956,0.01962,0.006911,-0.004782,0,0,1,39.24,45.38,1,32.39,0,1,0.01722,0.8611,1,0.8378,0.01746,1,0.02778,-0.02083,0
0,135,91.09,58,6h 20m 28s,2.505,3,completioncredit_globalkl002_e5,Completion-wide credit + global KL 0.02,729,4.282,5e-07,147,0.01974,1455,45.8,1d 7h 18m 60s,151.7,155.3,1,0,0,0,0.009732,0,0.02528,-0.004413,0.001533,0,0,0,1,35.73,41.11,1,32.11,0,1,0.01847,0.9236,1,0.8654,0.01451,1,0,0,0
0,141,85.52,61,6h 23m 1s,2.509,3,completioncredit_globalkl002_e5,Completion-wide credit + global KL 0.02,730,3.946,5e-07,148,0.0193,1455,45.8,1d 7h 16m 15s,153.1,155.3,1,0,0,0,0,0,0.02084,-0.002246,0.005632,0,0,0,1,35.59,40.89,1,32.63,0,1,0.01743,0.8715,1,0.9461,0.04849,1,0,0,0
0,111,81.51,51,6h 25m 33s,2.512,3,completioncredit_globalkl002_e5,Completion-wide credit + global KL 0.02,731,2.84,5e-07,149,0.02936,1455,45.8,1d 7h 13m 24s,151.8,155.3,1,0,0,0,0,0,0.05184,0.03053,0.003126,0,0,0,1,35.51,40.85,1,32.85,0,1,0.01819,0.9097,1,0.9469,0.0196,1,0,0,0
0,108,78.42,56,6h 28m 10s,2.515,3,completioncredit_globalkl002_e5,Completion-wide credit + global KL 0.02,732,4.181,5e-07,150,0.0195,1455,45.8,1d 7h 10m 60s,157.4,155.3,1,0,0,0,0,0,0.01861,-0.004024,0.004448,0,0,0,1,35.44,40.76,1,31.92,0,1,0.01819,0.9097,1,0.9487,0.06739,1,0,0,0
0,111,75.33,52,6h 30m 37s,2.519,3,completioncredit_globalkl002_e5,Completion-wide credit + global KL 0.02,733,4.426,4.9e-07,151,0.01138,1455,45.8,1d 7h 7m 44s,146.5,155.2,1,0,0,0,0,0,0.00623,-0.01226,-0.0001905,0,0,0,1,34.27,39.25,1,31.31,0,1,0.01861,0.9306,1,0.9776,0.03953,1,0,0,0
0,94,73.25,51,6h 33m 2s,2.522,3,completioncredit_globalkl002_e5,Completion-wide credit + global KL 0.02,734,5.088,4.9e-07,152,0.0002257,1455,45.8,1d 7h 4m 19s,144.1,155.1,1,0,0,0,0,0,-1.935e-05,-0.01516,-0.003172,0,0,0,1,34.27,39.23,1,31.4,0,1,0.01833,0.9167,1,0.94,0.03059,1,0,0,0
0,104,72.83,51,6h 35m 34s,2.526,3,completioncredit_globalkl002_e5,Completion-wide credit + global KL 0.02,735,2.139,4.9e-07,153,0.00914,1455,45.8,1d 7h 1m 31s,152.3,155.1,1,0,0,0,0.008129,0,0.008971,-0.01737,-0.001077,0,0,0,1,35.44,40.72,1,32.12,0,1,0.01931,0.9653,1,0.9069,0.0429,1,0,0,0
0,110,69.03,48,6h 38m 5s,2.529,3,completioncredit_globalkl002_e5,Completion-wide credit + global KL 0.02,736,4.904,4.9e-07,154,0.01629,1455,45.8,1d 6h 58m 34s,150.1,155.1,1,0,0,0,0.002942,0,0.01779,0.0003753,-0.006893,0,0,0,1,33.91,38.74,1,30.66,0,1,0.02139,1.069,1,0.9446,0.03076,1,0,0,0
0,88,66.05,49,6h 40m 30s,2.533,3,completioncredit_globalkl002_e5,Completion-wide credit + global KL 0.02,737,3.485,4.9e-07,155,0.01974,1455,45.8,1d 6h 55m 15s,145.3,155,1,0,0,0,0.00101,0,0.01654,-0.009106,0.002298,0,0,0,1,34.27,39.27,1,30.58,0,1,0.02236,1.118,1,0.7453,0.07008,1,0,0,0
0,95,67.02,47,6h 43m 4s,2.536,3,completioncredit_globalkl002_e5,Completion-wide credit + global KL 0.02,738,5.248,4.9e-07,156,0.01844,1455,45.8,1d 6h 52m 34s,153.6,155,1,0,0,0,0,0,0.02028,0.006622,-0.009777,0,0,0,1,34.57,39.6,1,32.93,0,1,0.02347,1.174,1,0.9829,0.0109,1,0,0,0
0,112,66.42,45,6h 45m 32s,2.54,3,completioncredit_globalkl002_e5,Completion-wide credit + global KL 0.02,739,3.956,4.9e-07,157,0.02514,1455,45.8,1d 6h 49m 26s,147.5,155,1,0,0,0,0.004577,0,0.03438,0.007815,-0.000957,0,0,0,1,34.2,39.15,1,30.69,0,1,0.02306,1.153,1,0.8969,0.09382,1,0,0,0
0,88,64.62,47,6h 47m 60s,2.543,3,completioncredit_globalkl002_e5,Completion-wide credit + global KL 0.02,740,3.072,4.9e-07,158,0.0212,1455,45.8,1d 6h 46m 18s,147.6,154.9,1,0,0,0,0,0,0.01289,0.001792,-0.01307,0,0,0,1,34.27,39.29,1,30.24,0,1,0.02417,1.208,1,0.9751,0.07007,1,0,0,0
0,97,66.56,49,6h 50m 33s,2.546,3,completioncredit_globalkl002_e5,Completion-wide credit + global KL 0.02,741,3.449,4.9e-07,159,0.01618,1455,45.8,1d 6h 43m 37s,153.2,154.9,1,0,0,0,0,0,0.0189,-0.006021,-0.0007108,0,0,0,1,34.27,39.25,1,30.22,0,1,0.02556,1.278,1,0.945,0.002419,1,0,0,0
0,101,65.1,45,6h 53m 2s,2.55,3,completioncredit_globalkl002_e5,Completion-wide credit + global KL 0.02,742,2.58,4.8e-07,160,0.02962,1455,45.8,1d 6h 40m 36s,149,154.9,1,0,0,0,-0.0001634,0,0.01477,-0.009833,-0.001111,0,0,0,1,35.22,40.46,1,30.24,0,1,0.02597,1.299,1,0.8537,0.01864,1,0,0,0
0,87,67.12,45,6h 55m 36s,2.553,3,completioncredit_globalkl002_e5,Completion-wide credit + global KL 0.02,743,2.204,4.8e-07,161,0.03873,1455,45.8,1d 6h 37m 58s,153.9,154.9,1,0,0,0,0,0,0.04496,0.00983,0.005592,0,0,0,1,34.06,38.92,1,30.28,0,1,0.02944,1.472,1,0.9321,0.01734,1,0,0,0
0,90,68.81,47,6h 58m 10s,2.557,3,completioncredit_globalkl002_e5,Completion-wide credit + global KL 0.02,744,5.18,4.8e-07,162,0.03438,1455,45.8,1d 6h 35m 15s,152.9,154.9,1,0,0,0,-0.0002609,0,0.03862,0.0056,0.004473,0,0,0,1,34.42,39.41,1,30.37,0,1,0.02889,1.444,1,0.8415,0.02791,1,0,0,0
0,97,71.2,51,7h 0m 42s,2.56,3,completioncredit_globalkl002_e5,Completion-wide credit + global KL 0.02,745,4.005,4.8e-07,163,0.03343,1455,45.8,1d 6h 32m 28s,151.8,154.9,1,0,0,0,0,0,0.03657,0.004761,0.003118,0,0,0,1,34.93,40.07,1,32.34,0,1,0.02861,1.431,1,0.9568,0.1205,1,0,0,0
0,104,71.96,49,7h 3m 12s,2.564,3,completioncredit_globalkl002_e5,Completion-wide credit + global KL 0.02,746,5.817,4.8e-07,164,0.03119,1455,45.8,1d 6h 29m 34s,150.2,154.8,1,0,0,0,0,0,0.01441,-0.005797,-0.01019,0,0,0,1,34.35,39.31,1,30.61,0,1,0.03028,1.514,1,0.858,0.1234,1,0,0,0
0,96,72.24,55,7h 5m 46s,2.567,3,completioncredit_globalkl002_e5,Completion-wide credit + global KL 0.02,747,2.514,4.8e-07,165,0.03641,1455,45.8,1d 6h 26m 57s,153.9,154.8,1,0,0,0,0.01054,0,0.04875,0.00621,0.004291,0,0,0,1,33.98,38.86,1,30.94,0,1,0.02764,1.382,1,0.9509,0.07628,1,0,0,0
0,99,76.06,59,7h 8m 21s,2.57,3,completioncredit_globalkl002_e5,Completion-wide credit + global KL 0.02,748,3.28,4.8e-07,166,0.02412,1455,45.8,1d 6h 24m 21s,154.3,154.8,1,0,0,0,0,0,0.01624,-0.006183,-0.002728,0,0,0,1,34.27,39.29,1,32.26,0,1,0.02514,1.257,1,0.9488,0.02667,1,0,0,0
0,99,76.83,56,7h 10m 55s,2.574,3,completioncredit_globalkl002_e5,Completion-wide credit + global KL 0.02,749,3.708,4.8e-07,167,0.01991,1455,45.8,1d 6h 21m 43s,153.8,154.8,1,0,0,0,0,0,0.02106,-0.001267,-0.002456,0,0,0,1,34.93,40.07,1,31.65,0,1,0.02472,1.236,1,0.9531,0.1215,1,0,0,0
0,100,80.14,60,7h 13m 28s,2.577,3,completioncredit_globalkl002_e5,Completion-wide credit + global KL 0.02,750,3.128,4.8e-07,168,0.0262,1455,45.8,1d 6h 19m 3s,153.4,154.8,1,0,0,0,0,0,0.01719,-0.003004,-0.002512,0,0,0,1,35.15,40.38,1,30.7,0,1,0.02264,1.132,1,0.9966,0.06269,1,0,0,0
0,104,79.15,61,7h 16m 1s,2.581,3,completioncredit_globalkl002_e5,Completion-wide credit + global KL 0.02,751,4.211,4.7e-07,169,0.0311,1455,45.8,1d 6h 16m 19s,152.4,154.8,1,0,0,0,0,0,0.01981,-0.004993,0.002707,0,0,0,1,34.93,40.05,1,31.66,0,1,0.02208,1.104,1,0.9229,0.2331,1,0,0,0
0,109,80.75,61,7h 18m 32s,2.584,3,completioncredit_globalkl002_e5,Completion-wide credit + global KL 0.02,752,3.243,4.7e-07,170,0.0485,1455,45.8,1d 6h 13m 26s,150.3,154.8,1,0,0,0,0,0,0.01119,-0.004099,-0.005099,0,0,0,1,35.81,41.21,1,31.38,0,1,0.02042,1.021,1,0.9756,0.1536,1,0,0,0
0,111,83.31,61,7h 21m 11s,2.588,3,completioncredit_globalkl002_e5,Completion-wide credit + global KL 0.02,753,3.453,4.7e-07,171,0.03539,1455,45.8,1d 6h 11m 11s,159.4,154.8,1,0,0,0,0,0,0.02382,-0.00284,0.005422,0,0,0,1,35.3,40.54,1,32.25,0,1,0.02125,1.062,1,0.9536,0.167,1,0,0,0
0,129,83.76,61,7h 23m 48s,2.591,3,completioncredit_globalkl002_e5,Completion-wide credit + global KL 0.02,754,4.711,4.7e-07,172,0.01749,1455,45.8,1d 6h 8m 45s,156.6,154.8,1,0,0,0,0,0,0.02119,-0.005329,0.006745,0,0,0,1,35.3,40.52,1,31.84,0,1,0.01972,0.9861,1,0.9771,0.2369,1,0,0,0
0,124,85.6,61,7h 26m 25s,2.595,3,completioncredit_globalkl002_e5,Completion-wide credit + global KL 0.02,755,3.944,4.7e-07,173,0.01313,1455,45.8,1d 6h 6m 20s,157.1,154.8,1,0,0,0,0,0,0.006185,-0.007334,-0.005157,0,0,0,1,35,40.11,1,32.38,0,1,0.01861,0.9306,1,0.9663,0.06379,1,0,0,0
0,129,88.15,67,7h 28m 59s,2.598,3,completioncredit_globalkl002_e5,Completion-wide credit + global KL 0.02,756,4.393,4.7e-07,174,0.02972,1455,45.8,1d 6h 3m 42s,153.7,154.8,1,0,0,0,0,0,-0.003297,-0.01736,-0.005101,0,0,0,1,35.3,40.56,1,31.06,0,1,0.01917,0.9583,1,0.9715,0.05544,1,0,0,0
0,121,88.94,65,7h 31m 38s,2.601,3,completioncredit_globalkl002_e5,Completion-wide credit + global KL 0.02,757,3.997,4.7e-07,175,0.02571,1455,45.8,1d 6h 1m 21s,158,154.8,1,0,0,0,0,0,0.02385,-0.00488,0.01115,0,0,0,1,36.68,42.24,1,31.36,0,1,0.01757,0.8785,1,0.9707,0.2266,1,0,0,0
0,125,90.74,59,7h 34m 16s,2.605,3,completioncredit_globalkl002_e5,Completion-wide credit + global KL 0.02,758,2.886,4.7e-07,176,0.03354,1455,45.8,1d 5h 59m 2s,158.6,154.9,1,0,0,0,0,0,0.01477,0.001582,-0.00451,0,0,0,1,36.97,42.57,1,30.81,0,1,0.01764,0.8819,1,0.9294,0.1805,1,0,0,0
0,138,93.41,64,7h 36m 53s,2.608,3,completioncredit_globalkl002_e5,Completion-wide credit + global KL 0.02,759,3.937,4.7e-07,177,0.01718,1455,45.8,1d 5h 56m 33s,156.3,154.9,1,0,0,0,0,0,0.01677,0.003713,-0.004885,0,0,0,1,36.83,42.42,1,32.68,0,1,0.01792,0.8958,1,0.9303,0.302,1,0,0,0
0,126,93.21,69,7h 39m 30s,2.612,3,completioncredit_globalkl002_e5,Completion-wide credit + global KL 0.02,760,3.816,4.6e-07,178,0.02135,1455,45.8,1d 5h 54m 5s,156,154.9,1,0,0,0,0,0,0.02217,0.004551,-8.416e-05,0,0,0,1,36.68,42.22,1,31.14,0,1,0.01771,0.8854,1,0.9378,0.1764,1,0,0,0
0,137,94.35,70,7h 42m 5s,2.615,3,completioncredit_globalkl002_e5,Completion-wide credit + global KL 0.02,761,2.801,4.6e-07,179,0.02325,1455,45.8,1d 5h 51m 32s,155,154.9,1,0,0,0,0,0,0.04605,0.03104,-0.002819,0,0,0,1,37.85,43.71,1,31.54,0,1,0.01778,0.8889,1,0.8601,0.407,1,0,0,0
0,142,92.83,69,7h 44m 38s,2.619,3,completioncredit_globalkl002_e5,Completion-wide credit + global KL 0.02,762,5.137,4.6e-07,180,0.01552,1455,45.8,1d 5h 48m 51s,153.1,154.9,1,0,0,0,0,0,0.003466,-0.00545,-0.008906,0,0,0,1,36.76,42.34,1,31.37,0,1,0.01778,0.8889,1,0.8514,0.1323,1,0,0,0
0,131,93.7,72,7h 47m 14s,2.622,3,completioncredit_globalkl002_e5,Completion-wide credit + global KL 0.02,763,5.307,4.6e-07,181,0.01856,1455,45.8,1d 5h 46m 20s,155.6,154.9,1,0,0,0,0,0,0.01969,0.006462,-0.004839,0,0,0,1,36.32,41.81,1,30.54,0,1,0.01806,0.9028,1,0.9577,0.2645,1,0,0,0
0.006944,160,94.88,72,7h 49m 52s,2.625,3,completioncredit_globalkl002_e5,Completion-wide credit + global KL 0.02,764,3.348,4.6e-07,182,0.01608,1455,45.8,1d 5h 43m 59s,158.3,154.9,1,0,0,0,0,0,0.0302,0.01199,0.0009978,0,0,0,1,35.88,41.3,1,31.87,0,1,0.01722,0.8611,1,0.8765,0.3307,1,0,0,0
0,133,96.75,72,7h 52m 29s,2.629,3,completioncredit_globalkl002_e5,Completion-wide credit + global KL 0.02,765,4.257,4.6e-07,183,0.03095,1455,45.8,1d 5h 41m 30s,156.3,154.9,1,0,0,0,0,0,0.02652,0.006473,0.002228,0,0,0,1,36.76,42.36,1,32.64,0,1,0.01778,0.8889,1,0.9548,0.348,1,0,0,0
0,136,95.93,72,7h 55m 3s,2.632,3,completioncredit_globalkl002_e5,Completion-wide credit + global KL 0.02,766,6.109,4.6e-07,184,0.03657,1455,45.8,1d 5h 38m 53s,154.2,154.9,1,0,0,0,0,0,0.01962,-0.004748,0.006545,0,0,0,1,37.78,43.57,1,31.81,0,1,0.01778,0.8889,1,0.9693,0.3499,1,0,0,0
0,153,96.94,73,7h 57m 47s,2.636,3,completioncredit_globalkl002_e5,Completion-wide credit + global KL 0.02,767,4.14,4.6e-07,185,0.01725,1455,45.8,1d 5h 36m 51s,163.5,155,1,0,0,0,0,0,0.02176,0.0008441,0.003827,0,0,0,1,38,43.88,1,33.85,0,1,0.01708,0.8542,1,0.9095,0.2199,1,0,0,0
0,144,95.02,68,8h 0m 27s,2.639,3,completioncredit_globalkl002_e5,Completion-wide credit + global KL 0.02,768,3.833,4.6e-07,186,0.02931,1455,45.8,1d 5h 34m 34s,159.5,155,1,0,0,0,0,0,0.01229,-0.000334,-0.004708,0,0,0,1,37.27,42.98,1,33.48,0,1,0.01736,0.8681,1,0.9634,0.3032,1,0,0,0
0,134,94.6,73,8h 3m 3s,2.643,3,completioncredit_globalkl002_e5,Completion-wide credit + global KL 0.02,769,3.706,4.6e-07,187,0.04229,1455,45.8,1d 5h 32m 3s,156,155,1,0,0,0,0,0,0.04771,0.02243,0.007216,0,0,0,1,36.39,41.91,1,31.2,0,1,0.01806,0.9028,1,0.8626,0.2675,1,0,0,0
0,146,97.12,75,8h 5m 47s,2.646,3,completioncredit_globalkl002_e5,Completion-wide credit + global KL 0.02,770,2.529,4.5e-07,188,0.03558,1455,45.8,1d 5h 30m 0s,163.5,155,1,0,0,0,0,0,0.01967,0.004482,-0.002877,0,0,0,1,37.41,43.16,1,34.21,0,1,0.01806,0.9028,1,0.9268,0.3787,1,0,0,0
0,129,96.17,73,8h 8m 30s,2.649,3,completioncredit_globalkl002_e5,Completion-wide credit + global KL 0.02,771,3.207,4.5e-07,189,0.04914,1455,45.8,1d 5h 27m 54s,162.7,155.1,1,0,0,0,0,0,0.08252,0.0706,-0.00517,0,0,0,1,36.68,42.28,1,33.61,0,1,0.01715,0.8576,1,0.971,0.2621,1,0,0,0
0,131,97.83,70,8h 11m 11s,2.653,3,completioncredit_globalkl002_e5,Completion-wide credit + global KL 0.02,772,3.869,4.5e-07,190,0.09337,1455,45.8,1d 5h 25m 41s,161.1,155.1,1,0,0,0,0,0,0.162,0.148,-0.004164,0,0,0,1,37.27,42.98,1,32.73,0,1,0.01819,0.9097,1,0.9434,0.4132,1,0,0,0
0,129,97.51,72,8h 13m 53s,2.656,3,completioncredit_globalkl002_e5,Completion-wide credit + global KL 0.02,773,4.438,4.5e-07,191,0.01455,1455,45.8,1d 5h 23m 30s,161.6,155.1,1,0,0,0,0,0,0.0169,-0.001702,0.0002878,0,0,0,1,36.61,42.14,1,31.15,0,1,0.01833,0.9167,1,0.995,0.3022,1,0,0,0
0,140,97.92,73,8h 16m 42s,2.66,3,completioncredit_globalkl002_e5,Completion-wide credit + global KL 0.02,774,4.458,4.5e-07,192,0.06325,1455,45.8,1d 5h 21m 44s,168.8,155.2,1,0,0,0,0,0,0.01583,-0.0004839,-0.003213,0,0,0,1,36.97,42.63,1,31.98,0,1,0.01958,0.9792,1,0.9531,0.3105,1,0,0,0
0,150,98.31,70,8h 19m 30s,2.663,3,completioncredit_globalkl002_e5,Completion-wide credit + global KL 0.02,775,3.859,4.5e-07,193,0.03294,1455,45.8,1d 5h 19m 55s,168,155.3,1,0,0,0,0,0,0.09209,0.07296,-3.142e-05,0,0,0,1,36.9,42.54,1,31.43,0,1,0.01917,0.9583,1,0.9404,0.3894,1,0,0,0
0,140,97.88,75,8h 22m 18s,2.667,3,completioncredit_globalkl002_e5,Completion-wide credit + global KL 0.02,776,5.832,4.5e-07,194,0.07798,1455,45.8,1d 5h 18m 5s,168,155.4,1,0,0,0,0,0,0.1846,0.1699,-0.004718,0,0,0,1,36.39,41.93,1,32.29,0,1,0.01944,0.9722,1,0.9743,0.3514,1,0,0,0
0,122,96.42,70,8h 25m 1s,2.67,3,completioncredit_globalkl002_e5,Completion-wide credit + global KL 0.02,777,2.93,4.5e-07,195,0.09705,1455,45.8,1d 5h 15m 54s,162.1,155.4,1,0,0,0,0,0,0.08658,0.06945,-0.003007,0,0,0,1,36.76,42.32,1,30.96,0,1,0.02014,1.007,1,0.8989,0.6075,1,0,0,0
0,140,95.94,78,8h 27m 54s,2.674,3,completioncredit_globalkl002_e5,Completion-wide credit + global KL 0.02,778,5.717,4.5e-07,196,0.1096,1455,45.8,1d 5h 14m 19s,172.7,155.5,1,0,0,0,0,0,0.1029,0.08906,-0.005052,0,0,0,1,38.07,44,1,31.37,0,1,0.01889,0.9444,1,0.9875,0.2433,1,0,0,0
0,134,98.4,76,8h 30m 37s,2.677,3,completioncredit_globalkl002_e5,Completion-wide credit + global KL 0.02,779,3.327,4.4e-07,197,0.0542,1455,45.8,1d 5h 12m 9s,162.7,155.5,1,0,0,0,0,0,0.008522,-0.004069,-0.007184,0,0,0,1,36.68,42.24,1,31.75,0,1,0.01972,0.9861,1,0.9454,0.4137,1,0,0,0
0,127,94.9,73,8h 33m 22s,2.68,3,completioncredit_globalkl002_e5,Completion-wide credit + global KL 0.02,780,4.382,4.4e-07,198,0.02541,1455,45.8,1d 5h 10m 7s,165.3,155.6,1,0,0,0,0,0,0.009718,-0.0009193,-0.009749,0,0,0,1,37.12,42.81,1,31.3,0,1,0.02042,1.021,1,0.947,0.3721,1,0,0,0
0,135,98.43,73,8h 36m 6s,2.684,3,completioncredit_globalkl002_e5,Completion-wide credit + global KL 0.02,781,3.384,4.4e-07,199,0.1036,1455,45.8,1d 5h 8m 1s,164,155.6,1,0,0,0,0,0,0.02221,0.001642,0.0007964,0,0,0,1,36.76,42.36,1,30.86,0,1,0.01972,0.9861,1,0.9924,0.3163,1,0,0,0
0,137,99.74,76,8h 38m 46s,2.687,3,completioncredit_globalkl002_e5,Completion-wide credit + global KL 0.02,782,2.687,4.4e-07,200,0.08129,1455,45.8,1d 5h 5m 38s,158.9,155.6,1,0,0,0,0,0,0.1115,0.0948,-0.002434,0,0,0,1,37.85,43.71,1,31.09,0,1,0.01917,0.9583,1,0.9372,0.3984,1,0,0,0
0,148,98.32,73,8h 41m 32s,2.691,3,completioncredit_globalkl002_e5,Completion-wide credit + global KL 0.02,783,3.703,4.4e-07,201,0.07724,1455,45.8,1d 5h 3m 40s,166.2,155.7,1,0,0,0,0,0,0.0162,-0.002816,-0.0003891,0,0,0,1,37.19,42.91,1,31.31,0,1,0.01944,0.9722,1,0.9453,0.6251,1,0,0,0
0,136,99.79,75,8h 44m 17s,2.694,3,completioncredit_globalkl002_e5,Completion-wide credit + global KL 0.02,784,4.992,4.4e-07,202,0.02617,1455,45.8,1d 5h 1m 32s,163.8,155.7,1,0,0,0,0,0,0.06842,0.0528,-0.004891,0,0,0,1,37.78,43.61,1,31.43,0,1,0.02056,1.028,1,0.9748,0.3956,1,0,0,0
0,156,97.76,74,8h 47m 5s,2.698,3,completioncredit_globalkl002_e5,Completion-wide credit + global KL 0.02,785,5.885,4.4e-07,203,0.04612,1455,45.8,1d 4h 59m 37s,167.8,155.8,1,0,0,0,0,0,0.114,0.09344,0.0003257,0,0,0,1,36.83,42.46,1,31.51,0,1,0.02028,1.014,1,0.8292,0.5249,1,0,0,0
0,133,98.23,77,8h 49m 47s,2.701,3,completioncredit_globalkl002_e5,Completion-wide credit + global KL 0.02,786,4.427,4.4e-07,204,0.02027,1455,45.8,1d 4h 57m 24s,162.5,155.8,1,0,0,0,0,0,0.02748,-0.0007647,0.007008,0,0,0,1,36.68,42.26,1,31.2,0,1,0.02125,1.062,1,0.8852,0.5251,1,0,0,0
0,129,100.1,78,8h 52m 30s,2.704,3,completioncredit_globalkl002_e5,Completion-wide credit + global KL 0.02,787,2.872,4.4e-07,205,0.05197,1455,45.8,1d 4h 55m 11s,162.5,155.9,1,0,0,0,0,0,0.0193,-0.001687,0.0001114,0,0,0,1,36.61,42.14,1,32.01,0,1,0.02083,1.042,1,0.9334,0.2785,1,0,0,0
0,151,101.3,79,8h 55m 14s,2.708,3,completioncredit_globalkl002_e5,Completion-wide credit + global KL 0.02,788,3.483,4.3e-07,206,0.08934,1455,45.8,1d 4h 53m 1s,163.6,155.9,1,0,0,0,0,0,0.09841,0.07537,0.0007062,0.001084,0,0,1,38.87,44.96,1,32.3,0,1,0.02125,1.062,1,0.9967,0.4355,1,0.02778,-0.01215,0
0,145,101.7,76,8h 57m 58s,2.711,3,completioncredit_globalkl002_e5,Completion-wide credit + global KL 0.02,789,3.214,4.3e-07,207,0.07952,1455,45.8,1d 4h 50m 52s,164.1,155.9,1,0,0,0,0,0,0.02098,0.004515,-0.003553,0,0,0,1,37.56,43.33,1,31.15,0,1,0.02,1,1,0.9416,0.4906,1,0,0,0
0,147,101.3,74,9h 0m 44s,2.715,3,completioncredit_globalkl002_e5,Completion-wide credit + global KL 0.02,790,3.84,4.3e-07,208,0.0683,1455,45.8,1d 4h 48m 49s,166,156,1,0,0,0,0,0,0.07452,0.05349,-0.0007013,0,0,0,1,37.12,42.81,1,31.56,0,1,0.02167,1.083,1,0.9323,0.5811,1,0,0,0
0,145,101.6,81,9h 3m 34s,2.718,3,completioncredit_globalkl002_e5,Completion-wide credit + global KL 0.02,791,3.578,4.3e-07,209,0.05732,1455,45.8,1d 4h 46m 56s,169.5,156,1,0,0,0,0,0,0.08789,0.07148,-0.003238,-0.001224,0,0,1,38.43,44.41,1,33.55,0,1,0.02083,1.042,1,0.9749,0.4455,1,0.02778,-0.001736,0
0,132,100.4,79,9h 6m 13s,2.722,3,completioncredit_globalkl002_e5,Completion-wide credit + global KL 0.02,792,4.288,4.3e-07,210,0.04916,1455,45.8,1d 4h 44m 28s,158.4,156.1,1,0,0,0,0,0,0.07263,0.05417,-0.003634,0,0,0,1,36.76,42.38,1,30.94,0,1,0.02208,1.104,1,0.8733,0.6362,1,0,0,0
0,152,100.7,76,9h 8m 59s,2.725,3,completioncredit_globalkl002_e5,Completion-wide credit + global KL 0.02,793,3.23,4.3e-07,211,0.05099,1455,45.8,1d 4h 42m 26s,166.5,156.1,1,0,0,0,0,0,0.01729,0.0008391,-0.00479,0,0,0,1,37.27,43,1,33.28,0,1,0.02125,1.062,1,0.9392,0.4746,1,0,0,0
0,129,99.7,79,9h 11m 43s,2.729,3,completioncredit_globalkl002_e5,Completion-wide credit + global KL 0.02,794,2.729,4.3e-07,212,0.06373,1455,45.8,1d 4h 40m 14s,163.6,156.1,1,0,0,0,0,0,0.1003,0.08048,-0.00308,0,0,0,1,37.05,42.79,1,32.51,0,1,0.02306,1.153,1,0.984,0.611,1,0,0,0
0,146,98.56,78,9h 14m 26s,2.732,3,completioncredit_globalkl002_e5,Completion-wide credit + global KL 0.02,795,3.574,4.3e-07,213,0.04275,1455,45.8,1d 4h 37m 58s,162.6,156.2,1,0,0,0,0,0,0.04939,0.03114,-0.003601,0,0,0,1,37.05,42.73,1,32.16,0,1,0.02181,1.09,1,0.9524,0.5168,1,0,0,0
0,132,99.83,79,9h 17m 12s,2.735,3,completioncredit_globalkl002_e5,Completion-wide credit + global KL 0.02,796,3.973,4.3e-07,214,0.0478,1455,45.8,1d 4h 35m 52s,165.8,156.2,1,0,0,0,0,0,0.008876,0.001492,-0.01557,0,0,0,1,36.54,42.09,1,31.86,0,1,0.02292,1.146,1,0.8629,0.4229,1,0,0,0
0,124,97.35,80,9h 19m 53s,2.739,3,completioncredit_globalkl002_e5,Completion-wide credit + global KL 0.02,797,2.841,4.3e-07,215,0.05238,1455,45.8,1d 4h 33m 29s,160.3,156.2,1,0,0,0,0,0,0.04535,0.02631,-0.003171,0,0,0,1,36.83,42.4,1,32.88,0,1,0.02222,1.111,1,0.9449,0.5772,1,0,0,0
0,144,101.5,82,9h 22m 43s,2.742,3,completioncredit_globalkl002_e5,Completion-wide credit + global KL 0.02,798,3.727,4.2e-07,216,0.05072,1455,45.8,1d 4h 31m 36s,169.8,156.3,1,0,0,0,0,0,0.01249,-0.003941,-0.007498,0,0,0,1,36.9,42.5,1,32.88,0,1,0.02403,1.201,1,0.9591,0.4199,1,0,0,0
0,145,99.76,81,9h 25m 29s,2.746,3,completioncredit_globalkl002_e5,Completion-wide credit + global KL 0.02,799,5.446,4.2e-07,217,0.01883,1455,45.8,1d 4h 29m 28s,165.2,156.4,1,0,0,0,0,0,0.0409,0.02118,-0.005177,0,0,0,1,37.41,43.12,1,33.28,0,1,0.02486,1.243,1,0.9822,0.4686,1,0,0,0
0,130,97.85,80,9h 28m 14s,2.749,3,completioncredit_globalkl002_e5,Completion-wide credit + global KL 0.02,800,4.832,4.2e-07,218,0.02393,1455,45.8,1d 4h 27m 17s,164.8,156.4,1,0,0,0,0,0,0.01539,-0.0008787,-0.009608,0,0,0,1,36.76,42.32,1,33.12,0,1,0.02597,1.299,1,0.9094,0.5811,1,0,0,0
0,136,99.72,78,9h 30m 57s,2.753,3,completioncredit_globalkl002_e5,Completion-wide credit + global KL 0.02,801,3.431,4.2e-07,219,0.03483,1455,45.8,1d 4h 25m 0s,162.7,156.4,1,0,0,0,0,0,0.0366,0.03039,-0.01845,0,0,0,1,36.83,42.46,1,32.23,0,1,0.02458,1.229,1,0.9792,0.5657,1,0,0,0
0,142,98.47,83,9h 33m 44s,2.756,3,completioncredit_globalkl002_e5,Completion-wide credit + global KL 0.02,802,5.035,4.2e-07,220,0.02964,1455,45.8,1d 4h 22m 56s,166.8,156.5,1,0,0,0,0,0,0.01066,5.337e-05,-0.01381,0,0,0,1,36.24,41.71,1,31.7,0,1,0.02444,1.222,1,0.9714,0.3615,1,0,0,0
0,124,95.69,77,9h 36m 30s,2.759,3,completioncredit_globalkl002_e5,Completion-wide credit + global KL 0.02,803,4.15,4.2e-07,221,0.0335,1455,45.8,1d 4h 20m 49s,166.3,156.5,1,0,0,0,0,0,0.06145,0.05018,-0.01436,0,0,0,1,35.95,41.34,1,33.09,0,1,0.02556,1.278,1,0.9587,0.421,1,0,0,0
0,122,95.1,81,9h 39m 12s,2.763,3,completioncredit_globalkl002_e5,Completion-wide credit + global KL 0.02,804,2.873,4.2e-07,222,0.03707,1455,45.8,1d 4h 18m 28s,161.7,156.5,1,0,0,0,0,0,0.05958,0.05807,-0.02474,0,0,0,1,36.1,41.56,1,30.58,0,1,0.02625,1.312,1,0.9271,0.3229,1,0,0,0
0,125,96.49,78,9h 41m 54s,2.766,3,completioncredit_globalkl002_e5,Completion-wide credit + global KL 0.02,805,4.65,4.2e-07,223,0.01242,1455,45.8,1d 4h 16m 7s,161.7,156.6,1,0,0,0,0,0,-0.001833,-0.0101,-0.01639,0,0,0,1,36.97,42.63,1,31.03,0,1,0.02458,1.229,1,0.9252,0.334,1,0,0,0
0,126,94.97,76,9h 44m 34s,2.77,3,completioncredit_globalkl002_e5,Completion-wide credit + global KL 0.02,806,3.697,4.2e-07,224,0.0222,1455,45.8,1d 4h 13m 39s,159.2,156.6,1,0,0,0,0,0,0.02445,0.009111,-0.009075,0,0,0,1,36.61,42.18,1,31.34,0,1,0.02444,1.222,1,0.9694,0.4383,1,0,0,0
0,143,94.73,77,9h 47m 19s,2.773,3,completioncredit_globalkl002_e5,Completion-wide credit + global KL 0.02,807,3.815,4.1e-07,225,0.02054,1455,45.8,1d 4h 11m 29s,165.6,156.6,1,0,0,0,0,0,0.02599,-0.001678,0.002037,0,0,0,1,35.66,40.97,1,31.33,0,1,0.02556,1.278,1,0.9172,0.5399,1,0,0,0
0.006944,160,94.51,75,9h 50m 6s,2.777,3,completioncredit_globalkl002_e5,Completion-wide credit + global KL 0.02,808,3.376,4.1e-07,226,0.01168,1455,45.8,1d 4h 9m 20s,166.1,156.7,1,0,0,0,0,0,0.02933,0.01994,-0.0149,0,0,0,1,36.39,41.91,1,32.79,0,1,0.02431,1.215,1,0.9677,0.2538,1,0,0,0
0,112,93.24,79,9h 52m 47s,2.78,3,completioncredit_globalkl002_e5,Completion-wide credit + global KL 0.02,809,3.923,4.1e-07,227,0.02058,1455,45.8,1d 4h 6m 56s,160.8,156.7,1,0,0,0,0,0,0.01352,0.001265,-0.01362,0,0,0,1,36.03,41.46,1,31.14,0,1,0.02583,1.292,1,0.9434,0.5092,1,0,0,0
0,127,93.28,80,9h 55m 31s,2.784,3,completioncredit_globalkl002_e5,Completion-wide credit + global KL 0.02,810,5.028,4.1e-07,228,0.02161,1455,45.8,1d 4h 4m 42s,164.2,156.7,1,0,0,0,0,0,0.01435,0.009632,-0.02068,0,0,0,1,37.12,42.83,1,32.24,0,1,0.02542,1.271,1,0.9595,0.4282,1,0,0,0
0,116,93.1,79,9h 58m 16s,2.787,3,completioncredit_globalkl002_e5,Completion-wide credit + global KL 0.02,811,2.671,4.1e-07,229,0.0322,1455,45.8,1d 4h 2m 28s,164.8,156.8,1,0,0,0,0,0,0.04405,0.01873,0.001394,0,0,0,1,35.88,41.26,1,33,0,1,0.02389,1.194,1,0.9564,0.2808,1,0,0,0
0.006944,160,93.14,75,10h 1m 1s,2.79,3,completioncredit_globalkl002_e5,Completion-wide credit + global KL 0.02,812,3.786,4.1e-07,230,0.01523,1455,45.8,1d 4h 0m 14s,164.5,156.8,1,0,0,0,0,0,0.008826,-0.002382,-0.01369,0,0,0,1,36.39,41.91,1,31.69,0,1,0.025,1.25,1,0.9606,0.3973,1,0,0,0
0,150,93.67,76,10h 3m 45s,2.794,3,completioncredit_globalkl002_e5,Completion-wide credit + global KL 0.02,813,3.317,4.1e-07,231,-0.004336,1455,45.8,1d 3h 57m 56s,163.7,156.8,1,0,0,0,0,0,-0.008982,-0.006078,-0.02756,0,0,0,1,36.46,41.97,1,31.36,0,1,0.02458,1.229,1,0.9938,0.4493,1,0,0,0
0,119,93.87,73,10h 6m 28s,2.797,3,completioncredit_globalkl002_e5,Completion-wide credit + global KL 0.02,814,4.032,4.1e-07,232,0.01586,1455,45.8,1d 3h 55m 38s,163.2,156.8,1,0,0,0,0,0,0.03496,0.002976,0.00672,0,0,0,1,36.54,42.08,1,31.85,0,1,0.02528,1.264,1,0.9919,0.403,1,0,0,0
0,115,92.99,73,10h 9m 10s,2.801,3,completioncredit_globalkl002_e5,Completion-wide credit + global KL 0.02,815,4.024,4.1e-07,233,0.03162,1455,45.8,1d 3h 53m 14s,161.4,156.9,1,0,0,0,0,0,0.04818,0.02652,-0.004459,0,0,0,1,36.24,41.73,1,31.18,0,1,0.02611,1.306,1,0.9282,0.7066,1,0,0,0
0,121,93.2,78,10h 12m 1s,2.804,3,completioncredit_globalkl002_e5,Completion-wide credit + global KL 0.02,816,3.754,4.1e-07,234,0.02365,1455,45.8,1d 3h 51m 16s,171,156.9,1,0,0,0,0,0,0.02825,0.01203,-0.008684,0,0,0,1,36.24,41.7,1,30.78,0,1,0.02486,1.243,1,0.9512,0.3928,1,0,0,0
0,135,93.47,77,10h 14m 46s,2.808,3,completioncredit_globalkl002_e5,Completion-wide credit + global KL 0.02,817,3.729,4e-07,235,0.01789,1455,45.8,1d 3h 49m 1s,164.8,157,1,0,0,0,0,0,0.000565,-0.01251,-0.01232,0,0,0,1,37.7,43.57,1,31.81,0,1,0.02542,1.271,1,0.897,0.3023,1,0,0,0
0,156,93.01,71,10h 17m 37s,2.811,3,completioncredit_globalkl002_e5,Completion-wide credit + global KL 0.02,818,2.951,4e-07,236,0.003381,1455,45.8,1d 3h 47m 2s,170.7,157,1,0,0,0,0,0,0.0004742,0.002563,-0.02797,0,0,0,1,38.07,43.98,1,32.72,0,1,0.02583,1.292,1,0.9645,0.4531,1,0,0,0
0.006944,160,92.88,72,10h 20m 22s,2.814,3,completioncredit_globalkl002_e5,Completion-wide credit + global KL 0.02,819,8.053,4e-07,237,0.006757,1455,45.8,1d 3h 44m 47s,165.1,157.1,1,0,0,0,0,0,0.01048,0.008891,-0.02417,0,0,0,1,36.46,41.97,1,31.11,0,1,0.02569,1.285,1,0.9325,0.4107,1,0,0,0
0,121,92.32,74,10h 23m 5s,2.818,3,completioncredit_globalkl002_e5,Completion-wide credit + global KL 0.02,820,4.372,4e-07,238,-0.0004474,1455,45.8,1d 3h 42m 25s,162.2,157.1,1,0,0,0,0,0,-0.0005154,-0.01118,-0.01424,0,0,0,1,35.88,41.28,1,31.6,0,1,0.025,1.25,1,0.9383,0.4942,1,0,0,0
0,150,92.44,70,10h 25m 54s,2.821,3,completioncredit_globalkl002_e5,Completion-wide credit + global KL 0.02,821,4.896,4e-07,239,0.006415,1455,45.8,1d 3h 40m 21s,169.6,157.1,1,0,0,0,0,0,-0.009179,-0.02111,-0.01273,0,0,0,1,36.39,41.93,1,33.7,0,1,0.02458,1.229,1,0.9636,0.1692,1,0,0,0
0.006944,160,91.97,73,10h 28m 39s,2.825,3,completioncredit_globalkl002_e5,Completion-wide credit + global KL 0.02,822,3.663,4e-07,240,0.001057,1455,45.8,1d 3h 38m 3s,164.2,157.2,1,0,0,0,0,0,0.0007583,0.02133,-0.0239,-0.02353,0,0,1,38.43,44.41,1,32.87,0,1,0.02694,1.347,1,0.9917,0.3162,1,0.02778,-0.001736,0
0.006944,160,90.62,72,10h 31m 22s,2.828,3,completioncredit_globalkl002_e5,Completion-wide credit + global KL 0.02,823,6.447,4e-07,241,0.01576,1455,45.8,1d 3h 35m 43s,163.2,157.2,1,0,0,0,0,0,0.03418,0.002208,0.006823,0,0,0,1,35.51,40.83,1,31.77,0,1,0.02514,1.257,1,0.9476,0.4151,1,0,0,0
0,160,91.47,77,10h 34m 9s,2.832,3,completioncredit_globalkl002_e5,Completion-wide credit + global KL 0.02,824,8.448,4e-07,242,-0.01464,1455,45.8,1d 3h 33m 32s,167,157.2,1,0,0,0,0,0,-0.03612,-0.01299,-0.02903,-0.01986,0,0,1,39.38,45.54,1,32.5,0,1,0.02569,1.285,1,0.9555,0.3647,1,0.02778,-0.02431,0
0,146,88.84,74,10h 36m 52s,2.835,3,completioncredit_globalkl002_e5,Completion-wide credit + global KL 0.02,825,5.128,4e-07,243,0.01685,1455,45.8,1d 3h 31m 8s,162.4,157.3,1,0,0,0,0,0,-0.006597,0.003958,-0.01885,-0.01734,0,0,1,38.51,44.51,1,31.26,0,1,0.02556,1.278,1,0.9755,0.3947,1,0.02778,-0.003472,0
0,148,90.42,74,10h 39m 36s,2.838,3,completioncredit_globalkl002_e5,Completion-wide credit + global KL 0.02,826,3.112,3.9e-07,244,0.003677,1455,45.8,1d 3h 28m 49s,164.1,157.3,1,0,0,0,0,0,0.03608,0.01778,-0.007457,0,0,0,1,36.39,41.93,1,31.22,0,1,0.02569,1.285,1,0.9548,0.5093,1,0,0,0
0.006944,160,90.81,74,10h 42m 20s,2.842,3,completioncredit_globalkl002_e5,Completion-wide credit + global KL 0.02,827,5.525,3.9e-07,245,0.007277,1455,45.8,1d 3h 26m 29s,163.6,157.3,1,0,0,0,-0.031,0,-0.03275,0.00713,-0.004137,-0.031,0,0,1,39.53,45.74,1,32.46,0,1,0.02625,1.312,1,0.9589,0.3757,1,0.02778,-0.02778,0.02778
0.006944,160,89.35,74,10h 45m 8s,2.845,3,completioncredit_globalkl002_e5,Completion-wide credit + global KL 0.02,828,3.318,3.9e-07,246,0.01277,1455,45.8,1d 3h 24m 18s,167.4,157.3,1,0,0,0,-0.02886,0,-0.01939,0.01014,0.001334,-0.02886,0,0,1,39.53,45.72,1,32.39,0,1,0.02694,1.347,1,0.9154,0.275,1,0.02778,-0.02778,0.02778
0,115,90.47,74,10h 47m 49s,2.849,3,completioncredit_globalkl002_e5,Completion-wide credit + global KL 0.02,829,4.392,3.9e-07,247,0.02409,1455,45.8,1d 3h 21m 49s,160.5,157.4,1,0,0,0,0,0,0.04297,0.01603,0.001066,0,0,0,1,36.17,41.63,1,31.75,0,1,0.02583,1.292,1,0.8784,0.7479,1,0,0,0
0,111,89.15,73,10h 50m 29s,2.852,3,completioncredit_globalkl002_e5,Completion-wide credit + global KL 0.02,830,5.552,3.9e-07,248,0.02627,1455,45.8,1d 3h 19m 20s,160.6,157.4,1,0,0,0,0,0,0.0287,0.007392,-0.004569,0,0,0,1,35.81,41.21,1,30.52,0,1,0.02583,1.292,1,0.854,0.6859,1,0,0,0
0,142,89.65,74,10h 53m 15s,2.856,3,completioncredit_globalkl002_e5,Completion-wide credit + global KL 0.02,831,4.496,3.9e-07,249,0.03386,1455,45.8,1d 3h 17m 3s,165.2,157.4,1,0,0,0,0,0,0.035,0.01721,-0.008333,0,0,0,1,37.05,42.73,1,31.36,0,1,0.02611,1.306,1,0.9807,0.5979,1,0,0,0
0.01389,160,93.23,74,10h 55m 58s,2.859,3,completioncredit_globalkl002_e5,Completion-wide credit + global KL 0.02,832,3.397,3.9e-07,250,-0.01714,1455,45.8,1d 3h 14m 40s,162.9,157.4,1,0,0,0,0,0,0.01003,0.01358,-0.03041,0,0,0,1,38.07,43.98,1,31.3,0,1,0.02681,1.34,1,0.8605,0.6114,1,0,0,0
0,147,89.92,72,10h 58m 39s,2.863,3,completioncredit_globalkl002_e5,Completion-wide credit + global KL 0.02,833,4.461,3.9e-07,251,0.04198,1455,45.8,1d 3h 12m 11s,160.7,157.4,1,0,0,0,0,0,0.03834,0.04956,-0.01776,-0.02068,0,0,1,38.58,44.61,1,31.15,0,1,0.02722,1.361,1,0.95,0.497,1,0.02778,-0.005208,0
0,138,90.45,71,11h 1m 23s,2.866,3,completioncredit_globalkl002_e5,Completion-wide credit + global KL 0.02,834,4.922,3.9e-07,252,0.004681,1455,45.8,1d 3h 9m 51s,164.1,157.5,1,0,0,0,0,0,-0.003531,0.02036,-0.05062,0,0,0,1,37.92,43.8,1,32.6,0,1,0.02667,1.333,1,0.9363,0.7241,1,0,0,0
0,132,91.09,72,11h 4m 6s,2.869,3,completioncredit_globalkl002_e5,Completion-wide credit + global KL 0.02,835,3.917,3.8e-07,253,0.001141,1455,45.8,1d 3h 7m 26s,162.4,157.5,1,0,0,0,0,0,0.01614,0.03463,-0.04559,0,0,0,1,36.83,42.46,1,32.37,0,1,0.02708,1.354,1,0.9843,0.4793,1,0,0,0
0,138,93.08,72,11h 6m 51s,2.873,3,completioncredit_globalkl002_e5,Completion-wide credit + global KL 0.02,836,5.853,3.8e-07,254,-0.008883,1455,45.8,1d 3h 5m 7s,164.7,157.5,1,0,0,0,0,0,0.008356,0.01207,-0.03142,0,0,0,1,37.92,43.8,1,31,0,1,0.02764,1.382,1,0.9562,0.388,1,0,0,0
0,143,92.29,73,11h 9m 37s,2.876,3,completioncredit_globalkl002_e5,Completion-wide credit + global KL 0.02,837,4.624,3.8e-07,255,5.561e-05,1455,45.8,1d 3h 2m 51s,166.2,157.6,1,0,0,0,0,0,0.005334,0.004664,-0.02667,0,0,0,1,35.88,41.29,1,32.82,0,1,0.02736,1.368,1,0.9901,0.4778,1,0,0,0
0,160,93.31,71,11h 12m 26s,2.88,3,completioncredit_globalkl002_e5,Completion-wide credit + global KL 0.02,838,5.469,3.8e-07,256,-0.02912,1455,45.8,1d 3h 0m 41s,168.9,157.6,1,0,0,0,0,0,-0.04136,0.01838,-0.05775,-0.03105,0,0,1,39.09,45.25,1,32.37,0,1,0.02917,1.458,1,0.9569,0.839,1,0.05556,-0.0191,0
0,135,92.19,71,11h 15m 12s,2.883,3,completioncredit_globalkl002_e5,Completion-wide credit + global KL 0.02,839,3.805,3.8e-07,257,-0.02361,1455,45.8,1d 2h 58m 22s,165.3,157.6,1,0,0,0,0,0,0.01513,0.01656,-0.02829,0,0,0,1,36.32,41.83,1,31.92,0,1,0.02694,1.347,1,0.9506,0.1615,1,0,0,0
0,152,92.24,67,11h 17m 52s,2.887,3,completioncredit_globalkl002_e5,Completion-wide credit + global KL 0.02,840,3.974,3.8e-07,258,-0.008378,1455,45.8,1d 2h 55m 51s,159.9,157.6,1,0,0,0,0,0,-0.05906,-0.01433,-0.07427,0,0,0,1,37.41,43.18,1,31.84,0,1,0.02958,1.479,1,0.9312,0.3383,1,0,0,0
0,144,91.54,74,11h 20m 36s,2.89,3,completioncredit_globalkl002_e5,Completion-wide credit + global KL 0.02,841,3.78,3.8e-07,259,-0.02092,1455,45.8,1d 2h 53m 27s,163.3,157.7,1,0,0,0,0,0,-0.04226,-0.02595,-0.04622,0,0,0,1,38.29,44.25,1,31.93,0,1,0.02986,1.493,1,0.9287,0.4986,1,0,0,0
0.006944,160,93.27,67,11h 23m 19s,2.893,3,completioncredit_globalkl002_e5,Completion-wide credit + global KL 0.02,842,7.519,3.8e-07,260,-0.05773,1455,45.8,1d 2h 51m 4s,163.5,157.7,1,0,0,0,0,0,-0.03783,-0.0109,-0.05537,0,0,0,1,38.29,44.25,1,31.57,0,1,0.02847,1.424,1,0.9302,0.4649,1,0,0,0
0,153,92.65,73,11h 25m 60s,2.897,3,completioncredit_globalkl002_e5,Completion-wide credit + global KL 0.02,843,3.154,3.8e-07,261,-0.05619,1455,45.8,1d 2h 48m 33s,160.3,157.7,1,0,0,0,0,0,-0.06378,-0.01599,-0.0777,0,0,0,1,38.36,44.27,1,30.95,0,1,0.02986,1.493,1,0.9392,0.4986,1,0,0,0
0,144,91.1,72,11h 28m 41s,2.9,3,completioncredit_globalkl002_e5,Completion-wide credit + global KL 0.02,844,6.387,3.8e-07,262,-0.03682,1455,45.8,1d 2h 46m 2s,160.6,157.7,1,0,0,0,0,0,-0.02748,0.004533,-0.06155,0,0,0,1,36.83,42.4,1,31.66,0,1,0.02944,1.472,1,0.8396,0.2812,1,0,0,0
0,160,91.56,73,11h 31m 27s,2.904,3,completioncredit_globalkl002_e5,Completion-wide credit + global KL 0.02,845,4.732,3.7e-07,263,-0.02719,1455,45.8,1d 2h 43m 45s,166.5,157.7,1,0,0,0,0,0,-0.05815,-0.0241,-0.06335,0,0,0,1,36.17,41.63,1,32.3,0,1,0.02931,1.465,1,0.9561,0.6462,1,0,0,0
0,137,91.54,73,11h 34m 8s,2.907,3,completioncredit_globalkl002_e5,Completion-wide credit + global KL 0.02,846,5.714,3.7e-07,264,-0.03747,1455,45.8,1d 2h 41m 15s,160.5,157.8,1,0,0,0,0,0,-0.07959,-0.01627,-0.0953,0,0,0,1,37.41,43.18,1,31.69,0,1,0.03194,1.597,1,0.9604,0.4317,1,0,0,0
0,144,91.95,70,11h 36m 48s,2.911,3,completioncredit_globalkl002_e5,Completion-wide credit + global KL 0.02,847,3.329,3.7e-07,265,-0.05109,1455,45.8,1d 2h 38m 41s,159,157.8,1,0,0,0,0,0,-0.04634,-0.003236,-0.07484,0,0,0,1,38.07,43.96,1,31.26,0,1,0.03167,1.583,1,0.9199,0.4321,1,0,0,0
0,159,91.28,75,11h 39m 32s,2.914,3,completioncredit_globalkl002_e5,Completion-wide credit + global KL 0.02,848,4.612,3.7e-07,266,-0.05655,1455,45.8,1d 2h 36m 19s,164.3,157.8,1,0,0,0,0,0,-0.03882,0.001902,-0.07173,0,0,0,1,37.63,43.43,1,31.15,0,1,0.03097,1.549,1,0.9517,0.7113,1,0,0,0
0,132,88.9,74,11h 42m 12s,2.918,3,completioncredit_globalkl002_e5,Completion-wide credit + global KL 0.02,849,4.216,3.7e-07,267,-0.03664,1455,45.8,1d 2h 33m 45s,159.1,157.8,1,0,0,0,0,0,-0.01823,0.00294,-0.05218,0,0,0,1,35.51,40.84,1,31.04,0,1,0.03111,1.556,1,0.9328,0.5038,1,0,0,0
0.006944,160,88.39,72,11h 44m 54s,2.921,3,completioncredit_globalkl002_e5,Completion-wide credit + global KL 0.02,850,3.437,3.7e-07,268,-0.04287,1455,45.8,1d 2h 31m 18s,162.5,157.8,1,0,0,0,-0.02377,0,-0.05653,0.02713,-0.06628,-0.02377,0,0,1,39.53,45.78,1,31.7,0,1,0.03014,1.507,1,0.9358,0.2699,1,0.02778,-0.02778,0.02778
0,122,84.78,68,11h 47m 35s,2.924,3,completioncredit_globalkl002_e5,Completion-wide credit + global KL 0.02,851,4.29,3.7e-07,269,0.002112,1455,45.8,1d 2h 28m 47s,160.6,157.8,1,0,0,0,0,0,0.006868,-0.008379,-0.01381,0,0,0,1,35.37,40.66,1,31.91,0,1,0.02903,1.451,1,0.9712,0.4068,1,0,0,0
0,132,84.22,70,11h 50m 28s,2.928,3,completioncredit_globalkl002_e5,Completion-wide credit + global KL 0.02,852,3.95,3.7e-07,270,0.01439,1455,45.8,1d 2h 26m 43s,172.6,157.9,1,0,0,0,0,0,0.002673,0.01049,-0.03772,0,0,0,1,36.32,41.81,1,32.69,0,1,0.02986,1.493,1,0.9507,0.5641,1,0,0,0
0,99,83.98,68,11h 53m 6s,2.931,3,completioncredit_globalkl002_e5,Completion-wide credit + global KL 0.02,853,4.853,3.7e-07,271,0.0394,1455,45.8,1d 2h 24m 5s,157.7,157.9,1,0,0,0,0,0,0.04665,0.01587,0.002338,0,0,0,1,34.78,39.9,1,30.72,0,1,0.02833,1.417,1,0.9349,0.4086,1,0,0,0
0,132,83.26,74,11h 55m 49s,2.935,3,completioncredit_globalkl002_e5,Completion-wide credit + global KL 0.02,854,4.596,3.7e-07,272,0.02336,1455,45.8,1d 2h 21m 39s,163,157.9,1,0,0,0,0,0,0.03679,0.02716,-0.01918,0,0,0,1,36.39,41.91,1,32.01,0,1,0.02889,1.444,1,0.8928,0.5187,1,0,0,0
0,108,83.23,72,11h 58m 32s,2.938,3,completioncredit_globalkl002_e5,Completion-wide credit + global KL 0.02,855,5.587,3.6e-07,273,0.02419,1455,45.8,1d 2h 19m 12s,162.7,157.9,1,0,0,0,0,0,0.01526,0.00877,-0.02196,0,0,0,1,35.73,41.15,1,32.15,0,1,0.02847,1.424,1,0.9641,0.2309,1,0,0,0
0,107,83.13,70,12h 1m 15s,2.942,3,completioncredit_globalkl002_e5,Completion-wide credit + global KL 0.02,856,4.914,3.6e-07,274,0.03341,1455,45.8,1d 2h 16m 45s,162.6,157.9,1,0,0,0,0,0,0.03439,0.003824,0.00176,0,0,0,1,35.66,41.01,1,31.17,0,1,0.02889,1.444,1,0.9588,0.2684,1,0,0,0
0,135,84.15,70,12h 3m 56s,2.945,3,completioncredit_globalkl002_e5,Completion-wide credit + global KL 0.02,857,5.47,3.6e-07,275,0.02681,1455,45.8,1d 2h 14m 14s,161,157.9,1,0,0,0,0,0,0.01829,0.005241,-0.01649,0,0,0,1,37.7,43.51,1,30.99,0,1,0.02958,1.479,1,0.9505,0.5647,1,0,0,0
0.006944,160,85.49,70,12h 6m 40s,2.948,3,completioncredit_globalkl002_e5,Completion-wide credit + global KL 0.02,858,5.198,3.6e-07,276,0.002647,1455,45.8,1d 2h 11m 49s,163.9,158,1,0,0,0,0,0,-0.01358,0.001548,-0.04467,0,0,0,1,38.21,44.16,1,32.23,0,1,0.02958,1.479,1,0.9789,0.5437,1,0,0,0
0,157,84.44,73,12h 9m 24s,2.952,3,completioncredit_globalkl002_e5,Completion-wide credit + global KL 0.02,859,8.013,3.6e-07,277,0.02243,1455,45.8,1d 2h 9m 23s,163.2,158,1,0,0,0,0,0,0.02766,0.00159,-0.002737,0,0,0,1,34.64,39.72,1,31.18,0,1,0.02889,1.444,1,0.9287,0.593,1,0,0,0
0.006944,160,86.35,76,12h 12m 3s,2.955,3,completioncredit_globalkl002_e5,Completion-wide credit + global KL 0.02,860,6.041,3.6e-07,278,0.01146,1455,45.8,1d 2h 6m 48s,158.8,158,1,0,0,0,-0.03526,0,-0.0458,0.006771,-0.01158,-0.03526,0,0,1,39.53,45.76,1,31.95,0,1,0.02958,1.479,1,0.9337,0.5781,1,0.02778,-0.02778,0.02778
0,113,85.28,70,12h 14m 47s,2.959,3,completioncredit_globalkl002_e5,Completion-wide credit + global KL 0.02,861,6.566,3.6e-07,279,0.02508,1455,45.8,1d 2h 4m 23s,164.1,158,1,0,0,0,0,0,0.01823,0.001424,-0.01225,0,0,0,1,35.37,40.64,1,31.85,0,1,0.02903,1.451,1,0.9898,0.6076,1,0,0,0
0,124,85.58,75,12h 17m 30s,2.962,3,completioncredit_globalkl002_e5,Completion-wide credit + global KL 0.02,862,4.637,3.6e-07,280,0.03345,1455,45.8,1d 2h 1m 55s,162.5,158,1,0,0,0,0,0,0.06547,0.03968,-0.00289,0,0,0,1,34.78,39.9,1,30.91,0,1,0.02875,1.438,1,0.9785,0.3984,1,0,0,0
0.006944,160,87.47,71,12h 20m 14s,2.966,3,completioncredit_globalkl002_e5,Completion-wide credit + global KL 0.02,863,7.188,3.6e-07,281,0.007725,1455,45.8,1d 1h 59m 30s,163.8,158.1,1,0,0,0,0,0,0.01697,0.006951,-0.01867,0,0,0,1,38.29,44.2,1,31.69,0,1,0.02875,1.438,1,0.9795,0.6372,1,0,0,0
0,148,88.37,76,12h 22m 57s,2.969,3,completioncredit_globalkl002_e5,Completion-wide credit + global KL 0.02,864,4.184,3.5e-07,282,-0.006282,1455,45.8,1d 1h 57m 3s,163.1,158.1,1,0,0,0,0,0,-0.05163,0.001091,-0.05992,-0.02234,0,0,1,38.65,44.66,1,32.69,0,1,0.02944,1.472,1,0.8329,0.7207,1,0.02778,-0.006944,0
0.006944,160,87.12,74,12h 25m 40s,2.973,3,completioncredit_globalkl002_e5,Completion-wide credit + global KL 0.02,865,5.101,3.5e-07,283,0.02441,1455,45.8,1d 1h 54m 34s,162.5,158.1,1,0,0,0,0,0,0.03916,0.03056,-0.02009,0,0,0,1,36.32,41.81,1,31.52,0,1,0.02861,1.431,1,0.9459,0.6073,1,0,0,0
0,102,85.33,72,12h 28m 18s,2.976,3,completioncredit_globalkl002_e5,Completion-wide credit + global KL 0.02,866,7.074,3.5e-07,284,0.03506,1455,45.8,1d 1h 51m 56s,157.8,158.1,1,0,0,0,0,0,0.0295,0.001292,-0.0002355,0,0,0,1,34.86,39.99,1,31.01,0,1,0.02847,1.424,1,0.8894,0.4537,1,0,0,0
0,94,84.68,73,12h 31m 2s,2.979,3,completioncredit_globalkl002_e5,Completion-wide credit + global KL 0.02,867,7.544,3.5e-07,285,0.04263,1455,45.8,1d 1h 49m 29s,163.4,158.1,1,0,0,0,0,0,0.03725,0.01458,-0.005282,0,0,0,1,34.64,39.66,1,33.64,0,1,0.02792,1.396,1,0.9536,0.4928,1,0,0,0
0,108,86.15,78,12h 33m 37s,2.983,3,completioncredit_globalkl002_e5,Completion-wide credit + global KL 0.02,868,6.021,3.5e-07,286,0.02168,1455,45.8,1d 1h 46m 45s,154.9,158.1,1,0,0,0,0,0,0.003543,-0.005569,-0.02043,0,0,0,1,35.73,41.05,1,30.84,0,1,0.02944,1.472,1,0.9226,0.3095,1,0,0,0
0,109,86.88,75,12h 36m 18s,2.986,3,completioncredit_globalkl002_e5,Completion-wide credit + global KL 0.02,869,6.921,3.5e-07,287,0.04109,1455,45.8,1d 1h 44m 14s,161,158.1,1,0,0,0,0,0,0.04853,0.0239,-0.002837,0,0,0,1,35,40.11,1,32.17,0,1,0.0275,1.375,1,0.9697,0.6348,1,0,0,0
0,100,86.71,75,12h 38m 56s,2.99,3,completioncredit_globalkl002_e5,Completion-wide credit + global KL 0.02,870,4.239,3.5e-07,288,0.0379,1455,45.8,1d 1h 41m 36s,158.1,158.1,1,0,0,0,0,0,0.02581,-0.003986,0.00135,0,0,0,1,34.78,39.88,1,30.16,0,1,0.02847,1.424,1,0.9844,0.6116,1,0,0,0
0.006944,160,86.76,74,12h 41m 43s,2.993,3,completioncredit_globalkl002_e5,Completion-wide credit + global KL 0.02,871,3.399,3.5e-07,289,0.04366,1455,45.8,1d 1h 39m 14s,166,158.1,1,0,0,0,-0.03186,0,0.07014,0.113,-0.00782,-0.03186,0,0,1,39.53,45.74,1,32.15,0,1,0.02875,1.438,1,0.9562,0.6452,1,0.02778,-0.02778,0.02778
0,155,88.73,74,12h 44m 22s,2.997,3,completioncredit_globalkl002_e5,Completion-wide credit + global KL 0.02,872,19.25,3.5e-07,290,0.04382,1455,45.8,1d 1h 36m 39s,159.3,158.1,1,0,0,0,-0.00758,0,0.01189,-0.001512,-0.00377,-0.003447,0,0,1,39.16,45.33,1,32.08,0,1,0.02819,1.41,1,0.8673,0.3559,1,0.08333,-0.04514,0
0,127,87.11,74,12h 47m 5s,3,3,completioncredit_globalkl002_e5,Completion-wide credit + global KL 0.02,873,4.785,3.5e-07,291,0.09465,1455,45.8,1d 1h 34m 10s,161.7,158.2,1,0,0,0,0,0,0.09467,0.06408,0.002882,0,0,0,1,35.15,40.35,1,31.34,0,1,0.02764,1.382,1,0.9714,0.5776,1,0,0,0
0.006944,160,87.25,74,3m 19s,3.003,4,completioncredit_globalkl002_e5,Completion-wide credit + global KL 0.02,874,5.125,3.4e-07,1,0.0257,1455,40.1,1d 8h 6m 41s,198.6,199,1,0,0,0,0,0,0.02744,0.0002804,-0.001281,0,0,0,1,34.99,40.1,1,33.54,0,1,0.02833,1.417,1,0.9435,0.4724,1,0,0,0
0.006944,160,87.56,74,6m 6s,3.007,4,completioncredit_globalkl002_e5,Completion-wide credit + global KL 0.02,875,7.648,3.4e-07,2,-0.006198,1455,42.98,1d 5h 31m 1s,165.8,183.2,1,0,0,0,0,0,0.02871,0.02345,-0.02404,0,0,0,1,37.27,42.98,1,34.95,0,1,0.02931,1.465,1,0.9115,0.3859,1,0,0,0
0.02083,160,90.3,78,8m 52s,3.01,4,completioncredit_globalkl002_e5,Completion-wide credit + global KL 0.02,876,9.033,3.4e-07,3,0.01353,1455,44.88,1d 4h 31m 45s,165.5,177.4,1,0,0,0,0,0,0.0119,0.03499,-0.02471,-0.02707,0,0,1,38.8,44.88,1,32.4,0,1,0.02861,1.431,1,0.9356,0.3956,1,0.02778,-0.01042,0
0.04861,160,94.16,79,11m 33s,3.014,4,completioncredit_globalkl002_e5,Completion-wide credit + global KL 0.02,877,5.619,3.4e-07,4,-0.08512,1455,45.76,1d 3h 48m 4s,160.2,173.2,1,0,0,0,-0.03564,0,-0.009385,0.06329,-0.0307,-0.03564,0,0,1,39.53,45.76,1,32.56,0,1,0.02931,1.465,1,0.8732,0.5394,1,0.02778,-0.02778,0.02778
0.006944,160,89.67,74,14m 24s,3.017,4,completioncredit_globalkl002_e5,Completion-wide credit + global KL 0.02,878,5.902,3.4e-07,5,0.06008,1455,45.76,1d 3h 41m 13s,170.9,172.7,1,0,0,0,-0.02376,0,0.03617,0.07512,-0.01985,-0.02376,0,0,1,39.53,45.76,1,33.25,0,1,0.02833,1.417,1,0.9492,0.5927,1,0.02778,-0.02778,0.02778
0,160,87.11,74,17m 12s,3.021,4,completioncredit_globalkl002_e5,Completion-wide credit + global KL 0.02,879,5.847,3.4e-07,6,0.02782,1455,45.76,1d 3h 30m 47s,167.8,172,1,0,0,0,0,0,0.02812,0.01435,-0.01492,0,0,0,1,36.32,41.83,1,33.76,0,1,0.02875,1.438,1,0.9257,0.3367,1,0,0,0
0,139,87.49,76,19m 57s,3.024,4,completioncredit_globalkl002_e5,Completion-wide credit + global KL 0.02,880,4.492,3.4e-07,7,0.05902,1455,45.76,1d 3h 18m 48s,165.1,171,1,0,0,0,0,0,-0.005725,-0.01267,-0.02101,0,0,0,1,38,43.88,1,32.42,0,1,0.02806,1.403,1,0.941,0.6167,1,0,0,0
0,129,85.58,75,22m 44s,3.027,4,completioncredit_globalkl002_e5,Completion-wide credit + global KL 0.02,881,5.701,3.4e-07,8,0.05183,1455,45.76,1d 3h 10m 50s,166.5,170.5,1,0,0,0,0,0,0.03335,0.00228,0.002263,0,0,0,1,35.3,40.56,1,32.2,0,1,0.02889,1.444,1,0.9197,0.4803,1,0,0,0
0,104,84.69,72,25m 26s,3.031,4,completioncredit_globalkl002_e5,Completion-wide credit + global KL 0.02,882,2.906,3.4e-07,9,0.07008,1455,45.76,1d 2h 59m 32s,162.3,169.6,1,0,0,0,0,0,0.09611,0.06383,0.003837,0,0,0,1,34.57,39.62,1,32.25,0,1,0.02847,1.424,1,0.9463,0.4428,1,0,0,0
0,98,84.22,77,28m 7s,3.034,4,completioncredit_globalkl002_e5,Completion-wide credit + global KL 0.02,883,3.11,3.4e-07,10,0.06438,1455,45.76,1d 2h 48m 13s,160.5,168.7,1,0,0,0,0,0,0.02125,-0.004831,-0.002606,0,0,0,1,35,40.17,1,30.71,0,1,0.02875,1.438,1,0.9654,0.2663,1,0,0,0
0,108,84.81,75,30m 49s,3.038,4,completioncredit_globalkl002_e5,Completion-wide credit + global KL 0.02,884,4.939,3.3e-07,11,0.04097,1455,45.76,1d 2h 39m 14s,161.3,168,1,0,0,0,0,0,0.08304,0.05021,0.004632,0,0,0,1,35.73,41.07,1,31.23,0,1,0.02819,1.41,1,0.986,0.591,1,0,0,0
0,98,84.6,74,33m 26s,3.041,4,completioncredit_globalkl002_e5,Completion-wide credit + global KL 0.02,885,6.153,3.3e-07,12,0.1021,1455,45.76,1d 2h 27m 55s,157.1,167.1,1,0,0,0,0,0,0.09643,0.069,-0.0007629,0,0,0,1,34.64,39.72,1,30.72,0,1,0.02819,1.41,1,0.9892,0.516,1,0,0,0
0,111,84.99,76,36m 8s,3.045,4,completioncredit_globalkl002_e5,Completion-wide credit + global KL 0.02,886,4.958,3.3e-07,13,0.159,1455,45.76,1d 2h 21m 39s,162.2,166.8,1,0,0,0,0,0,0.1561,0.1468,-0.01974,0,0,0,1,35.95,41.4,1,31.35,0,1,0.02917,1.458,1,0.9693,0.3612,1,0,0,0
0,135,85.23,75,38m 49s,3.048,4,completioncredit_globalkl002_e5,Completion-wide credit + global KL 0.02,887,2.701,3.3e-07,14,0.03769,1455,45.76,1d 2h 14m 33s,160.2,166.3,1,0,0,0,0,0,0.02581,0.00299,-0.005132,0,0,0,1,34.86,39.97,1,30.85,0,1,0.02792,1.396,1,0.8359,0.5967,1,0,0,0
0,97,84.19,74,41m 30s,3.052,4,completioncredit_globalkl002_e5,Completion-wide credit + global KL 0.02,888,5.321,3.3e-07,15,0.06932,1455,45.76,1d 2h 8m 37s,161.1,166,1,0,0,0,0,0,0.02537,-0.001794,-0.001283,0,0,0,1,34.78,39.92,1,32.1,0,1,0.02833,1.417,1,0.8608,0.511,1,0,0,0
0,118,83.88,71,44m 9s,3.055,4,completioncredit_globalkl002_e5,Completion-wide credit + global KL 0.02,889,3.048,3.3e-07,16,0.04915,1455,45.76,1d 2h 1m 56s,159.1,165.6,1,0,0,0,0,0,0.03998,0.04406,-0.03252,0,0,0,1,35.51,40.85,1,31.04,0,1,0.02833,1.417,1,0.9718,0.501,1,0,0,0
0,124,85.16,74,46m 52s,3.058,4,completioncredit_globalkl002_e5,Completion-wide credit + global KL 0.02,890,4.058,3.3e-07,17,-0.01002,1455,45.76,1d 1h 57m 25s,162.2,165.4,1,0,0,0,0,0,9.584e-05,-0.007542,-0.0208,0,0,0,1,35.51,40.85,1,31.29,0,1,0.02833,1.417,1,0.9299,0.4245,1,0,0,0
0,116,86.09,72,49m 42s,3.062,4,completioncredit_globalkl002_e5,Completion-wide credit + global KL 0.02,891,3.764,3.3e-07,18,0.02474,1455,45.76,1d 1h 57m 13s,170.1,165.7,1,0,0,0,0,0,0.01271,0.01377,-0.02974,0,0,0,1,35.08,40.31,1,31.46,0,1,0.02875,1.438,1,0.9337,0.4285,1,0,0,0
0,109,85.16,72,52m 23s,3.065,4,completioncredit_globalkl002_e5,Completion-wide credit + global KL 0.02,892,5.839,3.3e-07,19,-0.005602,1455,45.76,1d 1h 52m 5s,160.6,165.4,1,0,0,0,0,0,-0.002385,0.003395,-0.03556,0,0,0,1,35.73,41.15,1,30.89,0,1,0.02972,1.486,1,0.9533,0.6456,1,0,0,0
0,116,85.72,73,55m 6s,3.069,4,completioncredit_globalkl002_e5,Completion-wide credit + global KL 0.02,893,4.088,3.3e-07,20,0.0002013,1455,45.76,1d 1h 48m 11s,162.8,165.3,1,0,0,0,0,0,-0.006247,0.0005119,-0.0363,0,0,0,1,36.32,41.83,1,30.46,0,1,0.02958,1.479,1,0.9762,0.5182,1,0,0,0
0,100,84.45,70,57m 53s,3.072,4,completioncredit_globalkl002_e5,Completion-wide credit + global KL 0.02,894,4.749,3.2e-07,21,0.04985,1455,45.76,1d 1h 46m 17s,167,165.4,1,0,0,0,0,0,0.02341,0.008733,-0.01438,0,0,0,1,35.15,40.42,1,30.51,0,1,0.02903,1.451,1,0.9558,0.4515,1,0,0,0
0,114,85.83,74,1h 0m 36s,3.076,4,completioncredit_globalkl002_e5,Completion-wide credit + global KL 0.02,895,4.604,3.2e-07,22,0.02955,1455,45.76,1d 1h 42m 30s,162.7,165.3,1,0,0,0,0,0,-0.008701,-0.004994,-0.03239,0,0,0,1,36.17,41.63,1,32.06,0,1,0.02861,1.431,1,0.9759,0.3004,1,0,0,0
0,115,85.55,71,1h 3m 17s,3.079,4,completioncredit_globalkl002_e5,Completion-wide credit + global KL 0.02,896,6.38,3.2e-07,23,0.01982,1455,45.76,1d 1h 38m 3s,160.9,165.1,1,0,0,0,0,0,0.03955,0.06276,-0.05397,0,0,0,1,35.88,41.28,1,30.62,0,1,0.03083,1.542,1,0.9742,0.3976,1,0,0,0
0,104,85.12,74,1h 6m 0s,3.082,4,completioncredit_globalkl002_e5,Completion-wide credit + global KL 0.02,897,4.012,3.2e-07,24,0.008135,1455,45.76,1d 1h 34m 31s,162.8,165,1,0,0,0,0,0,0.01773,0.02323,-0.03455,0,0,0,1,35.15,40.35,1,30.86,0,1,0.02917,1.458,1,0.9634,0.5146,1,0,0,0
0,120,85.44,72,1h 8m 40s,3.086,4,completioncredit_globalkl002_e5,Completion-wide credit + global KL 0.02,898,4.236,3.2e-07,25,0.03277,1455,45.76,1d 1h 30m 4s,160.2,164.8,1,0,0,0,0,0,0.008971,0.03353,-0.05447,0,0,0,1,35,40.17,1,30.78,0,1,0.03,1.5,1,0.9624,0.6061,1,0,0,0
0,112,85.45,72,1h 11m 27s,3.089,4,completioncredit_globalkl002_e5,Completion-wide credit + global KL 0.02,899,3.347,3.2e-07,26,0.03436,1455,45.76,1d 1h 27m 53s,166.1,164.9,1,0,0,0,0,0,0.02067,0.06689,-0.07772,0,0,0,1,35.73,41.11,1,34.2,0,1,0.03139,1.569,1,0.9337,0.4217,1,0,0,0
0,113,84.84,72,1h 14m 7s,3.093,4,completioncredit_globalkl002_e5,Completion-wide credit + global KL 0.02,900,3.491,3.2e-07,27,0.03237,1455,45.76,1d 1h 23m 39s,160.3,164.7,1,0,0,0,0,0,0.0414,0.0567,-0.04544,0,0,0,1,36.1,41.56,1,31.23,0,1,0.03014,1.507,1,0.9816,0.2255,1,0,0,0
0,119,84.92,73,1h 16m 46s,3.096,4,completioncredit_globalkl002_e5,Completion-wide credit + global KL 0.02,901,5.576,3.2e-07,28,0.03756,1455,45.76,1d 1h 18m 56s,158.5,164.5,1,0,0,0,0,0,0.04903,0.06768,-0.04856,0,0,0,1,35.3,40.58,1,30.68,0,1,0.03,1.5,1,0.8336,0.5637,1,0,0,0
0,113,84.18,72,1h 19m 29s,3.1,4,completioncredit_globalkl002_e5,Completion-wide credit + global KL 0.02,902,4.518,3.2e-07,29,0.03781,1455,45.76,1d 1h 15m 31s,162.1,164.4,1,0,0,0,0,0,0.008369,0.005614,-0.02679,0,0,0,1,34.86,40.01,1,32.32,0,1,0.02944,1.472,1,0.9423,0.286,1,0,0,0
0,111,85.42,73,1h 22m 10s,3.103,4,completioncredit_globalkl002_e5,Completion-wide credit + global KL 0.02,903,4.171,3.2e-07,30,0.01396,1455,45.76,1d 1h 11m 57s,161.5,164.3,1,0,0,0,0,0,0.05398,0.0595,-0.03567,0,0,0,1,35.3,40.56,1,31.24,0,1,0.03014,1.507,1,0.924,0.5733,1,0,0,0
0,124,85.99,73,1h 24m 48s,3.107,4,completioncredit_globalkl002_e5,Completion-wide credit + global KL 0.02,904,3.642,3.1e-07,31,-0.0193,1455,45.76,1d 1h 7m 14s,157.4,164.1,1,0,0,0,0,0,-0.006745,-0.01485,-0.02229,0,0,0,1,35.15,40.4,1,30.83,0,1,0.03028,1.514,1,0.9772,0.4587,1,0,0,0
0,114,85.45,72,1h 27m 29s,3.11,4,completioncredit_globalkl002_e5,Completion-wide credit + global KL 0.02,905,4.843,3.1e-07,32,0.007938,1455,45.76,1d 1h 3m 41s,161.1,164,1,0,0,0,0,0,-0.006394,0.008756,-0.04555,0,0,0,1,35.59,40.87,1,31.68,0,1,0.03042,1.521,1,0.9763,0.5889,1,0,0,0
0,122,84.55,72,1h 30m 5s,3.113,4,completioncredit_globalkl002_e5,Completion-wide credit + global KL 0.02,906,4.31,3.1e-07,33,0.05681,1455,45.76,1d 0h 58m 45s,155.9,163.8,1,0,0,0,0,0,-0.00399,0.001972,-0.03587,0,0,0,1,36.76,42.34,1,30.86,0,1,0.02986,1.493,1,0.9919,0.4906,1,0,0,0
0,122,85.48,71,1h 32m 48s,3.117,4,completioncredit_globalkl002_e5,Completion-wide credit + global KL 0.02,907,4.258,3.1e-07,34,-0.02604,1455,45.76,1d 0h 55m 50s,162.9,163.8,1,0,0,0,0,0,-0.04273,-0.005437,-0.0683,0,0,0,1,35.44,40.78,1,32.81,0,1,0.03097,1.549,1,0.9532,0.5207,1,0,0,0
0,116,85.24,71,1h 35m 35s,3.12,4,completioncredit_globalkl002_e5,Completion-wide credit + global KL 0.02,908,4.667,3.1e-07,35,0.05562,1455,45.76,1d 0h 53m 49s,166.3,163.9,1,0,0,0,0,0,0.01025,0.007399,-0.02645,0,0,0,1,35.15,40.35,1,31.86,0,1,0.02931,1.465,1,0.9255,0.3973,1,0,0,0
0,116,84.2,72,1h 38m 14s,3.124,4,completioncredit_globalkl002_e5,Completion-wide credit + global KL 0.02,909,3.866,3.1e-07,36,0.002829,1455,45.76,1d 0h 49m 48s,158.5,163.7,1,0,0,0,0,0,-0.02117,0.006215,-0.05717,0,0,0,1,35.51,40.85,1,30.87,0,1,0.02972,1.486,1,0.979,0.6238,1,0,0,0
0,103,84.53,71,1h 40m 52s,3.127,4,completioncredit_globalkl002_e5,Completion-wide credit + global KL 0.02,910,5.202,3.1e-07,37,0.0608,1455,45.76,1d 0h 45m 45s,158.1,163.6,1,0,0,0,0,0,0.02641,0.009128,-0.01226,0,0,0,1,35.15,40.4,1,30.38,0,1,0.02958,1.479,1,0.906,0.2824,1,0,0,0
0,107,84.65,75,1h 43m 34s,3.131,4,completioncredit_globalkl002_e5,Completion-wide credit + global KL 0.02,911,4.79,3.1e-07,38,0.03244,1455,45.76,1d 0h 42m 39s,161.8,163.5,1,0,0,0,0,0,0.085,0.06548,-0.01026,0,0,0,1,34.71,39.82,1,34.23,0,1,0.02972,1.486,1,0.953,0.5548,1,0,0,0
0,111,83.98,71,1h 46m 18s,3.134,4,completioncredit_globalkl002_e5,Completion-wide credit + global KL 0.02,912,3.634,3.1e-07,39,0.04754,1455,45.76,1d 0h 39m 60s,163.6,163.5,1,0,0,0,0,0,0.01167,0.002114,-0.02035,0,0,0,1,34.93,40.03,1,31.01,0,1,0.03,1.5,1,0.9616,0.6247,1,0,0,0
0,99,83.39,67,1h 48m 56s,3.137,4,completioncredit_globalkl002_e5,Completion-wide credit + global KL 0.02,913,3.685,3.1e-07,40,0.04445,1455,45.76,1d 0h 36m 2s,157.8,163.4,1,0,0,0,0,0,0.02775,-0.001588,0.000529,0,0,0,1,34.71,39.76,1,31.16,0,1,0.02889,1.444,1,0.9167,0.6324,1,0,0,0
0,109,84.22,67,1h 51m 39s,3.141,4,completioncredit_globalkl002_e5,Completion-wide credit + global KL 0.02,914,3.38,3e-07,41,0.03706,1455,45.76,1d 0h 33m 14s,162.8,163.4,1,0,0,0,0,0,0.09503,0.07888,-0.01401,0,0,0,1,35.15,40.4,1,31.04,0,1,0.03014,1.507,1,0.9271,0.419,1,0,0,0
0,110,82.63,70,1h 54m 16s,3.144,4,completioncredit_globalkl002_e5,Completion-wide credit + global KL 0.02,915,6.515,3e-07,42,0.05929,1455,45.76,1d 0h 29m 13s,157.1,163.2,1,0,0,0,0,0,0.09309,0.0609,0.004237,0,0,0,1,34.64,39.72,1,31.2,0,1,0.02806,1.403,1,0.9911,0.4616,1,0,0,0
0,102,83.06,74,1h 56m 59s,3.148,4,completioncredit_globalkl002_e5,Completion-wide credit + global KL 0.02,916,3.195,3e-07,43,0.03769,1455,45.76,1d 0h 26m 27s,162.8,163.2,1,0,0,0,0,0,0.02973,0.001613,-0.0005672,0,0,0,1,35.3,40.56,1,30,0,1,0.02861,1.431,1,0.9122,0.5094,1,0,0,0
0,105,83.34,73,1h 59m 40s,3.151,4,completioncredit_globalkl002_e5,Completion-wide credit + global KL 0.02,917,3.61,3e-07,44,0.03414,1455,45.76,1d 0h 23m 8s,160.1,163.2,1,0,0,0,0,0,0.01557,0.0104,-0.02389,0,0,0,1,35.51,40.83,1,32.94,0,1,0.02903,1.451,1,0.9563,0.4455,1,0,0,0
0,98,83.11,72,2h 2m 15s,3.155,4,completioncredit_globalkl002_e5,Completion-wide credit + global KL 0.02,918,4.256,3e-07,45,0.0639,1455,45.76,1d 0h 18m 54s,155.4,163,1,0,0,0,0,0,0.02841,0.0004408,-0.0004775,0,0,0,1,34.78,39.9,1,31.13,0,1,0.02847,1.424,1,0.9566,0.6296,1,0,0,0
0,108,82.51,70,2h 4m 59s,3.158,4,completioncredit_globalkl002_e5,Completion-wide credit + global KL 0.02,919,4.861,3e-07,46,0.03055,1455,45.76,1d 0h 16m 14s,163,163,1,0,0,0,0,0,0.006909,-0.005862,-0.01677,0,0,0,1,35.73,41.11,1,30.78,0,1,0.02944,1.472,1,0.951,0.2332,1,0,0,0
0,112,83.49,72,2h 7m 36s,3.162,4,completioncredit_globalkl002_e5,Completion-wide credit + global KL 0.02,920,3.355,3e-07,47,0.01544,1455,45.76,1d 0h 12m 32s,157.6,162.9,1,0,0,0,0,0,0.0263,-0.00101,-0.0006476,0,0,0,1,36.03,41.46,1,30.77,0,1,0.02792,1.396,1,0.9718,0.4236,1,0,0,0
0,98,82.88,70,2h 10m 20s,3.165,4,completioncredit_globalkl002_e5,Completion-wide credit + global KL 0.02,921,3.344,3e-07,48,0.06885,1455,45.76,1d 0h 9m 56s,163.3,162.9,1,0,0,0,0,0,0.01991,-0.003396,-0.004897,0,0,0,1,34.49,39.53,1,30.45,0,1,0.02819,1.41,1,0.9502,0.5749,1,0,0,0
0,109,83.17,73,2h 12m 58s,3.168,4,completioncredit_globalkl002_e5,Completion-wide credit + global KL 0.02,922,5.254,3e-07,49,0.0225,1455,45.76,1d 0h 6m 23s,158.1,162.8,1,0,0,0,0,0,0.072,0.0525,-0.009188,0,0,0,1,35.15,40.4,1,31.09,0,1,0.02861,1.431,1,0.957,0.3971,1,0,0,0
0,110,82.64,73,2h 15m 37s,3.172,4,completioncredit_globalkl002_e5,Completion-wide credit + global KL 0.02,923,6.929,3e-07,50,0.03813,1455,45.76,1d 0h 2m 56s,158.5,162.7,1,0,0,0,0,0,0.08528,0.05784,-0.0003966,0,0,0,1,34.86,39.97,1,31.35,0,1,0.02778,1.389,1,0.9649,0.3068,1,0,0,0
0,104,84.26,72,2h 18m 19s,3.175,4,completioncredit_globalkl002_e5,Completion-wide credit + global KL 0.02,924,6.012,2.9e-07,51,0.06629,1455,45.76,1d 0h 0m 3s,161.5,162.7,1,0,0,0,0,0,0.0287,0.004687,-0.003939,0,0,0,1,35.37,40.68,1,30.62,0,1,0.02792,1.396,1,0.9667,0.2878,1,0,0,0
0,108,83.37,72,2h 20m 57s,3.179,4,completioncredit_globalkl002_e5,Completion-wide credit + global KL 0.02,925,3.312,2.9e-07,52,0.04616,1455,45.76,23h 56m 38s,158.3,162.6,1,0,0,0,0,0,0.03357,0.006528,-0.0007931,0,0,0,1,35.73,41.15,1,31.04,0,1,0.02778,1.389,1,0.9688,0.5442,1,0,0,0
0,104,83.44,70,2h 23m 38s,3.182,4,completioncredit_globalkl002_e5,Completion-wide credit + global KL 0.02,926,4.323,2.9e-07,53,0.03572,1455,45.76,23h 53m 42s,161.1,162.6,1,0,0,0,0,0,0.01439,-0.006608,-0.007689,0,0,0,1,35,40.17,1,32.94,0,1,0.02861,1.431,1,0.9643,0.2944,1,0,0,0
0,106,82.84,71,2h 26m 17s,3.186,4,completioncredit_globalkl002_e5,Completion-wide credit + global KL 0.02,927,2.64,2.9e-07,54,0.0486,1455,45.76,23h 50m 20s,158.4,162.5,1,0,0,0,0,0,0.03362,0.002898,0.002279,0,0,0,1,35.59,40.89,1,32.41,0,1,0.02847,1.424,1,0.9814,0.3011,1,0,0,0
0,122,83.04,70,2h 29m 2s,3.189,4,completioncredit_globalkl002_e5,Completion-wide credit + global KL 0.02,928,3.408,2.9e-07,55,0.08061,1455,45.76,23h 47m 57s,164.3,162.6,1,0,0,0,0,0,0.05582,0.04904,-0.02203,0,0,0,1,34.57,39.62,1,30.88,0,1,0.02889,1.444,1,0.8921,0.5695,1,0,0,0
0,110,83.67,72,2h 31m 48s,3.192,4,completioncredit_globalkl002_e5,Completion-wide credit + global KL 0.02,929,4.243,2.9e-07,56,0.02532,1455,45.76,23h 45m 47s,165.9,162.6,1,0,0,0,0,0,0.0341,0.003134,0.002763,0,0,0,1,35.08,40.25,1,32.19,0,1,0.02819,1.41,1,0.8675,0.399,1,0,0,0
0,104,84.59,73,2h 34m 27s,3.196,4,completioncredit_globalkl002_e5,Completion-wide credit + global KL 0.02,930,4.167,2.9e-07,57,0.01894,1455,45.76,23h 42m 35s,159.2,162.6,1,0,0,0,0,0,-0.003552,-0.0112,-0.01982,0,0,0,1,35.44,40.74,1,33.39,0,1,0.0275,1.375,1,0.875,0.3627,1,0,0,0
0,131,83.64,71,2h 37m 9s,3.199,4,completioncredit_globalkl002_e5,Completion-wide credit + global KL 0.02,931,3.798,2.9e-07,58,0.03069,1455,45.76,23h 39m 50s,162,162.6,1,0,0,0,0,0,-0.01625,-0.02116,-0.02354,0,0,0,1,35.37,40.6,1,31.28,0,1,0.02833,1.417,1,0.9527,0.3079,1,0,0,0
0,107,82.85,73,2h 39m 52s,3.203,4,completioncredit_globalkl002_e5,Completion-wide credit + global KL 0.02,932,3.189,2.9e-07,59,0.02422,1455,45.76,23h 37m 3s,161.9,162.6,1,0,0,0,0,0,0.02055,-0.001594,-0.007761,0,0,0,1,35.66,40.99,1,31.34,0,1,0.02986,1.493,1,0.9734,0.4637,1,0,0,0
0,108,84.62,73,2h 42m 35s,3.206,4,completioncredit_globalkl002_e5,Completion-wide credit + global KL 0.02,933,4.41,2.9e-07,60,0.02309,1455,45.76,23h 34m 25s,162.9,162.6,1,0,0,0,0,0,-0.01211,-0.01797,-0.02283,0,0,0,1,35.44,40.74,1,31.76,0,1,0.02861,1.431,1,0.9851,0.4001,1,0,0,0
0,119,84.32,72,2h 45m 16s,3.21,4,completioncredit_globalkl002_e5,Completion-wide credit + global KL 0.02,934,3.004,2.8e-07,61,-0.01208,1455,45.76,23h 31m 32s,161.1,162.6,1,0,0,0,0,0,-0.03755,-0.008124,-0.05762,0,0,0,1,35.51,40.85,1,32.02,0,1,0.02819,1.41,1,0.9572,0.3383,1,0,0,0
0,110,84.18,70,2h 47m 55s,3.213,4,completioncredit_globalkl002_e5,Completion-wide credit + global KL 0.02,935,3.19,2.8e-07,62,0.01916,1455,45.76,23h 28m 17s,158.5,162.5,1,0,0,0,0,0,0.05692,0.0683,-0.03872,0,0,0,1,35,40.21,1,31.31,0,1,0.02736,1.368,1,0.9762,0.492,1,0,0,0
0,119,84.27,70,2h 50m 37s,3.216,4,completioncredit_globalkl002_e5,Completion-wide credit + global KL 0.02,936,6.284,2.8e-07,63,0.009446,1455,45.76,23h 25m 35s,161.9,162.5,1,0,0,0,0,0,-0.02788,-0.004412,-0.04996,0,0,0,1,35.95,41.36,1,36.15,0,1,0.02653,1.326,1,0.9515,0.4707,1,0,0,0
0,128,83.78,70,2h 53m 20s,3.22,4,completioncredit_globalkl002_e5,Completion-wide credit + global KL 0.02,937,4.109,2.8e-07,64,-0.009075,1455,45.76,23h 22m 56s,162.7,162.5,1,0,0,0,0,0,0.01012,0.03425,-0.05124,0,0,0,1,35.81,41.19,1,32.2,0,1,0.02708,1.354,1,0.9459,0.2733,1,0,0,0
0,111,83.32,70,2h 56m 1s,3.223,4,completioncredit_globalkl002_e5,Completion-wide credit + global KL 0.02,938,3.62,2.8e-07,65,-0.00521,1455,45.76,23h 20m 1s,160.7,162.5,1,0,0,0,0,0,0.01494,0.02671,-0.03961,0,0,0,1,35.15,40.35,1,31.58,0,1,0.02778,1.389,1,0.9323,0.1882,1,0,0,0
0,110,83.21,72,2h 58m 41s,3.227,4,completioncredit_globalkl002_e5,Completion-wide credit + global KL 0.02,939,3.576,2.8e-07,66,0.02168,1455,45.76,23h 17m 1s,160.1,162.4,1,0,0,0,0,0,0.1825,0.1705,-0.01373,0,0,0,1,34.93,40.03,1,33.35,0,1,0.02569,1.285,1,0.9655,0.6783,1,0,0,0
0,112,83.91,70,3h 1m 22s,3.23,4,completioncredit_globalkl002_e5,Completion-wide credit + global KL 0.02,940,4.321,2.8e-07,67,-0.008424,1455,45.76,23h 14m 8s,160.7,162.4,1,0,0,0,0,0,-0.01884,0.01196,-0.05985,0,0,0,1,35.73,41.07,1,31.34,0,1,0.02903,1.451,1,0.9625,0.3113,1,0,0,0
0,115,84.15,69,3h 4m 1s,3.234,4,completioncredit_globalkl002_e5,Completion-wide credit + global KL 0.02,941,5.082,2.8e-07,68,0.01173,1455,45.76,23h 10m 53s,158,162.4,1,0,0,0,0,0,-0.001147,0.04183,-0.07179,0,0,0,1,35.73,41.07,1,32.21,0,1,0.02889,1.444,1,0.9813,0.2786,1,0,0,0
0,110,82.56,68,3h 6m 43s,3.237,4,completioncredit_globalkl002_e5,Completion-wide credit + global KL 0.02,942,6.335,2.8e-07,69,-0.01891,1455,45.76,23h 8m 13s,162.4,162.4,1,0,0,0,0,0,-0.007245,0.006607,-0.0401,0,0,0,1,34.35,39.27,1,34.53,0,1,0.02625,1.312,1,0.9804,0.4838,1,0,0,0
0,117,84.56,74,3h 9m 28s,3.241,4,completioncredit_globalkl002_e5,Completion-wide credit + global KL 0.02,943,4.19,2.8e-07,70,-0.01076,1455,45.76,23h 5m 47s,164.5,162.4,1,0,0,0,0,0,-0.002924,-0.004752,-0.02527,0,0,0,1,36.1,41.54,1,34.18,0,1,0.02708,1.354,1,0.9732,0.3336,1,0,0,0
0,109,82.97,69,3h 12m 10s,3.244,4,completioncredit_globalkl002_e5,Completion-wide credit + global KL 0.02,944,6.816,2.7e-07,71,-0.005753,1455,45.76,23h 3m 4s,162,162.4,1,0,0,0,0,0,-0.04731,-0.02134,-0.05344,0,0,0,1,35.81,41.21,1,36.19,0,1,0.0275,1.375,1,0.9296,0.4236,1,0,0,0
0,106,83.76,72,3h 14m 51s,3.247,4,completioncredit_globalkl002_e5,Completion-wide credit + global KL 0.02,945,4.582,2.7e-07,72,-0.002687,1455,45.76,23h 0m 15s,161.2,162.4,1,0,0,0,0,0,-0.03946,0.006382,-0.07429,0,0,0,1,35.37,40.6,1,32.55,0,1,0.02847,1.424,1,0.9373,0.4571,1,0,0,0
0,115,82.55,70,3h 17m 37s,3.251,4,completioncredit_globalkl002_e5,Completion-wide credit + global KL 0.02,946,4.175,2.7e-07,73,0.005538,1455,45.76,22h 57m 53s,165.1,162.4,1,0,0,0,0,0,-0.0221,-0.01042,-0.03902,0,0,0,1,35.15,40.37,1,32.74,0,1,0.02736,1.368,1,0.902,0.5869,1,0,0,0
0,130,82.96,70,3h 20m 14s,3.254,4,completioncredit_globalkl002_e5,Completion-wide credit + global KL 0.02,947,4.962,2.7e-07,74,0.009585,1455,45.76,22h 54m 36s,157.2,162.4,1,0,0,0,0,0,0.0516,0.08316,-0.05841,0,0,0,1,37.34,43.08,1,31.82,0,1,0.02694,1.347,1,0.9631,0.2834,1,0,0,0
0,111,83.4,71,3h 22m 58s,3.258,4,completioncredit_globalkl002_e5,Completion-wide credit + global KL 0.02,948,4.362,2.7e-07,75,0.01486,1455,45.76,22h 52m 0s,163.1,162.4,1,0,0,0,0,0,-0.02491,-0.008495,-0.04254,0,0,0,1,35.08,40.27,1,32.1,0,1,0.02611,1.306,1,0.9303,0.2698,1,0,0,0
0,121,82.56,71,3h 25m 41s,3.261,4,completioncredit_globalkl002_e5,Completion-wide credit + global KL 0.02,949,3.464,2.7e-07,76,0.02638,1455,45.76,22h 49m 28s,163.7,162.4,1,0,0,0,0,0,-0.001966,-0.001811,-0.02725,0,0,0,1,36.68,42.26,1,33.57,0,1,0.02708,1.354,1,0.9841,0.5655,1,0,0,0
0,100,81.83,70,3h 28m 23s,3.265,4,completioncredit_globalkl002_e5,Completion-wide credit + global KL 0.02,950,3.813,2.7e-07,77,0.03229,1455,45.76,22h 46m 37s,160.9,162.4,1,0,0,0,0,0,-0.006441,-0.001045,-0.03225,0,0,0,1,34.86,39.94,1,32.8,0,1,0.02681,1.34,1,0.9582,0.3628,1,0,0,0
0.006944,160,82.24,70,3h 31m 6s,3.268,4,completioncredit_globalkl002_e5,Completion-wide credit + global KL 0.02,951,4.995,2.7e-07,78,0.001519,1455,45.76,22h 44m 1s,163,162.4,1,0,0,0,0,0,0.01981,-0.005118,-0.001565,0,0,0,1,34.49,39.49,1,32.92,0,1,0.02653,1.326,1,0.9602,0.5895,1,0,0,0
0,111,81.66,70,3h 33m 47s,3.271,4,completioncredit_globalkl002_e5,Completion-wide credit + global KL 0.02,952,3.947,2.7e-07,79,0.06653,1455,45.76,22h 41m 9s,160.7,162.4,1,0,0,0,0,0,0.07951,0.06564,-0.01322,0,0,0,1,35,40.17,1,33.35,0,1,0.02708,1.354,1,0.9329,0.3344,1,0,0,0
0,97,81.74,72,3h 36m 24s,3.275,4,completioncredit_globalkl002_e5,Completion-wide credit + global KL 0.02,953,4.742,2.7e-07,80,0.03491,1455,45.76,22h 37m 54s,156.5,162.3,1,0,0,0,0,0,0.02443,-0.003376,0.0009502,0,0,0,1,34.93,40.05,1,31.12,0,1,0.02681,1.34,1,0.8392,0.4794,1,0,0,0
0,99,81.55,71,3h 39m 2s,3.278,4,completioncredit_globalkl002_e5,Completion-wide credit + global KL 0.02,954,4.3,2.7e-07,81,0.01333,1455,45.76,22h 34m 43s,157.4,162.2,1,0,0,0,0,0,0.02996,0.004893,-0.001181,0,0,0,1,34.78,39.84,1,32.79,0,1,0.02625,1.312,1,0.9293,0.2753,1,0,0,0
0,122,83.01,71,3h 41m 39s,3.282,4,completioncredit_globalkl002_e5,Completion-wide credit + global KL 0.02,955,5.696,2.6e-07,82,0.01749,1455,45.76,22h 31m 31s,157.1,162.2,1,0,0,0,0,0,0.01989,0.003037,-0.009884,0,0,0,1,35.15,40.33,1,31.37,0,1,0.02667,1.333,1,0.9578,0.4561,1,0,0,0
0,112,84.03,72,3h 44m 17s,3.285,4,completioncredit_globalkl002_e5,Completion-wide credit + global KL 0.02,956,4.923,2.6e-07,83,0.03541,1455,45.76,22h 28m 27s,158.3,162.1,1,0,0,0,0,0,0.01957,-0.001807,-0.004502,0,0,0,1,34.93,40.03,1,32.67,0,1,0.02583,1.292,1,0.9552,0.691,1,0,0,0
0,117,82.73,71,3h 47m 4s,3.289,4,completioncredit_globalkl002_e5,Completion-wide credit + global KL 0.02,957,4.755,2.6e-07,84,0.02114,1455,45.76,22h 26m 10s,166.2,162.2,1,0,0,0,0,0,0.01974,-0.004659,-0.002093,0,0,0,1,36.39,41.87,1,31.97,0,1,0.02653,1.326,1,0.9262,0.4856,1,0,0,0
0,112,82.4,72,3h 49m 47s,3.292,4,completioncredit_globalkl002_e5,Completion-wide credit + global KL 0.02,958,3.419,2.6e-07,85,0.03374,1455,45.76,22h 23m 30s,162.5,162.2,1,0,0,0,0,0,0.08696,0.06186,-0.001761,0,0,0,1,34.64,39.72,1,31.64,0,1,0.02694,1.347,1,0.9939,0.4017,1,0,0,0
0,107,83.28,72,3h 52m 24s,3.296,4,completioncredit_globalkl002_e5,Completion-wide credit + global KL 0.02,959,4.291,2.6e-07,86,0.02412,1455,45.76,22h 20m 23s,157.5,162.1,1,0,0,0,0,0,0.03085,0.006091,-0.002337,0,0,0,1,34.78,39.88,1,31.56,0,1,0.02708,1.354,1,0.9752,0.2882,1,0,0,0
0,101,82.69,72,3h 55m 4s,3.299,4,completioncredit_globalkl002_e5,Completion-wide credit + global KL 0.02,960,3.46,2.6e-07,87,0.04263,1455,45.76,22h 17m 27s,159.5,162.1,1,0,0,0,0,0,0.1069,0.07782,0.001892,0,0,0,1,34.64,39.68,1,30.99,0,1,0.02722,1.361,1,0.9086,0.5026,1,0,0,0
0,110,83.12,71,3h 57m 49s,3.302,4,completioncredit_globalkl002_e5,Completion-wide credit + global KL 0.02,961,3.528,2.6e-07,88,0.03639,1455,45.76,22h 15m 0s,164.7,162.1,1,0,0,0,0,0,0.02168,-0.001875,-0.002569,0,0,0,1,35.3,40.54,1,33.24,0,1,0.02611,1.306,1,0.9518,0.5766,1,0,0,0
0,114,83.33,71,4h 0m 35s,3.306,4,completioncredit_globalkl002_e5,Completion-wide credit + global KL 0.02,962,3.467,2.6e-07,89,0.02464,1455,45.76,22h 12m 39s,165.6,162.2,1,0,0,0,0,0,0.01153,0.0005421,-0.01538,0,0,0,1,35.22,40.48,1,32.71,0,1,0.02639,1.319,1,0.9926,0.5933,1,0,0,0
0,99,82.52,70,4h 3m 17s,3.309,4,completioncredit_globalkl002_e5,Completion-wide credit + global KL 0.02,963,3.58,2.6e-07,90,0.02337,1455,45.76,22h 9m 59s,162.5,162.2,1,0,0,0,0,0,0.02042,-0.003241,-0.002216,0,0,0,1,34.57,39.62,1,33.49,0,1,0.02583,1.292,1,0.9799,0.6406,1,0,0,0
0,102,84.1,70,4h 5m 60s,3.313,4,completioncredit_globalkl002_e5,Completion-wide credit + global KL 0.02,964,5.338,2.6e-07,91,0.02094,1455,45.76,22h 7m 19s,162.3,162.2,1,0,0,0,0,0,0.02243,-0.0005502,-0.002896,0,0,0,1,35.15,40.38,1,32.99,0,1,0.02583,1.292,1,0.9692,0.3918,1,0,0,0
0,106,82.56,71,4h 8m 39s,3.316,4,completioncredit_globalkl002_e5,Completion-wide credit + global KL 0.02,965,4.172,2.5e-07,92,0.04438,1455,45.76,22h 4m 22s,159.2,162.2,1,0,0,0,0,0,0.09333,0.06639,0.0005675,0,0,0,1,35.59,40.87,1,31.3,0,1,0.02639,1.319,1,0.9667,0.5278,1,0,0,0
0,100,81.15,72,4h 11m 20s,3.32,4,completioncredit_globalkl002_e5,Completion-wide credit + global KL 0.02,966,4.473,2.5e-07,93,0.02138,1455,45.76,22h 1m 34s,160.8,162.2,1,0,0,0,0,0,0.01065,0.00298,-0.01907,0,0,0,1,35.15,40.35,1,33.56,0,1,0.02667,1.333,1,0.9647,0.2878,1,0,0,0
0,105,81.62,70,4h 13m 60s,3.323,4,completioncredit_globalkl002_e5,Completion-wide credit + global KL 0.02,967,3.291,2.5e-07,94,0.03087,1455,45.76,21h 58m 36s,159,162.1,1,0,0,0,0,0,0.03244,0.001264,0.005049,0,0,0,1,35,40.11,1,31.34,0,1,0.02611,1.306,1,0.9602,0.355,1,0,0,0
0,110,81.72,70,4h 16m 38s,3.326,4,completioncredit_globalkl002_e5,Completion-wide credit + global KL 0.02,968,4.093,2.5e-07,95,0.03736,1455,45.76,21h 55m 37s,158.6,162.1,1,0,0,0,0,0,0.02448,0.00247,-0.003749,0,0,0,1,34.93,40.01,1,31.29,0,1,0.02569,1.285,1,0.9658,0.3789,1,0,0,0
0,99,81.47,72,4h 19m 18s,3.33,4,completioncredit_globalkl002_e5,Completion-wide credit + global KL 0.02,969,3.569,2.5e-07,96,0.02167,1455,45.76,21h 52m 44s,159.7,162.1,1,0,0,0,0,0,0.02209,-0.005072,0.002381,0,0,0,1,35.08,40.31,1,30.98,0,1,0.02472,1.236,1,0.9712,0.29,1,0,0,0
0,103,81.72,71,4h 21m 55s,3.333,4,completioncredit_globalkl002_e5,Completion-wide credit + global KL 0.02,970,7.409,2.5e-07,97,0.05486,1455,45.76,21h 49m 37s,156.8,162,1,0,0,0,0,0,0.141,0.1108,0.00583,0,0,0,1,35.37,40.68,1,31.98,0,1,0.02444,1.222,1,0.9617,0.4417,1,0,0,0
0,99,81.18,71,4h 24m 41s,3.337,4,completioncredit_globalkl002_e5,Completion-wide credit + global KL 0.02,971,6.127,2.5e-07,98,0.04214,1455,45.76,21h 47m 12s,165.2,162,1,0,0,0,0,0,0.02927,0.003486,-0.0004622,0,0,0,1,35.08,40.31,1,33.41,0,1,0.02625,1.312,1,0.9829,0.2743,1,0,0,0
0,103,81.59,71,4h 27m 21s,3.34,4,completioncredit_globalkl002_e5,Completion-wide credit + global KL 0.02,972,5.595,2.5e-07,99,0.03799,1455,45.76,21h 44m 21s,159.9,162,1,0,0,0,0,0,0.02456,0.001072,-0.002265,0,0,0,1,35.37,40.68,1,33.51,0,1,0.02569,1.285,1,0.9682,0.3605,1,0,0,0
0,100,81.12,69,4h 29m 58s,3.344,4,completioncredit_globalkl002_e5,Completion-wide credit + global KL 0.02,973,4.188,2.5e-07,100,0.02488,1455,45.76,21h 41m 14s,156.8,162,1,0,0,0,0,0,0.02481,-0.002032,0.000717,0,0,0,1,34.49,39.54,1,33.08,0,1,0.02611,1.306,1,0.9505,0.633,1,0,0,0
0,99,81.11,70,4h 32m 51s,3.347,4,completioncredit_globalkl002_e5,Completion-wide credit + global KL 0.02,974,4.408,2.5e-07,101,0.02547,1455,45.76,21h 39m 24s,172.5,162.1,1,0,0,0,0,0,0.03106,0.002646,0.00266,0,0,0,1,34.93,40.11,1,41.73,0,1,0.02569,1.285,1,0.9715,0.6885,1,0,0,0
0,108,81.34,72,4h 35m 39s,3.351,4,completioncredit_globalkl002_e5,Completion-wide credit + global KL 0.02,975,3.332,2.5e-07,102,0.02675,1455,45.76,21h 37m 11s,168.2,162.1,1,0,0,0,0,0,0.02387,-0.001861,0.0003393,0,0,0,1,35.73,41.11,1,34.7,0,1,0.02542,1.271,1,0.9805,0.5308,1,0,0,0
0,103,80.92,70,4h 38m 21s,3.354,4,completioncredit_globalkl002_e5,Completion-wide credit + global KL 0.02,976,3.411,2.4e-07,103,0.01593,1455,45.76,21h 34m 26s,161.3,162.1,1,0,0,0,0,0,0.02397,0.009326,-0.0116,0,0,0,1,34.64,39.68,1,33.67,0,1,0.02625,1.312,1,0.9618,0.6846,1,0,0,0
0,103,81.19,71,4h 41m 3s,3.357,4,completioncredit_globalkl002_e5,Completion-wide credit + global KL 0.02,977,3.435,2.4e-07,104,0.04164,1455,45.76,21h 31m 45s,162,162.1,1,0,0,0,0,0,0.02012,-0.005471,0.0006928,0,0,0,1,34.64,39.68,1,31.61,0,1,0.02486,1.243,1,0.9625,0.3967,1,0,0,0
0,97,81.09,69,4h 43m 41s,3.361,4,completioncredit_globalkl002_e5,Completion-wide credit + global KL 0.02,978,3.587,2.4e-07,105,0.01927,1455,45.76,21h 28m 45s,158.2,162.1,1,0,0,0,0,0,0.02767,0.001321,0.001077,0,0,0,1,34.78,39.86,1,30.79,0,1,0.02528,1.264,1,0.9933,0.4346,1,0,0,0
0,107,81.34,71,4h 46m 20s,3.364,4,completioncredit_globalkl002_e5,Completion-wide credit + global KL 0.02,979,3.879,2.4e-07,106,0.02684,1455,45.76,21h 25m 47s,158.3,162.1,1,0,0,0,0,0,0.02432,0.001616,-0.002686,0,0,0,1,34.78,39.86,1,32.46,0,1,0.02542,1.271,1,0.9693,0.642,1,0,0,0
0,111,81.74,70,4h 49m 3s,3.368,4,completioncredit_globalkl002_e5,Completion-wide credit + global KL 0.02,980,3.727,2.4e-07,107,0.01162,1455,45.76,21h 23m 10s,163.1,162.1,1,0,0,0,0,0,-0.003552,-0.01204,-0.01629,0,0,0,1,35.37,40.66,1,34.03,0,1,0.02472,1.236,1,0.9409,0.4703,1,0,0,0
0,100,81.07,70,4h 51m 47s,3.371,4,completioncredit_globalkl002_e5,Completion-wide credit + global KL 0.02,981,3.404,2.4e-07,108,0.0201,1455,45.76,21h 20m 38s,164,162.1,1,0,0,0,0,0,0.02556,-0.00109,0.0008975,0,0,0,1,35.15,40.38,1,32.96,0,1,0.02569,1.285,1,0.9103,0.6343,1,0,0,0
0,104,81.95,69,4h 54m 30s,3.375,4,completioncredit_globalkl002_e5,Completion-wide credit + global KL 0.02,982,3.473,2.4e-07,109,0.02834,1455,45.76,21h 17m 57s,162.1,162.1,1,0,0,0,0,0,0.0456,0.01824,0.002456,0,0,0,1,35.15,40.38,1,32.59,0,1,0.02486,1.243,1,0.951,0.3869,1,0,0,0
0,104,81.03,70,4h 57m 12s,3.378,4,completioncredit_globalkl002_e5,Completion-wide credit + global KL 0.02,983,5.725,2.4e-07,110,0.03611,1455,45.76,21h 15m 16s,162.3,162.1,1,0,0,0,0,0,0.03503,0.003697,0.006184,0,0,0,1,35.44,40.78,1,33.53,0,1,0.02514,1.257,1,0.9704,0.3428,1,0,0,0
0,101,81.62,71,4h 59m 53s,3.381,4,completioncredit_globalkl002_e5,Completion-wide credit + global KL 0.02,984,4.487,2.4e-07,111,0.02572,1455,45.76,21h 12m 28s,160.5,162.1,1,0,0,0,0,0,0.02654,0.0004364,0.00132,0,0,0,1,35.22,40.48,1,31.65,0,1,0.02472,1.236,1,0.9372,0.4261,1,0,0,0
0,101,82.48,71,5h 2m 34s,3.385,4,completioncredit_globalkl002_e5,Completion-wide credit + global KL 0.02,985,2.95,2.4e-07,112,0.02512,1455,45.76,21h 9m 43s,161.3,162.1,1,0,0,0,0,0,0.02925,0.0005871,0.003512,0,0,0,1,35.22,40.5,1,31.71,0,1,0.02514,1.257,1,0.9154,0.5087,1,0,0,0
0,107,81.9,69,5h 5m 20s,3.388,4,completioncredit_globalkl002_e5,Completion-wide credit + global KL 0.02,986,4.147,2.4e-07,113,0.02571,1455,45.76,21h 7m 15s,165.2,162.1,1,0,0,0,0,0,0.03435,0.002926,0.00579,0,0,0,1,34.71,39.76,1,36.81,0,1,0.02556,1.278,1,0.9239,0.5476,1,0,0,0
0,102,81.83,69,5h 7m 59s,3.392,4,completioncredit_globalkl002_e5,Completion-wide credit + global KL 0.02,987,4.661,2.3e-07,114,0.02711,1455,45.76,21h 4m 21s,159,162.1,1,0,0,0,0,0,0.02244,-0.004581,0.0007725,0,0,0,1,34.57,39.62,1,31.18,0,1,0.02625,1.312,1,0.9667,0.789,1,0,0,0
0,116,81.19,69,5h 10m 43s,3.395,4,completioncredit_globalkl002_e5,Completion-wide credit + global KL 0.02,988,3.244,2.3e-07,115,0.02286,1455,45.76,21h 1m 49s,164.2,162.1,1,0,0,0,0,0,0.02619,-0.001443,0.002363,0,0,0,1,36.32,41.83,1,34.86,0,1,0.02528,1.264,1,0.9546,0.6759,1,0,0,0
0,102,81.17,70,5h 13m 27s,3.399,4,completioncredit_globalkl002_e5,Completion-wide credit + global KL 0.02,989,3.89,2.3e-07,116,0.02116,1455,45.76,20h 59m 13s,163.6,162.1,1,0,0,0,0,0,0.02281,-0.0008556,-0.001235,0,0,0,1,35.3,40.58,1,34.91,0,1,0.025,1.25,1,0.9542,0.3772,1,0,0,0
0,104,82.78,64,5h 16m 15s,3.402,4,completioncredit_globalkl002_e5,Completion-wide credit + global KL 0.02,990,4.204,2.3e-07,117,0.02186,1455,45.76,20h 56m 52s,167,162.2,1,0,0,0,0,0,0.02857,0.003485,0.0001807,0,0,0,1,35.15,40.35,1,33.03,0,1,0.025,1.25,1,0.9655,0.6164,1,0,0,0
0,107,81.62,70,5h 18m 56s,3.405,4,completioncredit_globalkl002_e5,Completion-wide credit + global KL 0.02,991,2.583,2.3e-07,118,0.04428,1455,45.76,20h 54m 6s,161.1,162.2,1,0,0,0,0,0,0.09306,0.06611,0.0002127,0,0,0,1,34.64,39.7,1,31.76,0,1,0.02667,1.333,1,0.928,0.5608,1,0,0,0
0,107,82.6,69,5h 21m 41s,3.409,4,completioncredit_globalkl002_e5,Completion-wide credit + global KL 0.02,992,4.739,2.3e-07,119,0.02458,1455,45.76,20h 51m 34s,164.6,162.2,1,0,0,0,0,0,0.02672,0.0001943,0.0008936,0,0,0,1,35.15,40.41,1,35.12,0,1,0.02556,1.278,1,0.8428,0.5432,1,0,0,0
0,104,81.86,71,5h 24m 26s,3.412,4,completioncredit_globalkl002_e5,Completion-wide credit + global KL 0.02,993,3.154,2.3e-07,120,0.02274,1455,45.76,20h 49m 4s,165.2,162.2,1,0,0,0,0,0,0.02334,-0.0004217,-0.001996,0,0,0,1,34.93,40.05,1,32.05,0,1,0.02569,1.285,1,0.982,0.702,1,0,0,0
0,106,82.36,72,5h 27m 8s,3.416,4,completioncredit_globalkl002_e5,Completion-wide credit + global KL 0.02,994,2.785,2.3e-07,121,0.03182,1455,45.76,20h 46m 20s,161.4,162.2,1,0,0,0,0,0,0.05625,0.03091,0.0009312,0,0,0,1,34.64,39.76,1,32.3,0,1,0.02444,1.222,1,0.9364,0.4094,1,0,0,0
0,105,82.98,71,5h 29m 49s,3.419,4,completioncredit_globalkl002_e5,Completion-wide credit + global KL 0.02,995,2.457,2.3e-07,122,0.02019,1455,45.76,20h 43m 35s,161.3,162.2,1,0,0,0,0,0,0.01716,-0.006162,-0.001462,0,0,0,1,34.71,39.82,1,32.96,0,1,0.02472,1.236,1,0.9391,0.3179,1,0,0,0
0,103,82.77,71,5h 32m 31s,3.423,4,completioncredit_globalkl002_e5,Completion-wide credit + global KL 0.02,996,4.373,2.3e-07,123,0.02631,1455,45.76,20h 40m 52s,161.8,162.2,1,0,0,0,0,0,0.03252,0.004941,0.002676,0,0,0,1,34.57,39.58,1,33.51,0,1,0.025,1.25,1,0.9722,0.4389,1,0,0,0
0,111,83.4,71,5h 35m 14s,3.426,4,completioncredit_globalkl002_e5,Completion-wide credit + global KL 0.02,997,3.079,2.3e-07,124,0.02554,1455,45.76,20h 38m 12s,162.5,162.2,1,0,0,0,0,0,0.02286,0.002433,-0.004351,0,0,0,1,35.81,41.19,1,32.41,0,1,0.02472,1.236,1,0.9939,0.4945,1,0,0,0
0,119,83.39,70,5h 37m 58s,3.43,4,completioncredit_globalkl002_e5,Completion-wide credit + global KL 0.02,998,5.112,2.2e-07,125,0.0228,1455,45.76,20h 35m 35s,163.4,162.2,1,0,0,0,0,0,0.02284,0.001394,-0.003705,0,0,0,1,34.93,40.05,1,34.03,0,1,0.02514,1.257,1,0.9012,0.6043,1,0,0,0
0,98,82.1,70,5h 40m 45s,3.433,4,completioncredit_globalkl002_e5,Completion-wide credit + global KL 0.02,999,3.76,2.2e-07,126,0.02267,1455,45.76,20h 33m 10s,166.8,162.3,1,0,0,0,0,0,0.01405,-0.003971,-0.007122,0,0,0,1,35,40.13,1,34.49,0,1,0.02514,1.257,1,0.9656,0.4486,1,0,0,0
0,105,82.69,71,5h 43m 28s,3.436,4,completioncredit_globalkl002_e5,Completion-wide credit + global KL 0.02,1000,5.02,2.2e-07,127,0.0239,1455,45.76,20h 30m 33s,163.4,162.3,1,0,0,0,0,0,0.0248,0.004702,-0.004806,0,0,0,1,34.71,39.8,1,35.11,0,1,0.025,1.25,1,0.9301,0.4369,1,0,0,0
0,111,82.3,70,5h 46m 11s,3.44,4,completioncredit_globalkl002_e5,Completion-wide credit + global KL 0.02,1001,3.859,2.2e-07,128,0.02667,1455,45.76,20h 27m 54s,162.9,162.3,1,0,0,0,0,0,0.02748,0.003368,-0.0007948,0,0,0,1,35.95,41.36,1,33.89,0,1,0.025,1.25,1,0.9284,0.5297,1,0,0,0
0,97,82.29,70,5h 48m 51s,3.443,4,completioncredit_globalkl002_e5,Completion-wide credit + global KL 0.02,1002,5.232,2.2e-07,129,0.02476,1455,45.76,20h 25m 1s,159.1,162.3,1,0,0,0,0,0,0.02544,0.00166,-0.001127,0,0,0,1,34.93,40.09,1,31.73,0,1,0.025,1.25,1,0.9484,0.477,1,0,0,0
0,98,82.87,71,5h 51m 41s,3.447,4,completioncredit_globalkl002_e5,Completion-wide credit + global KL 0.02,1003,5.379,2.2e-07,130,0.02556,1455,45.76,20h 22m 47s,170.1,162.3,1,0,0,0,0,0,0.02628,-0.001396,0.002774,0,0,0,1,35,40.19,1,34.37,0,1,0.02486,1.243,1,0.9698,0.4868,1,0,0,0
0,110,83.08,70,5h 54m 27s,3.45,4,completioncredit_globalkl002_e5,Completion-wide credit + global KL 0.02,1004,4.592,2.2e-07,131,0.02381,1455,45.76,20h 20m 16s,165.5,162.3,1,0,0,0,0,0,0.02567,-0.003362,0.003273,0,0,0,1,35,40.21,1,33.37,0,1,0.02569,1.285,1,0.8906,0.6456,1,0,0,0
0,112,83.82,70,5h 57m 12s,3.454,4,completioncredit_globalkl002_e5,Completion-wide credit + global KL 0.02,1005,4.776,2.2e-07,132,0.02562,1455,45.76,20h 17m 42s,164.6,162.4,1,0,0,0,0,0,0.0222,0.0007788,-0.002988,0,0,0,1,35.88,41.24,1,33.4,0,1,0.02444,1.222,1,0.91,0.2594,1,0,0,0
0,98,82.54,71,5h 59m 56s,3.457,4,completioncredit_globalkl002_e5,Completion-wide credit + global KL 0.02,1006,6.082,2.2e-07,133,0.0531,1455,45.76,20h 15m 6s,163.9,162.4,1,0,0,0,0,0,0.02163,-0.002004,-0.001513,0,0,0,1,34.64,39.78,1,32.48,0,1,0.02514,1.257,1,0.9944,0.577,1,0,0,0
0,97,83.27,71,6h 2m 35s,3.46,4,completioncredit_globalkl002_e5,Completion-wide credit + global KL 0.02,1007,3.346,2.2e-07,134,0.02297,1455,45.76,20h 12m 12s,158.7,162.3,1,0,0,0,0,0,0.02411,0.00212,-0.002302,0,0,0,1,34.93,40.11,1,33.14,0,1,0.02431,1.215,1,0.9061,0.3581,1,0,0,0
0,106,83.93,70,6h 5m 13s,3.464,4,completioncredit_globalkl002_e5,Completion-wide credit + global KL 0.02,1008,5.343,2.2e-07,135,0.02372,1455,45.76,20h 9m 17s,158.3,162.3,1,0,0,0,0,0,0.03037,0.003178,0.002782,0,0,0,1,35.59,40.97,1,31.85,0,1,0.02444,1.222,1,0.9201,0.399,1,0,0,0
0,109,83.92,71,6h 7m 55s,3.467,4,completioncredit_globalkl002_e5,Completion-wide credit + global KL 0.02,1009,3.245,2.1e-07,136,0.02523,1455,45.76,20h 6m 34s,161.8,162.3,1,0,0,0,0,0,0.02149,-0.0008838,-0.002528,0,0,0,1,34.86,40.01,1,34.07,0,1,0.02486,1.243,1,0.9625,0.5272,1,0,0,0
0,106,84.2,71,6h 10m 40s,3.471,4,completioncredit_globalkl002_e5,Completion-wide credit + global KL 0.02,1010,7.046,2.1e-07,137,0.02196,1455,45.76,20h 4m 1s,164.9,162.3,1,0,0,0,0,0,0.02108,0.0002761,-0.003126,0,0,0,1,35.59,40.91,1,34.11,0,1,0.02403,1.201,1,0.9265,0.3884,1,0,0,0
0,114,85,70,6h 13m 28s,3.474,4,completioncredit_globalkl002_e5,Completion-wide credit + global KL 0.02,1011,3.61,2.1e-07,138,0.03938,1455,45.76,20h 1m 36s,167.4,162.4,1,0,0,0,0,0,0.02728,-0.0001443,0.003501,0,0,0,1,36.17,41.62,1,32.94,0,1,0.02403,1.201,1,0.9436,0.4447,1,0,0,0
0,102,82.83,72,6h 16m 11s,3.478,4,completioncredit_globalkl002_e5,Completion-wide credit + global KL 0.02,1012,4.429,2.1e-07,139,0.01959,1455,45.76,19h 58m 54s,162.3,162.4,1,0,0,0,0,0,0.01937,-0.0009372,-0.004599,0,0,0,1,35.3,40.58,1,34.12,0,1,0.025,1.25,1,0.9276,0.4253,1,0,0,0
0,125,85.32,72,6h 18m 53s,3.481,4,completioncredit_globalkl002_e5,Completion-wide credit + global KL 0.02,1013,3.92,2.1e-07,140,0.03353,1455,45.76,19h 56m 11s,162,162.4,1,0,0,0,0,0,0.02682,0.001593,0.0009388,0,0,0,1,36.1,41.54,1,33.31,0,1,0.02431,1.215,1,0.9816,0.3435,1,0,0,0
0,106,84.36,73,6h 21m 35s,3.485,4,completioncredit_globalkl002_e5,Completion-wide credit + global KL 0.02,1014,4.861,2.1e-07,141,0.02253,1455,45.76,19h 53m 27s,161.7,162.4,1,0,0,0,0,0,0.02698,-0.002448,0.003795,0,0,0,1,34.86,39.96,1,32.21,0,1,0.02556,1.278,1,0.9542,0.3403,1,0,0,0
0,109,83.42,64,6h 24m 16s,3.488,4,completioncredit_globalkl002_e5,Completion-wide credit + global KL 0.02,1015,3.843,2.1e-07,142,0.02272,1455,45.76,19h 50m 41s,161,162.4,1,0,0,0,0,0,0.02678,0.003011,-0.0001576,0,0,0,1,34.86,39.96,1,32.7,0,1,0.02403,1.201,1,0.9317,0.5213,1,0,0,0
0,118,84.9,72,6h 27m 0s,3.491,4,completioncredit_globalkl002_e5,Completion-wide credit + global KL 0.02,1016,7.029,2.1e-07,143,0.02334,1455,45.76,19h 48m 5s,164.2,162.4,1,0,0,0,0,0,0.01885,-0.004199,-0.0007559,0,0,0,1,36.03,41.48,1,32.49,0,1,0.02375,1.188,1,0.9434,0.3652,1,0,0,0
0,107,85.22,72,6h 29m 50s,3.495,4,completioncredit_globalkl002_e5,Completion-wide credit + global KL 0.02,1017,4.862,2.1e-07,144,0.02533,1455,45.76,19h 45m 44s,169.2,162.4,1,0,0,0,0,0,0.02884,-0.0006647,0.005094,0,0,0,1,35.66,41.03,1,34.75,0,1,0.02444,1.222,1,0.9804,0.3006,1,0,0,0
0,115,84.1,72,6h 32m 37s,3.498,4,completioncredit_globalkl002_e5,Completion-wide credit + global KL 0.02,1018,3.377,2.1e-07,145,0.0241,1455,45.76,19h 43m 17s,167.5,162.5,1,0,0,0,0,0,0.02963,0.006695,-0.002215,0,0,0,1,34.71,39.78,1,31.86,0,1,0.02514,1.257,1,0.8376,0.7043,1,0,0,0
0,103,85.09,73,6h 35m 21s,3.502,4,completioncredit_globalkl002_e5,Completion-wide credit + global KL 0.02,1019,3.606,2.1e-07,146,0.0234,1455,45.76,19h 40m 37s,162.8,162.5,1,0,0,0,0,0,0.02355,-0.002569,0.001831,0,0,0,1,35,40.17,1,32.08,0,1,0.02431,1.215,1,0.9724,0.6261,1,0,0,0
0,105,85.06,75,6h 38m 4s,3.505,4,completioncredit_globalkl002_e5,Completion-wide credit + global KL 0.02,1020,5.448,2e-07,147,0.0236,1455,45.76,19h 37m 57s,163.1,162.5,1,0,0,0,0,0,0.0213,-0.004187,0.00071,0,0,0,1,34.93,40.09,1,35.91,0,1,0.02472,1.236,1,0.9947,0.4515,1,0,0,0
0,111,85.67,72,6h 40m 48s,3.509,4,completioncredit_globalkl002_e5,Completion-wide credit + global KL 0.02,1021,3.807,2e-07,148,0.04265,1455,45.76,19h 35m 18s,163.7,162.5,1,0,0,0,0,0,0.02323,0.001521,-0.002216,0,0,0,1,35.44,40.76,1,32.24,0,1,0.02403,1.201,1,0.9587,0.4401,1,0,0,0
0,106,84.99,72,6h 43m 32s,3.512,4,completioncredit_globalkl002_e5,Completion-wide credit + global KL 0.02,1022,4.238,2e-07,149,0.04272,1455,45.76,19h 32m 42s,164.2,162.5,1,0,0,0,0,0,0.02327,-0.0005445,-0.001083,0,0,0,1,35.37,40.68,1,33.25,0,1,0.025,1.25,1,0.9847,0.4176,1,0,0,0
0,110,85.92,72,6h 46m 16s,3.515,4,completioncredit_globalkl002_e5,Completion-wide credit + global KL 0.02,1023,5.102,2e-07,150,0.04606,1455,45.76,19h 30m 3s,163.7,162.5,1,0,0,0,0,0,0.02531,0.0001698,0.0007284,0,0,0,1,35.81,41.21,1,31.53,0,1,0.02444,1.222,1,0.9423,0.5917,1,0,0,0
0,112,84.72,73,6h 48m 58s,3.519,4,completioncredit_globalkl002_e5,Completion-wide credit + global KL 0.02,1024,4.445,2e-07,151,0.09431,1455,45.76,19h 27m 18s,161.2,162.5,1,0,0,0,0,0,0.04404,0.01887,0.000877,0,0,0,1,36.03,41.44,1,32.98,0,1,0.02431,1.215,1,0.9172,0.3509,1,0,0,0
0,113,86.65,75,6h 51m 43s,3.522,4,completioncredit_globalkl002_e5,Completion-wide credit + global KL 0.02,1025,4.065,2e-07,152,0.02071,1455,45.76,19h 24m 44s,165,162.5,1,0,0,0,0,0,0.02207,0.002162,-0.004992,0,0,0,1,35.88,41.28,1,33.34,0,1,0.025,1.25,1,0.932,0.4787,1,0,0,0
0,114,86.51,73,6h 54m 24s,3.526,4,completioncredit_globalkl002_e5,Completion-wide credit + global KL 0.02,1026,7.268,2e-07,153,0.0406,1455,45.76,19h 21m 55s,160.2,162.5,1,0,0,0,0,0,0.02328,0.004364,-0.005742,0,0,0,1,35.95,41.42,1,32.55,0,1,0.02458,1.229,1,0.8533,0.567,1,0,0,0
0,112,85.02,74,6h 57m 11s,3.529,4,completioncredit_globalkl002_e5,Completion-wide credit + global KL 0.02,1027,5.965,2e-07,154,0.03383,1455,45.76,19h 19m 26s,167.1,162.5,1,0,0,0,0,0,0.0217,0.0002217,-0.003667,0,0,0,1,35,40.15,1,32.28,0,1,0.02514,1.257,1,0.9541,0.4886,1,0,0,0
0,116,86.07,73,6h 59m 55s,3.533,4,completioncredit_globalkl002_e5,Completion-wide credit + global KL 0.02,1028,3.515,2e-07,155,0.0481,1455,45.76,19h 16m 47s,163.5,162.5,1,0,0,0,0,0,0.02475,-0.001273,0.001362,0,0,0,1,36.17,41.64,1,31.96,0,1,0.02458,1.229,1,0.8097,0.5172,1,0,0,0
0,119,85.33,72,7h 2m 40s,3.536,4,completioncredit_globalkl002_e5,Completion-wide credit + global KL 0.02,1029,7.97,2e-07,156,0.0544,1455,45.76,19h 14m 12s,165.1,162.6,1,0,0,0,0,0,0.01978,-0.004096,-0.001027,0,0,0,1,35.08,40.25,1,33.12,0,1,0.025,1.25,1,0.9894,0.346,1,0,0,0
0,109,85.24,73,7h 5m 18s,3.54,4,completioncredit_globalkl002_e5,Completion-wide credit + global KL 0.02,1030,3.329,2e-07,157,0.02189,1455,45.76,19h 11m 18s,157.9,162.5,1,0,0,0,0,0,0.02442,-0.004008,0.003042,0,0,0,1,35.37,40.62,1,32.71,0,1,0.02542,1.271,1,0.9407,0.4574,1,0,0,0
0,107,86.03,71,7h 8m 0s,3.543,4,completioncredit_globalkl002_e5,Completion-wide credit + global KL 0.02,1031,3.418,2e-07,158,0.0356,1455,45.76,19h 8m 34s,162,162.5,1,0,0,0,0,0,0.02331,0.000211,-0.001192,0,0,0,1,35,40.15,1,33.11,0,1,0.02431,1.215,1,0.9753,0.4833,1,0,0,0
0,116,85.81,73,7h 10m 39s,3.546,4,completioncredit_globalkl002_e5,Completion-wide credit + global KL 0.02,1032,7.11,1.9e-07,159,0.07766,1455,45.76,19h 5m 41s,158.2,162.5,1,0,0,0,0,0,0.1037,0.08026,-0.0008942,0,0,0,1,36.32,41.81,1,31.31,0,1,0.02431,1.215,1,0.966,0.3026,1,0,0,0
0,114,85.83,71,7h 13m 20s,3.55,4,completioncredit_globalkl002_e5,Completion-wide credit + global KL 0.02,1033,3.236,1.9e-07,160,0.0244,1455,45.76,19h 2m 54s,160.6,162.5,1,0,0,0,0,0,0.02451,0.000653,-0.001049,0,0,0,1,36.17,41.63,1,32.7,0,1,0.025,1.25,1,0.9269,0.3205,1,0,0,0
0,104,85.26,72,7h 15m 58s,3.553,4,completioncredit_globalkl002_e5,Completion-wide credit + global KL 0.02,1034,4.359,1.9e-07,161,0.02448,1455,45.76,19h 0m 2s,158.7,162.5,1,0,0,0,0,0,0.02092,0.0002548,-0.003988,0,0,0,1,34.93,40.07,1,31.91,0,1,0.02458,1.229,1,0.9397,0.3684,1,0,0,0
0,117,86.31,73,7h 18m 39s,3.557,4,completioncredit_globalkl002_e5,Completion-wide credit + global KL 0.02,1035,4.121,1.9e-07,162,0.02397,1455,45.76,18h 57m 14s,159.7,162.5,1,0,0,0,0,0,0.02224,-0.0009493,-0.0009841,0,0,0,1,35,40.11,1,31.29,0,1,0.02417,1.208,1,0.8532,0.3978,1,0,0,0
0,124,86.17,71,7h 21m 23s,3.56,4,completioncredit_globalkl002_e5,Completion-wide credit + global KL 0.02,1036,4.539,1.9e-07,163,0.0443,1455,45.76,18h 54m 36s,164,162.5,1,0,0,0,0,0,0.09879,0.07977,-0.005769,0,0,0,1,35.37,40.66,1,33.68,0,1,0.02472,1.236,1,0.9615,0.5752,1,0,0,0
0,124,85.94,72,7h 24m 5s,3.564,4,completioncredit_globalkl002_e5,Completion-wide credit + global KL 0.02,1037,2.931,1.9e-07,164,0.0229,1455,45.76,18h 51m 51s,161.4,162.5,1,0,0,0,0,0,0.01353,-0.005858,-0.005026,0,0,0,1,35.51,40.86,1,32.25,0,1,0.02444,1.222,1,0.8619,0.5774,1,0,0,0
0,122,85.25,73,7h 26m 52s,3.567,4,completioncredit_globalkl002_e5,Completion-wide credit + global KL 0.02,1038,3.811,1.9e-07,165,0.04459,1455,45.76,18h 49m 20s,166.8,162.5,1,0,0,0,0,0,0.1018,0.07695,0.0006269,0,0,0,1,35.15,40.42,1,33.31,0,1,0.02417,1.208,1,0.9887,0.3375,1,0,0,0
0,114,85.37,73,7h 29m 33s,3.57,4,completioncredit_globalkl002_e5,Completion-wide credit + global KL 0.02,1039,3.176,1.9e-07,166,0.04479,1455,45.76,18h 46m 34s,160.7,162.5,1,0,0,0,0,0,0.02441,4.046e-05,0.0004443,0,0,0,1,36.17,41.67,1,32.82,0,1,0.02403,1.201,1,0.9509,0.3156,1,0,0,0
0,112,86.44,71,7h 32m 11s,3.574,4,completioncredit_globalkl002_e5,Completion-wide credit + global KL 0.02,1040,3.222,1.9e-07,167,0.03461,1455,45.76,18h 43m 40s,157.7,162.5,1,0,0,0,0,0,0.01785,-0.004348,-0.001971,0,0,0,1,36.03,41.52,1,32.68,0,1,0.02417,1.208,1,0.9773,0.3645,1,0,0,0
0,119,86.62,73,7h 34m 54s,3.577,4,completioncredit_globalkl002_e5,Completion-wide credit + global KL 0.02,1041,5.305,1.9e-07,168,0.02863,1455,45.76,18h 40m 59s,162.8,162.5,1,0,0,0,0,0,0.02513,0.003633,-0.002799,0,0,0,1,36.03,41.48,1,33.59,0,1,0.02431,1.215,1,0.9901,0.325,1,0,0,0
0,115,86.35,71,7h 37m 39s,3.581,4,completioncredit_globalkl002_e5,Completion-wide credit + global KL 0.02,1042,6.939,1.9e-07,169,0.03826,1455,45.76,18h 38m 24s,165.3,162.5,1,0,0,0,0,0,0.01339,-0.005319,-0.00522,0,0,0,1,34.78,39.9,1,34.09,0,1,0.02403,1.201,1,0.9309,0.4803,1,0,0,0
0,118,87.6,70,7h 40m 26s,3.584,4,completioncredit_globalkl002_e5,Completion-wide credit + global KL 0.02,1043,3.346,1.9e-07,170,0.05233,1455,45.76,18h 35m 53s,167.1,162.5,1,0,0,0,0,0,0.1107,0.08767,-0.001253,0,0,0,1,35.88,41.28,1,34.66,0,1,0.02431,1.215,1,0.9802,0.4299,1,0,0,0
0,120,86.64,73,7h 43m 14s,3.588,4,completioncredit_globalkl002_e5,Completion-wide credit + global KL 0.02,1044,3.832,1.8e-07,171,0.02403,1455,45.76,18h 33m 24s,167.6,162.5,1,0,0,0,0,0,0.02798,0.001279,0.002412,0,0,0,1,36.61,42.18,1,33,0,1,0.02431,1.215,1,0.956,0.4621,1,0,0,0
0,108,86.9,73,7h 45m 58s,3.591,4,completioncredit_globalkl002_e5,Completion-wide credit + global KL 0.02,1045,2.796,1.8e-07,172,0.02412,1455,45.76,18h 30m 45s,163.8,162.5,1,0,0,0,0,0,0.02216,-0.005133,0.003365,0,0,0,1,35.73,41.09,1,31.26,0,1,0.02389,1.194,1,0.967,0.4779,1,0,0,0
0,119,87.12,74,7h 48m 44s,3.595,4,completioncredit_globalkl002_e5,Completion-wide credit + global KL 0.02,1046,3.648,1.8e-07,173,0.01977,1455,45.76,18h 28m 11s,166,162.6,1,0,0,0,0,0,0.01421,-0.005427,-0.004292,0,0,0,1,36.1,41.52,1,33.39,0,1,0.02389,1.194,1,0.9786,0.3666,1,0,0,0
0,115,86.92,72,7h 51m 28s,3.598,4,completioncredit_globalkl002_e5,Completion-wide credit + global KL 0.02,1047,10.2,1.8e-07,174,0.04268,1455,45.76,18h 25m 31s,163.6,162.6,1,0,0,0,0,0,0.09454,0.07203,-0.001418,0,0,0,1,35.51,40.85,1,31.88,0,1,0.02403,1.201,1,0.9757,0.3141,1,0,0,0
0,108,86.77,75,7h 54m 12s,3.601,4,completioncredit_globalkl002_e5,Completion-wide credit + global KL 0.02,1048,3.238,1.8e-07,175,0.05008,1455,45.76,18h 22m 51s,163.2,162.6,1,0,0,0,0,0,0.02778,0.001692,0.001923,0,0,0,1,35.73,41.11,1,32.71,0,1,0.02417,1.208,1,0.9796,0.4065,1,0,0,0
0,117,86.78,73,7h 57m 1s,3.605,4,completioncredit_globalkl002_e5,Completion-wide credit + global KL 0.02,1049,5.168,1.8e-07,176,0.03717,1455,45.76,18h 20m 24s,169.3,162.6,1,0,0,0,0,0,0.0224,-0.001906,0.000381,0,0,0,1,36.39,41.91,1,33.1,0,1,0.02389,1.194,1,0.961,0.455,1,0,0,0
0,115,87.26,64,7h 59m 44s,3.608,4,completioncredit_globalkl002_e5,Completion-wide credit + global KL 0.02,1050,7.978,1.8e-07,177,0.06346,1455,45.76,18h 17m 41s,162.3,162.6,1,0,0,0,0,0,0.1818,0.1559,0.002568,0,0,0,1,35.88,41.24,1,33.3,0,1,0.02333,1.167,1,0.9522,0.5099,1,0,0,0
0,115,86.95,70,8h 2m 28s,3.612,4,completioncredit_globalkl002_e5,Completion-wide credit + global KL 0.02,1051,3.722,1.8e-07,178,0.05403,1455,45.76,18h 15m 3s,164.2,162.6,1,0,0,0,0,0,0.1218,0.1023,-0.004412,0,0,0,1,35.73,41.11,1,34.05,0,1,0.02389,1.194,1,0.9368,0.4369,1,0,0,0
0,121,87.15,73,8h 5m 14s,3.615,4,completioncredit_globalkl002_e5,Completion-wide credit + global KL 0.02,1052,3.32,1.8e-07,179,0.03119,1455,45.76,18h 12m 27s,165.5,162.6,1,0,0,0,0,0,0.04967,0.02453,0.0004749,0,0,0,1,36.68,42.24,1,32.82,0,1,0.02458,1.229,1,0.9003,0.6154,1,0,0,0
0,117,87.19,72,8h 7m 56s,3.619,4,completioncredit_globalkl002_e5,Completion-wide credit + global KL 0.02,1053,7.877,1.8e-07,180,0.02959,1455,45.76,18h 9m 42s,161.4,162.6,1,0,0,0,0,0,0.05496,0.03117,-0.0009976,0,0,0,1,35.44,40.7,1,32.64,0,1,0.02472,1.236,1,0.8683,0.3337,1,0,0,0
0,114,86.26,71,8h 10m 37s,3.622,4,completioncredit_globalkl002_e5,Completion-wide credit + global KL 0.02,1054,6.367,1.8e-07,181,0.02309,1455,45.76,18h 6m 58s,161.7,162.6,1,0,0,0,0,0,0.02233,-0.002479,0.0005192,0,0,0,1,36.17,41.62,1,31.01,0,1,0.02431,1.215,1,0.9671,0.5345,1,0,0,0
0,117,87.58,70,8h 13m 16s,3.625,4,completioncredit_globalkl002_e5,Completion-wide credit + global KL 0.02,1055,5.531,1.8e-07,182,0.02741,1455,45.76,18h 4m 7s,158.8,162.6,1,0,0,0,0,0,0.03577,0.01156,0.0004035,0,0,0,1,36.1,41.56,1,31.91,0,1,0.02375,1.188,1,0.8753,0.5253,1,0,0,0
0,119,86.6,73,8h 16m 4s,3.629,4,completioncredit_globalkl002_e5,Completion-wide credit + global KL 0.02,1056,4.806,1.7e-07,183,0.04089,1455,45.76,18h 1m 36s,167.7,162.6,1,0,0,0,0,0,0.02429,0.002399,-0.002526,0,0,0,1,36.54,42.06,1,33.76,0,1,0.02444,1.222,1,0.9749,0.5593,1,0,0,0
0,115,86.42,64,8h 18m 44s,3.632,4,completioncredit_globalkl002_e5,Completion-wide credit + global KL 0.02,1057,5.149,1.7e-07,184,0.02279,1455,45.76,17h 58m 48s,159.8,162.6,1,0,0,0,0,0,0.02679,0.001581,0.001034,0,0,0,1,36.24,41.73,1,32.19,0,1,0.02417,1.208,1,0.9462,0.5138,1,0,0,0
0,110,86.85,71,8h 21m 30s,3.636,4,completioncredit_globalkl002_e5,Completion-wide credit + global KL 0.02,1058,3.347,1.7e-07,185,0.05853,1455,45.76,17h 56m 12s,165.5,162.6,1,0,0,0,0,0,0.081,0.05366,0.00342,0,0,0,1,35.88,41.27,1,33.97,0,1,0.02403,1.201,1,0.9482,0.4014,1,0,0,0
0,121,85.97,70,8h 24m 14s,3.639,4,completioncredit_globalkl002_e5,Completion-wide credit + global KL 0.02,1059,6.042,1.7e-07,186,0.04049,1455,45.76,17h 53m 32s,163.9,162.7,1,0,0,0,0,0,0.0225,0.001845,-0.003762,0,0,0,1,35.37,40.6,1,34.82,0,1,0.02444,1.222,1,0.9428,0.4456,1,0,0,0
0,111,85.9,72,8h 26m 59s,3.643,4,completioncredit_globalkl002_e5,Completion-wide credit + global KL 0.02,1060,4.083,1.7e-07,187,0.0312,1455,45.76,17h 50m 54s,164.4,162.7,1,0,0,0,0,0,0.05669,0.03037,0.001658,0,0,0,1,35.95,41.36,1,35.11,0,1,0.02458,1.229,1,0.8938,0.4142,1,0,0,0
0,118,86.83,72,8h 29m 40s,3.646,4,completioncredit_globalkl002_e5,Completion-wide credit + global KL 0.02,1061,2.842,1.7e-07,188,0.03845,1455,45.76,17h 48m 7s,160.4,162.7,1,0,0,0,0,0,0.02416,0.002923,-0.003544,0,0,0,1,36.46,42.01,1,32.59,0,1,0.02472,1.236,1,0.9389,0.5831,1,0,0,0
0,104,85.56,73,8h 32m 19s,3.649,4,completioncredit_globalkl002_e5,Completion-wide credit + global KL 0.02,1062,3.05,1.7e-07,189,0.04268,1455,45.76,17h 45m 17s,158.8,162.6,1,0,0,0,0,0,0.02099,-0.003499,0.0003197,0,0,0,1,35.22,40.46,1,31.32,0,1,0.02417,1.208,1,0.9512,0.3698,1,0,0,0
0,112,86.08,70,8h 35m 0s,3.653,4,completioncredit_globalkl002_e5,Completion-wide credit + global KL 0.02,1063,5.304,1.7e-07,190,0.02118,1455,45.76,17h 42m 32s,161.7,162.6,1,0,0,0,0,0,0.02252,0.0004957,-0.002753,0,0,0,1,35.81,41.15,1,32.78,0,1,0.02472,1.236,1,0.9616,0.5699,1,0,0,0
0,106,86.17,65,8h 37m 42s,3.656,4,completioncredit_globalkl002_e5,Completion-wide credit + global KL 0.02,1064,5.983,1.7e-07,191,0.04521,1455,45.76,17h 39m 49s,161.8,162.6,1,0,0,0,0,0,0.1058,0.07893,0.00311,0,0,0,1,35.59,40.91,1,32.9,0,1,0.02375,1.188,1,0.9889,0.4401,1,0,0,0
0,131,87.12,71,8h 40m 25s,3.66,4,completioncredit_globalkl002_e5,Completion-wide credit + global KL 0.02,1065,3.249,1.7e-07,192,0.08255,1455,45.76,17h 37m 6s,162.5,162.6,1,0,0,0,0,0,0.03276,0.002679,0.00542,0,0,0,1,35.15,40.38,1,33.66,0,1,0.02458,1.229,1,0.9804,0.4263,1,0,0,0
0,105,85.31,72,8h 43m 3s,3.663,4,completioncredit_globalkl002_e5,Completion-wide credit + global KL 0.02,1066,4.868,1.7e-07,193,0.02298,1455,45.76,17h 34m 14s,157.7,162.6,1,0,0,0,0,0,0.02448,0.002666,-0.00236,0,0,0,1,35.51,40.84,1,32.74,0,1,0.02417,1.208,1,0.9511,0.4737,1,0,0,0
0,138,86.12,73,8h 45m 53s,3.667,4,completioncredit_globalkl002_e5,Completion-wide credit + global KL 0.02,1067,4.586,1.7e-07,194,0.02353,1455,45.76,17h 31m 46s,169.6,162.6,1,0,0,0,0,0,0.02172,0.002465,-0.004546,0,0,0,1,35.73,41.11,1,34.14,0,1,0.02375,1.188,1,0.9782,0.4356,1,0,0,0
0,105,85.03,72,8h 48m 32s,3.67,4,completioncredit_globalkl002_e5,Completion-wide credit + global KL 0.02,1068,5.315,1.6e-07,195,0.07621,1455,45.76,17h 28m 56s,158.5,162.6,1,0,0,0,0,0,0.0979,0.06942,0.003826,0,0,0,1,35.08,40.31,1,31.64,0,1,0.02458,1.229,1,0.9269,0.6426,1,0,0,0
0,142,84.95,70,8h 51m 14s,3.674,4,completioncredit_globalkl002_e5,Completion-wide credit + global KL 0.02,1069,3.868,1.6e-07,196,0.04336,1455,45.76,17h 26m 12s,161.8,162.6,1,0,0,0,0,0,0.101,0.07318,0.004459,0,0,0,1,35.44,40.78,1,32.5,0,1,0.02333,1.167,1,0.9879,0.295,1,0,0,0
0,109,85.4,71,8h 53m 56s,3.677,4,completioncredit_globalkl002_e5,Completion-wide credit + global KL 0.02,1070,3.235,1.6e-07,197,0.05864,1455,45.76,17h 23m 29s,162.4,162.6,1,0,0,0,0,0,0.02987,0.00688,-0.0009333,0,0,0,1,35.81,41.19,1,33.38,0,1,0.02389,1.194,1,0.9517,0.4455,1,0,0,0
0,118,84.52,72,8h 56m 43s,3.68,4,completioncredit_globalkl002_e5,Completion-wide credit + global KL 0.02,1071,3.365,1.6e-07,198,0.03275,1455,45.76,17h 20m 53s,165.9,162.6,1,0,0,0,0,0,0.01963,-0.003481,-0.000814,0,0,0,1,35.22,40.44,1,32.29,0,1,0.02403,1.201,1,0.9526,0.4059,1,0,0,0
0,127,85.92,67,8h 59m 24s,3.684,4,completioncredit_globalkl002_e5,Completion-wide credit + global KL 0.02,1072,3.368,1.6e-07,199,0.03539,1455,45.76,17h 18m 9s,161.2,162.6,1,0,0,0,0,0,0.01895,-0.001924,-0.003909,0,0,0,1,35.95,41.38,1,31.34,0,1,0.02472,1.236,1,0.997,0.3555,1,0,0,0
0,118,85.01,74,9h 2m 8s,3.687,4,completioncredit_globalkl002_e5,Completion-wide credit + global KL 0.02,1073,7.663,1.6e-07,200,0.03697,1455,45.76,17h 15m 28s,163.7,162.6,1,0,0,0,0,0,0.02147,-0.002272,-0.001036,0,0,0,1,35.37,40.66,1,32.67,0,1,0.02472,1.236,1,0.953,0.4224,1,0,0,0
0,110,85.49,71,9h 4m 53s,3.691,4,completioncredit_globalkl002_e5,Completion-wide credit + global KL 0.02,1074,4.554,1.6e-07,201,0.03546,1455,45.76,17h 12m 49s,164.4,162.6,1,0,0,0,0,0,0.02344,-0.001323,0.0001013,0,0,0,1,35.81,41.19,1,33.82,0,1,0.02458,1.229,1,0.9604,0.6494,1,0,0,0
0,138,85.51,71,9h 7m 39s,3.694,4,completioncredit_globalkl002_e5,Completion-wide credit + global KL 0.02,1075,4.204,1.6e-07,202,0.05382,1455,45.76,17h 10m 15s,166.6,162.7,1,0,0,0,0,0,0.08028,0.05455,0.0008303,0,0,0,1,35,40.11,1,35.96,0,1,0.02486,1.243,1,0.9894,0.4111,1,0,0,0
0,112,84.74,73,9h 10m 21s,3.698,4,completioncredit_globalkl002_e5,Completion-wide credit + global KL 0.02,1076,7.162,1.6e-07,203,0.04943,1455,45.76,17h 7m 30s,161.2,162.7,1,0,0,0,0,0,0.02879,0.004526,0.000339,0,0,0,1,35.22,40.46,1,34.07,0,1,0.02389,1.194,1,0.8697,0.5364,1,0,0,0
0,113,85.04,68,9h 13m 2s,3.701,4,completioncredit_globalkl002_e5,Completion-wide credit + global KL 0.02,1077,4.29,1.6e-07,204,0.02727,1455,45.76,17h 4m 44s,160.7,162.7,1,0,0,0,0,0,0.02349,0.0003107,-0.002575,0,0,0,1,35.73,41.11,1,32.16,0,1,0.02569,1.285,1,0.888,0.5436,1,0,0,0
0,113,84.47,71,9h 15m 42s,3.704,4,completioncredit_globalkl002_e5,Completion-wide credit + global KL 0.02,1078,5.18,1.6e-07,205,0.04509,1455,45.76,17h 1m 56s,159.6,162.6,1,0,0,0,0,0,0.03783,0.008999,0.004171,0,0,0,1,36.1,41.54,1,32.19,0,1,0.02458,1.229,1,0.9382,0.2994,1,0,0,0
0,106,84.33,68,9h 18m 26s,3.708,4,completioncredit_globalkl002_e5,Completion-wide credit + global KL 0.02,1079,4.455,1.6e-07,206,0.03332,1455,45.76,16h 59m 16s,164.1,162.7,1,0,0,0,0,0,0.03429,0.004643,0.004744,0,0,0,1,35.08,40.31,1,32.83,0,1,0.025,1.25,1,0.993,0.4533,1,0,0,0
0,100,84.2,68,9h 21m 15s,3.711,4,completioncredit_globalkl002_e5,Completion-wide credit + global KL 0.02,1080,3.576,1.6e-07,207,0.04125,1455,45.76,16h 56m 45s,168.2,162.7,1,0,0,0,0,0,0.02697,0.0008892,0.001424,0,0,0,1,34.93,40.03,1,36.06,0,1,0.02458,1.229,1,0.9494,0.5032,1,0,0,0
0,116,85.02,72,9h 24m 6s,3.715,4,completioncredit_globalkl002_e5,Completion-wide credit + global KL 0.02,1081,4.652,1.5e-07,208,0.0451,1455,45.76,16h 54m 17s,170.8,162.7,1,0,0,0,0,0,0.09088,0.05987,0.005257,0,0,0,1,35.3,40.56,1,33.46,0,1,0.02569,1.285,1,0.9278,0.5901,1,0,0,0
0,117,84.8,74,9h 26m 52s,3.718,4,completioncredit_globalkl002_e5,Completion-wide credit + global KL 0.02,1082,3.589,1.5e-07,209,0.02558,1455,45.76,16h 51m 41s,166.2,162.7,1,0,0,0,0,0,0.04516,0.0257,-0.005204,0,0,0,1,36.39,41.89,1,35.26,0,1,0.02458,1.229,1,0.9845,0.4544,1,0,0,0
0,103,83.26,71,9h 29m 33s,3.722,4,completioncredit_globalkl002_e5,Completion-wide credit + global KL 0.02,1083,3.918,1.5e-07,210,0.02501,1455,45.76,16h 48m 56s,161.2,162.7,1,0,0,0,0,0,0.02687,-0.001598,0.003079,0,0,0,1,34.93,40.07,1,30.93,0,1,0.02542,1.271,1,0.8936,0.6428,1,0,0,0
0,114,83.57,69,9h 32m 22s,3.725,4,completioncredit_globalkl002_e5,Completion-wide credit + global KL 0.02,1084,3.063,1.5e-07,211,0.02401,1455,45.76,16h 46m 23s,167.5,162.8,1,0,0,0,0,0,0.02767,0.0006219,0.002634,0,0,0,1,35,40.15,1,33.6,0,1,0.02444,1.222,1,0.9536,0.4826,1,0,0,0
0,108,84.17,68,9h 35m 3s,3.729,4,completioncredit_globalkl002_e5,Completion-wide credit + global KL 0.02,1085,4.552,1.5e-07,212,0.02762,1455,45.76,16h 43m 38s,161.4,162.8,1,0,0,0,0,0,0.02426,0.000631,-0.0002958,0,0,0,1,34.78,39.94,1,30.81,0,1,0.02403,1.201,1,0.9962,0.6211,1,0,0,0
0,106,84.72,70,9h 37m 43s,3.732,4,completioncredit_globalkl002_e5,Completion-wide credit + global KL 0.02,1086,5.305,1.5e-07,213,0.02389,1455,45.76,16h 40m 50s,159.8,162.7,1,0,0,0,0,0,0.02733,0.003417,-0.0008623,0,0,0,1,35.59,40.91,1,30.96,0,1,0.02472,1.236,1,0.9508,0.5225,1,0,0,0
0,107,84.05,72,9h 40m 25s,3.735,4,completioncredit_globalkl002_e5,Completion-wide credit + global KL 0.02,1087,4.873,1.5e-07,214,0.0327,1455,45.76,16h 38m 7s,161.9,162.7,1,0,0,0,0,0,0.02956,0.001128,0.002551,0,0,0,1,35.22,40.48,1,32.46,0,1,0.02597,1.299,1,0.8596,0.4321,1,0,0,0
0,113,84.18,71,9h 43m 5s,3.739,4,completioncredit_globalkl002_e5,Completion-wide credit + global KL 0.02,1088,3.197,1.5e-07,215,0.02493,1455,45.76,16h 35m 19s,159.7,162.7,1,0,0,0,0,0,0.02917,0.006678,-0.002899,0,0,0,1,36.1,41.56,1,32.86,0,1,0.02542,1.271,1,0.9568,0.5898,1,0,0,0
0,113,84.43,67,9h 45m 52s,3.742,4,completioncredit_globalkl002_e5,Completion-wide credit + global KL 0.02,1089,6.661,1.5e-07,216,0.02529,1455,45.76,16h 32m 44s,166.8,162.7,1,0,0,0,0,0,0.02643,0.001639,-0.0001079,0,0,0,1,36.1,41.56,1,31.62,0,1,0.02486,1.243,1,0.9636,0.4328,1,0,0,0
0,101,84.76,71,9h 48m 38s,3.746,4,completioncredit_globalkl002_e5,Completion-wide credit + global KL 0.02,1090,3.34,1.5e-07,217,0.03729,1455,45.76,16h 30m 6s,165.4,162.8,1,0,0,0,0,0,0.04533,0.0217,-0.0002967,0,0,0,1,35.22,40.5,1,32.8,0,1,0.02403,1.201,1,0.9647,0.4935,1,0,0,0
0,107,83.81,69,9h 51m 24s,3.749,4,completioncredit_globalkl002_e5,Completion-wide credit + global KL 0.02,1091,3.323,1.5e-07,218,0.02769,1455,45.76,16h 27m 28s,165.3,162.8,1,0,0,0,0,0,0.02441,0.0008504,-0.002074,0,0,0,1,34.86,40.01,1,32.94,0,1,0.02556,1.278,1,0.9403,0.6034,1,0,0,0
0,109,83.83,70,9h 54m 6s,3.753,4,completioncredit_globalkl002_e5,Completion-wide credit + global KL 0.02,1092,3.586,1.5e-07,219,0.02688,1455,45.76,16h 24m 45s,162.4,162.8,1,0,0,0,0,0,0.02383,-0.001022,-4.574e-05,0,0,0,1,35.51,40.83,1,31.63,0,1,0.025,1.25,1,0.9833,0.58,1,0,0,0
0,115,84.21,73,9h 56m 50s,3.756,4,completioncredit_globalkl002_e5,Completion-wide credit + global KL 0.02,1093,4.276,1.5e-07,220,0.04065,1455,45.76,16h 22m 4s,163.6,162.8,1,0,0,0,0,0,0.01732,-0.001425,-0.005425,0,0,0,1,35.88,41.28,1,33.87,0,1,0.02417,1.208,1,0.9882,0.3818,1,0,0,0
0,111,84.1,71,9h 59m 30s,3.759,4,completioncredit_globalkl002_e5,Completion-wide credit + global KL 0.02,1094,3.29,1.4e-07,221,0.02486,1455,45.76,16h 19m 16s,159.6,162.8,1,0,0,0,0,0,0.01891,-0.006462,0.0002254,0,0,0,1,35,40.13,1,32.89,0,1,0.02514,1.257,1,0.9798,0.4397,1,0,0,0
0,116,84.95,72,10h 2m 12s,3.763,4,completioncredit_globalkl002_e5,Completion-wide credit + global KL 0.02,1095,2.718,1.4e-07,222,0.03774,1455,45.76,16h 16m 32s,161.6,162.8,1,0,0,0,0,0,0.02697,0.002244,-0.0004187,0,0,0,1,36.03,41.46,1,33.14,0,1,0.02514,1.257,1,0.9289,0.349,1,0,0,0
0,106,85.99,73,10h 4m 55s,3.766,4,completioncredit_globalkl002_e5,Completion-wide credit + global KL 0.02,1096,4.313,1.4e-07,223,0.02835,1455,45.76,16h 13m 50s,163.3,162.8,1,0,0,0,0,0,0.02542,0.0005154,0.0009784,0,0,0,1,35.3,40.56,1,33.21,0,1,0.02389,1.194,1,0.9535,0.3575,1,0,0,0
0,119,83.97,73,10h 7m 35s,3.77,4,completioncredit_globalkl002_e5,Completion-wide credit + global KL 0.02,1097,3.794,1.4e-07,224,0.04289,1455,45.76,16h 11m 2s,159.2,162.7,1,0,0,0,0,0,0.04123,0.0219,-0.004961,0,0,0,1,35.15,40.38,1,31.59,0,1,0.02431,1.215,1,0.9616,0.4465,1,0,0,0
0,103,85.12,71,10h 10m 15s,3.773,4,completioncredit_globalkl002_e5,Completion-wide credit + global KL 0.02,1098,4.444,1.4e-07,225,0.04042,1455,45.76,16h 8m 16s,160.5,162.7,1,0,0,0,0,0,0.02292,-0.002654,0.0003054,0,0,0,1,35.08,40.31,1,33.72,0,1,0.02528,1.264,1,0.9308,0.5539,1,0,0,0
0,117,85.41,70,10h 12m 58s,3.777,4,completioncredit_globalkl002_e5,Completion-wide credit + global KL 0.02,1099,6.428,1.4e-07,226,0.03885,1455,45.76,16h 5m 33s,162,162.7,1,0,0,0,0,0,0.08018,0.05431,0.001457,0,0,0,1,36.39,41.91,1,31.78,0,1,0.02444,1.222,1,0.9826,0.2686,1,0,0,0
0,108,84.19,72,10h 15m 37s,3.78,4,completioncredit_globalkl002_e5,Completion-wide credit + global KL 0.02,1100,4.603,1.4e-07,227,0.02354,1455,45.76,16h 2m 45s,159.4,162.7,1,0,0,0,0,0,0.02632,0.00397,-0.003286,0,0,0,1,35.08,40.25,1,33.37,0,1,0.02556,1.278,1,0.9241,0.5159,1,0,0,0
0,115,85.17,71,10h 18m 18s,3.784,4,completioncredit_globalkl002_e5,Completion-wide credit + global KL 0.02,1101,4.798,1.4e-07,228,0.04377,1455,45.76,15h 59m 60s,160.6,162.7,1,0,0,0,0,0,0.06134,0.03981,-0.00276,0,0,0,1,35.37,40.6,1,32.13,0,1,0.02431,1.215,1,0.9833,0.4348,1,0,0,0
0,105,84.67,68,10h 20m 60s,3.787,4,completioncredit_globalkl002_e5,Completion-wide credit + global KL 0.02,1102,4.133,1.4e-07,229,0.0228,1455,45.76,15h 57m 15s,161.3,162.7,1,0,0,0,0,0,0.02415,0.0006965,-0.0008348,0,0,0,1,35.51,40.83,1,33.37,0,1,0.02431,1.215,1,0.9473,0.291,1,0,0,0
0,115,85.02,70,10h 23m 45s,3.79,4,completioncredit_globalkl002_e5,Completion-wide credit + global KL 0.02,1103,4.124,1.4e-07,230,0.02421,1455,45.76,15h 54m 36s,164.7,162.7,1,0,0,0,0,0,0.02247,-0.004373,0.002187,0,0,0,1,35.81,41.19,1,33.89,0,1,0.02458,1.229,1,0.9835,0.4066,1,0,0,0
0,108,86.03,71,10h 26m 27s,3.794,4,completioncredit_globalkl002_e5,Completion-wide credit + global KL 0.02,1104,4.283,1.4e-07,231,0.02145,1455,45.76,15h 51m 52s,161.9,162.7,1,0,0,0,0,0,0.02257,-0.002802,0.0001033,0,0,0,1,35.3,40.54,1,34.33,0,1,0.02528,1.264,1,0.9815,0.467,1,0,0,0
0,122,86.15,71,10h 29m 8s,3.797,4,completioncredit_globalkl002_e5,Completion-wide credit + global KL 0.02,1105,4.931,1.4e-07,232,0.04458,1455,45.76,15h 49m 7s,160.8,162.7,1,0,0,0,0,0,0.02877,0.001027,0.002963,0,0,0,1,36.76,42.36,1,31.91,0,1,0.02472,1.236,1,0.9921,0.4139,1,0,0,0
0,110,84.04,65,10h 31m 51s,3.801,4,completioncredit_globalkl002_e5,Completion-wide credit + global KL 0.02,1106,7.291,1.4e-07,233,0.02685,1455,45.76,15h 46m 25s,163,162.7,1,0,0,0,0,0,0.02682,0.002128,-0.001068,0,0,0,1,35.88,41.28,1,33.96,0,1,0.02569,1.285,1,0.9383,0.7131,1,0,0,0
0,105,84.59,74,10h 34m 31s,3.804,4,completioncredit_globalkl002_e5,Completion-wide credit + global KL 0.02,1107,4.737,1.3e-07,234,0.04357,1455,45.76,15h 43m 39s,160.1,162.7,1,0,0,0,0,0,0.03097,0.007305,-0.0009902,0,0,0,1,34.57,39.58,1,31.61,0,1,0.02458,1.229,1,0.9512,0.4016,1,0,0,0
0,110,85.6,73,10h 37m 12s,3.808,4,completioncredit_globalkl002_e5,Completion-wide credit + global KL 0.02,1108,6.094,1.3e-07,235,0.03527,1455,45.76,15h 40m 53s,160.2,162.7,1,0,0,0,0,0,0.02519,0.001179,-0.0008929,0,0,0,1,35.88,41.32,1,32.07,0,1,0.025,1.25,1,0.92,0.3251,1,0,0,0
0,108,86.21,72,10h 39m 52s,3.811,4,completioncredit_globalkl002_e5,Completion-wide credit + global KL 0.02,1109,3.631,1.3e-07,236,0.02344,1455,45.76,15h 38m 7s,160.1,162.7,1,0,0,0,0,0,0.01839,-0.00128,-0.003524,0,0,0,1,35.73,41.11,1,32.64,0,1,0.02319,1.16,1,0.989,0.4678,1,0,0,0
0,105,85.37,73,10h 42m 42s,3.814,4,completioncredit_globalkl002_e5,Completion-wide credit + global KL 0.02,1110,3.996,1.3e-07,237,0.02863,1455,45.76,15h 35m 34s,169.3,162.7,1,0,0,0,0,0,0.02901,0.006471,-0.002119,0,0,0,1,35.37,40.64,1,33.46,0,1,0.02458,1.229,1,0.9458,0.4177,1,0,0,0
0,113,84.26,70,10h 45m 25s,3.818,4,completioncredit_globalkl002_e5,Completion-wide credit + global KL 0.02,1111,4.995,1.3e-07,238,0.02234,1455,45.76,15h 32m 52s,163.3,162.7,1,0,0,0,0,0,0.02055,0.000219,-0.004574,0,0,0,1,35.3,40.54,1,30.96,0,1,0.025,1.25,1,0.9509,0.5027,1,0,0,0
0,138,85.03,74,10h 48m 6s,3.821,4,completioncredit_globalkl002_e5,Completion-wide credit + global KL 0.02,1112,5.212,1.3e-07,239,0.02165,1455,45.76,15h 30m 8s,161.1,162.7,1,0,0,0,0,0,0.02034,-0.002589,-0.0009958,0,0,0,1,35.95,41.36,1,33.6,0,1,0.02403,1.201,1,0.9691,0.1723,1,0,0,0
0,115,86.03,69,10h 50m 51s,3.825,4,completioncredit_globalkl002_e5,Completion-wide credit + global KL 0.02,1113,2.915,1.3e-07,240,0.03491,1455,45.76,15h 27m 27s,164,162.7,1,0,0,0,0,0,0.01869,-0.004972,-0.001118,0,0,0,1,36.24,41.71,1,35.06,0,1,0.02472,1.236,1,0.9935,0.326,1,0,0,0
0,120,86.65,73,10h 53m 33s,3.828,4,completioncredit_globalkl002_e5,Completion-wide credit + global KL 0.02,1114,4.606,1.3e-07,241,0.03523,1455,45.76,15h 24m 44s,162.4,162.7,1,0,0,0,0,0,0.06509,0.03871,0.001607,0,0,0,1,36.61,42.18,1,32.89,0,1,0.02472,1.236,1,0.9526,0.4204,1,0,0,0
0,109,84.99,71,10h 56m 15s,3.832,4,completioncredit_globalkl002_e5,Completion-wide credit + global KL 0.02,1115,3.173,1.3e-07,242,0.02118,1455,45.76,15h 22m 0s,161.6,162.7,1,0,0,0,0,0,0.01604,-0.006009,-0.002727,0,0,0,1,35.81,41.21,1,32.01,0,1,0.02472,1.236,1,0.9795,0.3675,1,0,0,0
0,108,85.5,70,10h 59m 4s,3.835,4,completioncredit_globalkl002_e5,Completion-wide credit + global KL 0.02,1116,5.712,1.3e-07,243,0.02232,1455,45.76,15h 19m 26s,168.7,162.7,1,0,0,0,0,0,0.02147,0.0001875,-0.003371,0,0,0,1,35.51,40.83,1,36.74,0,1,0.02458,1.229,1,0.9783,0.4044,1,0,0,0
0,111,84.44,72,11h 1m 43s,3.838,4,completioncredit_globalkl002_e5,Completion-wide credit + global KL 0.02,1117,8.225,1.3e-07,244,0.03637,1455,45.76,15h 16m 39s,158.9,162.7,1,0,0,0,0,0,0.02789,0.0002035,0.003027,0,0,0,1,34.71,39.76,1,32.39,0,1,0.02458,1.229,1,0.9688,0.5165,1,0,0,0
0,111,86.39,70,11h 4m 25s,3.842,4,completioncredit_globalkl002_e5,Completion-wide credit + global KL 0.02,1118,4.339,1.3e-07,245,0.03659,1455,45.76,15h 13m 55s,161.8,162.7,1,0,0,0,0,0,0.06104,0.03247,0.004147,0,0,0,1,35.59,40.93,1,32.87,0,1,0.02444,1.222,1,0.9912,0.4071,1,0,0,0
0,111,87.22,72,11h 7m 5s,3.845,4,completioncredit_globalkl002_e5,Completion-wide credit + global KL 0.02,1119,6.425,1.3e-07,246,0.02849,1455,45.76,15h 11m 9s,159.8,162.7,1,0,0,0,0,0,0.02425,0.0005656,-0.001952,0,0,0,1,35.37,40.66,1,32.9,0,1,0.02556,1.278,1,0.9513,0.2858,1,0,0,0
0,109,86.03,71,11h 9m 49s,3.849,4,completioncredit_globalkl002_e5,Completion-wide credit + global KL 0.02,1120,4.75,1.3e-07,247,0.02453,1455,45.76,15h 8m 27s,163.4,162.7,1,0,0,0,0,0,0.0224,-0.003274,0.001507,0,0,0,1,35.44,40.74,1,32.62,0,1,0.02417,1.208,1,0.9232,0.7519,1,0,0,0
0,107,84.9,68,11h 12m 29s,3.852,4,completioncredit_globalkl002_e5,Completion-wide credit + global KL 0.02,1121,4.04,1.2e-07,248,0.02358,1455,45.76,15h 5m 41s,160,162.7,1,0,0,0,0,0,0.01845,-0.005459,-0.0008736,0,0,0,1,35.08,40.25,1,30.98,0,1,0.02472,1.236,1,0.9007,0.6865,1,0,0,0
0,114,86.81,73,11h 15m 13s,3.856,4,completioncredit_globalkl002_e5,Completion-wide credit + global KL 0.02,1122,3.764,1.2e-07,249,0.02572,1455,45.76,15h 2m 59s,163.3,162.7,1,0,0,0,0,0,0.02721,0.001011,0.00142,0,0,0,1,36.17,41.64,1,35.55,0,1,0.02472,1.236,1,0.974,0.6019,1,0,0,0
0,108,85.47,72,11h 17m 56s,3.859,4,completioncredit_globalkl002_e5,Completion-wide credit + global KL 0.02,1123,6.227,1.2e-07,250,0.02701,1455,45.76,15h 0m 18s,163.4,162.7,1,0,0,0,0,0,0.02595,-0.0001025,0.001148,0,0,0,1,34.93,40.03,1,32.33,0,1,0.02486,1.243,1,0.8841,0.6199,1,0,0,0
0,115,86.13,70,11h 20m 38s,3.863,4,completioncredit_globalkl002_e5,Completion-wide credit + global KL 0.02,1124,3.082,1.2e-07,251,0.02528,1455,45.76,14h 57m 34s,161.6,162.7,1,0,0,0,0,0,0.02644,-0.002154,0.003324,0,0,0,1,35.66,40.99,1,32.48,0,1,0.02528,1.264,1,0.9839,0.5053,1,0,0,0
0,115,85.72,70,11h 23m 21s,3.866,4,completioncredit_globalkl002_e5,Completion-wide credit + global KL 0.02,1125,3.248,1.2e-07,252,0.02531,1455,45.76,14h 54m 52s,162.8,162.7,1,0,0,0,0,0,0.02872,2.109e-05,0.002816,0,0,0,1,35.44,40.7,1,33.05,0,1,0.02597,1.299,1,0.9453,0.7476,1,0,0,0
0,115,85.43,72,11h 26m 5s,3.869,4,completioncredit_globalkl002_e5,Completion-wide credit + global KL 0.02,1126,3.388,1.2e-07,253,0.03292,1455,45.76,14h 52m 11s,163.8,162.7,1,0,0,0,0,0,0.05592,0.03023,0.0004212,0,0,0,1,35.59,40.91,1,32.74,0,1,0.02528,1.264,1,0.9836,0.4919,1,0,0,0
0,117,86.48,72,11h 28m 47s,3.873,4,completioncredit_globalkl002_e5,Completion-wide credit + global KL 0.02,1127,5.31,1.2e-07,254,0.02432,1455,45.76,14h 49m 27s,161.9,162.7,1,0,0,0,0,0,0.02028,-0.003355,-0.00115,0,0,0,1,35.73,41.07,1,32.31,0,1,0.02472,1.236,1,0.9597,0.4012,1,0,0,0
0,113,85.56,74,11h 31m 32s,3.876,4,completioncredit_globalkl002_e5,Completion-wide credit + global KL 0.02,1128,3.45,1.2e-07,255,0.02404,1455,45.76,14h 46m 47s,164.3,162.7,1,0,0,0,0,0,0.02262,-0.003743,0.001709,0,0,0,1,35.22,40.42,1,35.19,0,1,0.02458,1.229,1,0.9855,0.4843,1,0,0,0
0,116,85.71,68,11h 34m 12s,3.88,4,completioncredit_globalkl002_e5,Completion-wide credit + global KL 0.02,1129,7.628,1.2e-07,256,0.02487,1455,45.76,14h 44m 1s,160.2,162.7,1,0,0,0,0,0,0.02545,-0.000144,-0.0006487,0,0,0,1,34.93,40.03,1,31.18,0,1,0.02625,1.312,1,0.9474,0.8583,1,0,0,0
0,117,86.38,72,11h 36m 51s,3.883,4,completioncredit_globalkl002_e5,Completion-wide credit + global KL 0.02,1130,3.428,1.2e-07,257,0.02475,1455,45.76,14h 41m 14s,158.4,162.7,1,0,0,0,0,0,0.01958,0.00187,-0.006215,0,0,0,1,35.44,40.72,1,33.17,0,1,0.02403,1.201,1,0.9781,0.1795,1,0,0,0
0,116,85.92,71,11h 39m 35s,3.887,4,completioncredit_globalkl002_e5,Completion-wide credit + global KL 0.02,1131,4.995,1.2e-07,258,0.02525,1455,45.76,14h 38m 32s,163.7,162.7,1,0,0,0,0,0,0.02287,-0.002431,3.495e-05,0,0,0,1,35.88,41.28,1,34.47,0,1,0.02528,1.264,1,0.9236,0.3812,1,0,0,0
0,117,85.21,70,11h 42m 23s,3.89,4,completioncredit_globalkl002_e5,Completion-wide credit + global KL 0.02,1132,3.061,1.2e-07,259,0.0242,1455,45.76,14h 35m 56s,167.6,162.7,1,0,0,0,0,0,0.02861,0.0003563,0.003107,0,0,0,1,35.37,40.68,1,34.75,0,1,0.02514,1.257,1,0.9091,0.5085,1,0,0,0
0,116,85.72,68,11h 45m 3s,3.893,4,completioncredit_globalkl002_e5,Completion-wide credit + global KL 0.02,1133,4.653,1.2e-07,260,0.03247,1455,45.76,14h 33m 10s,159.7,162.7,1,0,0,0,0,0,0.02549,0.001219,-0.0005096,0,0,0,1,35.51,40.83,1,32.41,0,1,0.02472,1.236,1,0.9495,0.522,1,0,0,0
0,109,85.5,72,11h 47m 43s,3.897,4,completioncredit_globalkl002_e5,Completion-wide credit + global KL 0.02,1134,4.008,1.2e-07,261,0.02838,1455,45.76,14h 30m 25s,160.6,162.7,1,0,0,0,0,0,0.02864,0.0002553,0.00299,0,0,0,1,35.51,40.83,1,32.52,0,1,0.02542,1.271,1,0.9598,0.5496,1,0,0,0
0,111,85.83,71,11h 50m 25s,3.9,4,completioncredit_globalkl002_e5,Completion-wide credit + global KL 0.02,1135,6.641,1.1e-07,262,0.02446,1455,45.76,14h 27m 41s,161.1,162.7,1,0,0,0,0,0,0.0285,0.001632,0.002457,0,0,0,1,35.59,40.93,1,32.46,0,1,0.02444,1.222,1,0.8227,0.3017,1,0,0,0
0,114,85.92,69,11h 53m 10s,3.904,4,completioncredit_globalkl002_e5,Completion-wide credit + global KL 0.02,1136,5.348,1.1e-07,263,0.02355,1455,45.76,14h 25m 1s,164.8,162.7,1,0,0,0,0,0,0.02491,0.002948,-0.002938,0,0,0,1,35.51,40.79,1,31.93,0,1,0.025,1.25,1,0.9672,0.663,1,0,0,0
0,126,86.13,71,11h 55m 51s,3.907,4,completioncredit_globalkl002_e5,Completion-wide credit + global KL 0.02,1137,6.389,1.1e-07,264,0.02862,1455,45.76,14h 22m 16s,160.5,162.7,1,0,0,0,0,0,0.02911,0.00237,0.00111,0,0,0,1,35.66,41.03,1,32.18,0,1,0.02556,1.278,1,0.9645,0.5286,1,0,0,0
0,107,85.83,71,11h 58m 34s,3.911,4,completioncredit_globalkl002_e5,Completion-wide credit + global KL 0.02,1138,6.617,1.1e-07,265,0.02686,1455,45.76,14h 19m 34s,163.3,162.7,1,0,0,0,0,0,0.03177,0.001956,0.003933,0,0,0,1,35.59,40.97,1,34.5,0,1,0.02597,1.299,1,0.9243,0.5319,1,0,0,0
0,108,85.92,74,12h 1m 16s,3.914,4,completioncredit_globalkl002_e5,Completion-wide credit + global KL 0.02,1139,4.166,1.1e-07,266,0.02831,1455,45.76,14h 16m 51s,162.2,162.7,1,0,0,0,0,0,0.03247,0.003397,0.002955,0,0,0,1,34.93,40.07,1,31.71,0,1,0.02611,1.306,1,0.9616,0.7479,1,0,0,0
0,131,86.28,73,12h 4m 2s,3.918,4,completioncredit_globalkl002_e5,Completion-wide credit + global KL 0.02,1140,5.3,1.1e-07,267,0.02554,1455,45.76,14h 14m 12s,165.5,162.7,1,0,0,0,0,0,0.02866,0.001351,0.001552,0,0,0,1,35,40.15,1,33.55,0,1,0.02569,1.285,1,0.9515,0.52,1,0,0,0
0,114,85.65,72,12h 6m 43s,3.921,4,completioncredit_globalkl002_e5,Completion-wide credit + global KL 0.02,1141,3.868,1.1e-07,268,0.03782,1455,45.76,14h 11m 28s,161,162.7,1,0,0,0,0,0,0.02941,-0.001289,0.005062,0,0,0,1,36.17,41.6,1,32.33,0,1,0.02556,1.278,1,0.9487,0.2954,1,0,0,0
0,108,85.74,71,12h 9m 28s,3.924,4,completioncredit_globalkl002_e5,Completion-wide credit + global KL 0.02,1142,6.519,1.1e-07,269,0.03513,1455,45.76,14h 8m 48s,164.7,162.7,1,0,0,0,0,0,0.05703,0.0295,0.001284,0,0,0,1,35.66,40.99,1,31.55,0,1,0.02625,1.312,1,0.9629,0.4125,1,0,0,0
0,114,86.9,73,12h 12m 12s,3.928,4,completioncredit_globalkl002_e5,Completion-wide credit + global KL 0.02,1143,3.798,1.1e-07,270,0.03579,1455,45.76,14h 6m 6s,163.7,162.7,1,0,0,0,0,0,0.03001,-0.0003649,0.004132,0,0,0,1,35.59,40.91,1,34.86,0,1,0.02625,1.312,1,0.9611,0.5743,1,0,0,0
0,105,85.75,71,12h 14m 57s,3.931,4,completioncredit_globalkl002_e5,Completion-wide credit + global KL 0.02,1144,4.418,1.1e-07,271,0.03855,1455,45.76,14h 3m 26s,164.7,162.7,1,0,0,0,0,0,0.01996,-0.002442,-0.003475,0,0,0,1,35.3,40.54,1,32.12,0,1,0.02583,1.292,1,0.9534,0.4085,1,0,0,0
0,108,84.93,70,12h 17m 41s,3.935,4,completioncredit_globalkl002_e5,Completion-wide credit + global KL 0.02,1145,3.913,1.1e-07,272,0.02552,1455,45.76,14h 0m 45s,163.8,162.7,1,0,0,0,0,0,0.02767,0.001134,4.261e-05,0,0,0,1,35.66,41.01,1,30.79,0,1,0.02653,1.326,1,0.9243,0.5294,1,0,0,0
0,117,86.48,73,12h 20m 23s,3.938,4,completioncredit_globalkl002_e5,Completion-wide credit + global KL 0.02,1146,4.247,1.1e-07,273,0.02718,1455,45.76,13h 58m 1s,161.5,162.7,1,0,0,0,0,0,0.03492,0.007054,0.001621,0,0,0,1,36.1,41.5,1,32.32,0,1,0.02625,1.312,1,0.963,0.2309,1,0,0,0
0,123,85.23,64,12h 23m 7s,3.942,4,completioncredit_globalkl002_e5,Completion-wide credit + global KL 0.02,1147,4.949,1.1e-07,274,0.02818,1455,45.76,13h 55m 20s,164.1,162.7,1,0,0,0,0,0,0.03331,0.00457,0.002497,0,0,0,1,35.81,41.17,1,35.23,0,1,0.02625,1.312,1,0.9741,0.2684,1,0,0,0
0,115,86.44,70,12h 25m 52s,3.945,4,completioncredit_globalkl002_e5,Completion-wide credit + global KL 0.02,1148,4.118,1.1e-07,275,0.02627,1455,45.76,13h 52m 39s,164.2,162.7,1,0,0,0,0,0,0.02949,0.001386,0.001616,0,0,0,1,35.44,40.76,1,32.63,0,1,0.02653,1.326,1,0.9573,0.5656,1,0,0,0
0,113,86.03,67,12h 28m 35s,3.948,4,completioncredit_globalkl002_e5,Completion-wide credit + global KL 0.02,1149,4.487,1.1e-07,276,0.02986,1455,45.76,13h 49m 57s,162.5,162.7,1,0,0,0,0,0,0.03016,0.0006821,0.003112,0,0,0,1,36.1,41.56,1,32.38,0,1,0.02639,1.319,1,0.9951,0.5598,1,0,0,0
0,112,84.99,70,12h 31m 15s,3.952,4,completioncredit_globalkl002_e5,Completion-wide credit + global KL 0.02,1150,3.754,1e-07,277,0.03354,1455,45.76,13h 47m 11s,159.9,162.7,1,0,0,0,0,0,0.02731,-0.0003783,0.001443,0,0,0,1,35.08,40.25,1,31.36,0,1,0.02625,1.312,1,0.954,0.5941,1,0,0,0
0,111,85.31,72,12h 33m 59s,3.955,4,completioncredit_globalkl002_e5,Completion-wide credit + global KL 0.02,1151,3.466,1e-07,278,0.02657,1455,45.76,13h 44m 30s,164.4,162.7,1,0,0,0,0,0,0.02734,0.0006633,0.0005564,0,0,0,1,35.37,40.62,1,33.14,0,1,0.02611,1.306,1,0.967,0.5826,1,0,0,0
0,112,86.44,73,12h 36m 43s,3.959,4,completioncredit_globalkl002_e5,Completion-wide credit + global KL 0.02,1152,3.992,1e-07,279,0.03062,1455,45.76,13h 41m 48s,163.2,162.7,1,0,0,0,0,0,0.0284,0.001643,0.0008747,0,0,0,1,35.81,41.17,1,33.92,0,1,0.02597,1.299,1,0.9742,0.6104,1,0,0,0
0,110,84.3,72,12h 39m 22s,3.962,4,completioncredit_globalkl002_e5,Completion-wide credit + global KL 0.02,1153,3.257,1e-07,280,0.02423,1455,45.76,13h 39m 2s,159.1,162.7,1,0,0,0,0,0,0.02389,-0.001141,-0.0008502,0,0,0,1,35.88,41.24,1,31.08,0,1,0.02597,1.299,1,0.9713,0.4018,1,0,0,0
0,114,86.28,72,12h 42m 5s,3.966,4,completioncredit_globalkl002_e5,Completion-wide credit + global KL 0.02,1154,5.97,1e-07,281,0.02802,1455,45.76,13h 36m 19s,162.6,162.7,1,0,0,0,0,0,0.01512,-0.004992,-0.006621,0,0,0,1,36.03,41.42,1,31.89,0,1,0.02667,1.333,1,0.9882,0.6402,1,0,0,0
0,103,84.06,64,12h 44m 50s,3.969,4,completioncredit_globalkl002_e5,Completion-wide credit + global KL 0.02,1155,4.18,1e-07,282,0.03801,1455,45.76,13h 33m 39s,164.9,162.7,1,0,0,0,0,0,0.06335,0.03352,0.003582,0,0,0,1,35.37,40.64,1,35.56,0,1,0.02625,1.312,1,0.8837,0.7578,1,0,0,0
0,117,85.94,71,12h 47m 32s,3.973,4,completioncredit_globalkl002_e5,Completion-wide credit + global KL 0.02,1156,5.126,1e-07,283,0.04224,1455,45.76,13h 30m 56s,162,162.7,1,0,0,0,0,0,0.08206,0.05355,0.002624,0,0,0,1,35.08,40.25,1,32.09,0,1,0.02583,1.292,1,0.9559,0.6117,1,0,0,0
0,112,84.92,74,12h 50m 18s,3.976,4,completioncredit_globalkl002_e5,Completion-wide credit + global KL 0.02,1157,3.553,1e-07,284,0.0257,1455,45.76,13h 28m 16s,165.2,162.7,1,0,0,0,0,0,0.02308,-0.006354,0.003674,0,0,0,1,35.51,40.82,1,34.27,0,1,0.02569,1.285,1,0.9248,0.4528,1,0,0,0
0,109,85.49,73,12h 53m 1s,3.979,4,completioncredit_globalkl002_e5,Completion-wide credit + global KL 0.02,1158,6.076,1e-07,285,0.02724,1455,45.76,13h 25m 34s,163.4,162.7,1,0,0,0,0,0,0.02688,0.00161,-0.0008515,0,0,0,1,35.3,40.56,1,32.34,0,1,0.02611,1.306,1,0.9556,0.4932,1,0,0,0
0,115,85.17,69,12h 55m 45s,3.983,4,completioncredit_globalkl002_e5,Completion-wide credit + global KL 0.02,1159,5.402,1e-07,286,0.02656,1455,45.76,13h 22m 53s,163.5,162.7,1,0,0,0,0,0,0.02265,-0.003064,-0.0006512,0,0,0,1,36.24,41.71,1,35.27,0,1,0.02639,1.319,1,0.9306,0.3092,1,0,0,0
0,113,84.98,71,12h 58m 27s,3.986,4,completioncredit_globalkl002_e5,Completion-wide credit + global KL 0.02,1160,7.013,1e-07,287,0.04036,1455,45.76,13h 20m 9s,162,162.7,1,0,0,0,0,0,0.05246,0.0225,0.004086,0,0,0,1,35.44,40.72,1,32.38,0,1,0.02583,1.292,1,0.9471,0.6316,1,0,0,0
0,107,85.33,71,13h 1m 13s,3.99,4,completioncredit_globalkl002_e5,Completion-wide credit + global KL 0.02,1161,4.183,1e-07,288,0.02779,1455,45.76,13h 17m 30s,165.7,162.8,1,0,0,0,0,0,0.02862,-0.0004307,0.002804,0,0,0,1,35.44,40.74,1,32.52,0,1,0.02625,1.312,1,0.9824,0.6088,1,0,0,0
0,106,85.49,70,13h 3m 56s,3.993,4,completioncredit_globalkl002_e5,Completion-wide credit + global KL 0.02,1162,4.418,1e-07,289,0.05706,1455,45.76,13h 14m 47s,162.8,162.8,1,0,0,0,0,0,0.0619,0.03513,0.0008941,0,0,0,1,35.59,40.91,1,33.07,0,1,0.02597,1.299,1,0.9828,0.6676,1,0,0,0
0,129,84.59,73,13h 6m 38s,3.997,4,completioncredit_globalkl002_e5,Completion-wide credit + global KL 0.02,1163,4.924,1e-07,290,0.02686,1455,45.76,13h 12m 4s,161.5,162.8,1,0,0,0,0,0,0.0287,0.001047,0.001774,0,0,0,1,34.78,39.86,1,32.84,0,1,0.02597,1.299,1,0.9904,0.3914,1,0,0,0
0,139,86.3,74,13h 9m 30s,4,4,completioncredit_globalkl002_e5,Completion-wide credit + global KL 0.02,1164,5.806,1e-07,291,0.02584,1455,45.76,13h 9m 30s,170.5,162.8,1,0,0,0,0,0,0.02089,-0.002875,-0.002476,0,0,0,1,35.44,40.74,1,31.85,0,1,0.02625,1.312,1,0.9776,0.5778,1,0,0,0
0,108,84.17,71,3m 27s,4.003,5,completioncredit_globalkl002_e5,Completion-wide credit + global KL 0.02,1165,3.831,9e-08,1,0.03146,1455,40.76,16h 39m 4s,206.4,206.7,1,0,0,0,0,0,0.04745,0.01717,0.004038,0,0,0,1,35.5,40.76,1,36.39,0,1,0.02625,1.312,1,0.9638,0.4688,1,0,0,0
0,111,85.51,72,6m 16s,4.007,5,completioncredit_globalkl002_e5,Completion-wide credit + global KL 0.02,1166,8.781,9e-08,2,0.02818,1455,41.24,15h 6m 15s,167.7,188.2,1,0,0,0,0,0,0.02939,0.0005033,0.002765,0,0,0,1,35.88,41.24,1,38.58,0,1,0.02611,1.306,1,0.9295,0.3877,1,0,0,0
0,111,84.83,71,9m 1s,4.01,5,completioncredit_globalkl002_e5,Completion-wide credit + global KL 0.02,1167,3.256,9e-08,3,0.02754,1455,41.24,14h 26m 10s,164.8,180.5,1,0,0,0,0,0,0.02837,0.00291,-0.0001741,0,0,0,1,35.22,40.44,1,34.15,0,1,0.02556,1.278,1,0.9453,0.4061,1,0,0,0
0,108,85.3,72,11m 46s,4.014,5,completioncredit_globalkl002_e5,Completion-wide credit + global KL 0.02,1168,8.625,9e-08,4,0.02857,1455,41.24,14h 4m 2s,164.2,176.5,1,0,0,0,0,0,0.02792,0.002976,-0.001304,0,0,0,1,35.37,40.64,1,33.28,0,1,0.02625,1.312,1,0.8989,0.5752,1,0,0,0
0,106,85.41,72,14m 29s,4.017,5,completioncredit_globalkl002_e5,Completion-wide credit + global KL 0.02,1169,5.006,9e-08,5,0.02734,1455,41.24,13h 48m 46s,163.3,173.9,1,0,0,0,0,0,0.03737,0.007862,0.003014,0,0,0,1,35.59,40.87,1,31.71,0,1,0.02653,1.326,1,0.9754,0.6175,1,0,0,0
0,119,85,69,17m 11s,4.021,5,completioncredit_globalkl002_e5,Completion-wide credit + global KL 0.02,1170,5.326,9e-08,6,0.02574,1455,41.24,13h 36m 27s,161.8,171.9,1,0,0,0,0,0,0.02045,-0.000677,-0.005121,0,0,0,1,35.3,40.52,1,32.62,0,1,0.02625,1.312,1,0.9301,0.3405,1,0,0,0
0,106,85.07,71,19m 56s,4.024,5,completioncredit_globalkl002_e5,Completion-wide credit + global KL 0.02,1171,3.752,9e-08,7,0.02805,1455,41.24,13h 28m 39s,164.4,170.8,1,0,0,0,0,0,0.02619,-0.000834,0.0005356,0,0,0,1,34.64,39.66,1,32.92,0,1,0.02653,1.326,1,0.9099,0.6236,1,0,0,0
0,106,84.5,70,22m 35s,4.027,5,completioncredit_globalkl002_e5,Completion-wide credit + global KL 0.02,1172,4.302,9e-08,8,0.04232,1455,41.24,13h 18m 57s,159,169.4,1,0,0,0,0,0,0.03394,0.005514,0.001324,0,0,0,1,35.37,40.62,1,31.56,0,1,0.02708,1.354,1,0.9455,0.4813,1,0,0,0
0,119,85.01,73,25m 18s,4.031,5,completioncredit_globalkl002_e5,Completion-wide credit + global KL 0.02,1173,3.866,9e-08,9,0.04163,1455,41.24,13h 12m 32s,162.3,168.6,1,0,0,0,0,0,0.09333,0.06309,0.003995,0,0,0,1,35.37,40.64,1,31.88,0,1,0.02625,1.312,1,0.9192,0.4432,1,0,0,0
0,109,84.29,64,27m 54s,4.034,5,completioncredit_globalkl002_e5,Completion-wide credit + global KL 0.02,1174,3.626,9e-08,10,0.02406,1455,41.24,13h 4m 9s,156.5,167.4,1,0,0,0,0,0,0.02662,0.0009549,-0.0007039,0,0,0,1,35.73,41.07,1,32.27,0,1,0.02639,1.319,1,0.9684,0.2612,1,0,0,0
0,116,85.71,71,30m 37s,4.038,5,completioncredit_globalkl002_e5,Completion-wide credit + global KL 0.02,1175,4.473,9e-08,11,0.03152,1455,41.83,12h 59m 22s,162.5,167,1,0,0,0,0,0,0.03437,0.002825,0.004815,0,0,0,1,36.32,41.83,1,32.56,0,1,0.02667,1.333,1,0.9748,0.5875,1,0,0,0
0,109,84.45,64,33m 17s,4.041,5,completioncredit_globalkl002_e5,Completion-wide credit + global KL 0.02,1176,9.662,9e-08,12,0.03027,1455,41.83,12h 53m 44s,159.5,166.4,1,0,0,0,0,0,0.02323,-0.0009883,-0.001908,0,0,0,1,35,40.15,1,31.83,0,1,0.02611,1.306,1,0.9944,0.5132,1,0,0,0
0,114,85.18,68,35m 59s,4.045,5,completioncredit_globalkl002_e5,Completion-wide credit + global KL 0.02,1177,5.294,9e-08,13,0.03789,1455,41.83,12h 49m 32s,162.2,166.1,1,0,0,0,0,0,0.01956,-0.002458,-0.003744,0,0,0,1,35.59,40.87,1,33.94,0,1,0.02569,1.285,1,0.9703,0.3659,1,0,0,0
0,123,86.26,71,38m 40s,4.048,5,completioncredit_globalkl002_e5,Completion-wide credit + global KL 0.02,1178,3.93,9e-08,14,0.02488,1455,42.44,12h 45m 6s,160.8,165.7,1,0,0,0,0,0,0.02716,-0.0001641,0.001444,0,0,0,1,36.83,42.44,1,31.65,0,1,0.02597,1.299,1,0.8388,0.5932,1,0,0,0
0,112,85.22,69,41m 21s,4.052,5,completioncredit_globalkl002_e5,Completion-wide credit + global KL 0.02,1179,4.871,9e-08,15,0.02377,1455,42.44,12h 40m 52s,160.7,165.4,1,0,0,0,0,0,0.0267,-0.003394,0.003846,0,0,0,1,35.59,40.88,1,31.89,0,1,0.02625,1.312,1,0.8727,0.5103,1,0,0,0
0,106,84.26,69,44m 0s,4.055,5,completioncredit_globalkl002_e5,Completion-wide credit + global KL 0.02,1180,6.306,9e-08,16,0.02236,1455,42.44,12h 36m 18s,158.9,165,1,0,0,0,0,0,0.02132,-0.003332,-0.001231,0,0,0,1,35.44,40.76,1,31.02,0,1,0.02583,1.292,1,0.9861,0.5053,1,0,0,0
0,116,85.11,70,46m 45s,4.058,5,completioncredit_globalkl002_e5,Completion-wide credit + global KL 0.02,1181,3.682,8e-08,17,0.02175,1455,42.44,12h 33m 25s,164.3,165,1,0,0,0,0,0,0.02488,5.676e-05,-0.0008079,0,0,0,1,36.32,41.83,1,33.82,0,1,0.02556,1.278,1,0.9502,0.4276,1,0,0,0
0,109,85.94,73,49m 34s,4.062,5,completioncredit_globalkl002_e5,Completion-wide credit + global KL 0.02,1182,5.548,8e-08,18,0.03772,1455,42.44,12h 31m 44s,168.9,165.2,1,0,0,0,0,0,0.03065,-0.0001967,0.004725,0,0,0,1,35.51,40.78,1,34.33,0,1,0.02611,1.306,1,0.955,0.4488,1,0,0,0
0,107,85.52,71,52m 18s,4.065,5,completioncredit_globalkl002_e5,Completion-wide credit + global KL 0.02,1183,3.701,8e-08,19,0.02474,1455,42.44,12h 28m 41s,163.8,165.2,1,0,0,0,0,0,0.02605,0.0002289,-0.0005447,0,0,0,1,35.15,40.37,1,32.4,0,1,0.02639,1.319,1,0.968,0.653,1,0,0,0
0,118,84.69,72,55m 1s,4.069,5,completioncredit_globalkl002_e5,Completion-wide credit + global KL 0.02,1184,4.388,8e-08,20,0.026,1455,42.44,12h 25m 27s,162.8,165,1,0,0,0,0,0,0.02412,-0.0004086,-0.001109,0,0,0,1,36.46,41.95,1,32.2,0,1,0.02556,1.278,1,0.978,0.5268,1,0,0,0
0,109,84.88,70,57m 41s,4.072,5,completioncredit_globalkl002_e5,Completion-wide credit + global KL 0.02,1185,5.777,8e-08,21,0.04224,1455,42.44,12h 21m 41s,160.1,164.8,1,0,0,0,0,0,0.01858,-0.004035,-0.003024,0,0,0,1,35.51,40.83,1,31.53,0,1,0.02556,1.278,1,0.9641,0.4622,1,0,0,0
0,118,86.56,68,1h 0m 25s,4.076,5,completioncredit_globalkl002_e5,Completion-wide credit + global KL 0.02,1186,3.691,8e-08,22,0.05488,1455,42.44,12h 18m 41s,163.4,164.8,1,0,0,0,0,0,0.02828,-0.001505,0.005005,0,0,0,1,35.59,40.87,1,32.55,0,1,0.02472,1.236,1,0.9745,0.3018,1,0,0,0
0,112,85.66,72,1h 3m 6s,4.079,5,completioncredit_globalkl002_e5,Completion-wide credit + global KL 0.02,1187,5.731,8e-08,23,0.03331,1455,42.44,12h 15m 18s,161.3,164.6,1,0,0,0,0,0,0.02846,0.004033,-0.0007194,0,0,0,1,35.15,40.38,1,31.06,0,1,0.02514,1.257,1,0.9822,0.4425,1,0,0,0
0,106,84.52,71,1h 5m 47s,4.082,5,completioncredit_globalkl002_e5,Completion-wide credit + global KL 0.02,1188,4.828,8e-08,24,0.04069,1455,42.44,12h 11m 55s,160.9,164.5,1,0,0,0,0,0,0.05313,0.02941,-0.001672,0,0,0,1,35.51,40.79,1,30.95,0,1,0.02542,1.271,1,0.9745,0.5551,1,0,0,0
0,117,86.37,67,1h 8m 31s,4.086,5,completioncredit_globalkl002_e5,Completion-wide credit + global KL 0.02,1189,4.327,8e-08,25,0.05184,1455,42.44,12h 9m 4s,163.5,164.4,1,0,0,0,0,0,0.02321,0.0004414,-0.002989,0,0,0,1,35.81,41.15,1,33.6,0,1,0.02569,1.285,1,0.9771,0.6302,1,0,0,0
0,120,85.82,73,1h 11m 12s,4.089,5,completioncredit_globalkl002_e5,Completion-wide credit + global KL 0.02,1190,3.999,8e-08,26,0.0215,1455,42.44,12h 5m 39s,160.2,164.3,1,0,0,0,0,0,0.02221,-0.002212,-0.0008505,0,0,0,1,36.61,42.18,1,31.62,0,1,0.02528,1.264,1,0.9515,0.4981,1,0,0,0
0,128,86.9,71,1h 13m 56s,4.093,5,completioncredit_globalkl002_e5,Completion-wide credit + global KL 0.02,1191,5.785,8e-08,27,0.02376,1455,42.44,12h 2m 52s,163.8,164.3,1,0,0,0,0,0,0.02458,0.004425,-0.00463,0,0,0,1,35.51,40.78,1,33.16,0,1,0.02472,1.236,1,0.9914,0.2499,1,0,0,0
0,109,85.87,69,1h 16m 39s,4.096,5,completioncredit_globalkl002_e5,Completion-wide credit + global KL 0.02,1192,6.133,8e-08,28,0.02451,1455,42.44,11h 59m 56s,162.9,164.2,1,0,0,0,0,0,0.02904,0.004775,-0.001493,0,0,0,1,35.3,40.54,1,31.4,0,1,0.02569,1.285,1,0.8597,0.5962,1,0,0,0
0,106,86.28,75,1h 19m 18s,4.1,5,completioncredit_globalkl002_e5,Completion-wide credit + global KL 0.02,1193,3.518,8e-08,29,0.02547,1455,42.44,11h 56m 22s,158.5,164.1,1,0,0,0,0,0,0.02235,0.002429,-0.004495,0,0,0,1,35.59,40.88,1,30.95,0,1,0.02444,1.222,1,0.9647,0.3094,1,0,0,0
0,105,84.44,71,1h 21m 56s,4.103,5,completioncredit_globalkl002_e5,Completion-wide credit + global KL 0.02,1194,6.844,8e-08,30,0.02395,1455,42.44,11h 52m 47s,158,163.9,1,0,0,0,0,0,0.0222,-0.005982,0.003398,0,0,0,1,35.51,40.79,1,31.7,0,1,0.02472,1.236,1,0.945,0.5823,1,0,0,0
0,114,84.99,70,1h 24m 38s,4.107,5,completioncredit_globalkl002_e5,Completion-wide credit + global KL 0.02,1195,4.746,8e-08,31,0.02458,1455,42.44,11h 49m 48s,161.8,163.8,1,0,0,0,0,0,0.0186,-0.004637,-0.0006843,0,0,0,1,36.17,41.62,1,31.72,0,1,0.02403,1.201,1,0.9648,0.4766,1,0,0,0
0,111,85.86,72,1h 27m 16s,4.11,5,completioncredit_globalkl002_e5,Completion-wide credit + global KL 0.02,1196,5.261,8e-08,32,0.02516,1455,42.44,11h 46m 18s,157.9,163.6,1,0,0,0,0,0,0.01961,-0.0004258,-0.005356,0,0,0,1,35.81,41.15,1,31.99,0,1,0.02542,1.271,1,0.976,0.6419,1,0,0,0
0,110,85.85,71,1h 29m 58s,4.113,5,completioncredit_globalkl002_e5,Completion-wide credit + global KL 0.02,1197,4.562,8e-08,33,0.0226,1455,42.44,11h 43m 22s,161.7,163.6,1,0,0,0,0,0,0.02144,0.002364,-0.005831,0,0,0,1,35.22,40.48,1,32.01,0,1,0.025,1.25,1,0.993,0.5371,1,0,0,0
0,109,85.03,71,1h 32m 38s,4.117,5,completioncredit_globalkl002_e5,Completion-wide credit + global KL 0.02,1198,3.847,8e-08,34,0.02567,1455,42.44,11h 40m 13s,160,163.5,1,0,0,0,0,0,0.02563,0.0002948,0.0004298,0,0,0,1,35.44,40.7,1,32.3,0,1,0.02486,1.243,1,0.9518,0.5422,1,0,0,0
0,119,86.12,70,1h 35m 17s,4.12,5,completioncredit_globalkl002_e5,Completion-wide credit + global KL 0.02,1199,3.813,7e-08,35,0.02903,1455,42.44,11h 36m 55s,158.5,163.3,1,0,0,0,0,0,0.02811,0.001305,0.001166,0,0,0,1,35.44,40.72,1,31.38,0,1,0.02556,1.278,1,0.9206,0.414,1,0,0,0
0,123,85.91,71,1h 37m 59s,4.124,5,completioncredit_globalkl002_e5,Completion-wide credit + global KL 0.02,1200,4.465,7e-08,36,0.05206,1455,42.44,11h 34m 4s,162.1,163.3,1,0,0,0,0,0,0.02841,9.85e-05,0.003535,0,0,0,1,35.51,40.79,1,31.86,0,1,0.02472,1.236,1,0.9837,0.6438,1,0,0,0
0,108,85.71,71,1h 40m 45s,4.127,5,completioncredit_globalkl002_e5,Completion-wide credit + global KL 0.02,1201,4.927,7e-08,37,0.04718,1455,42.44,11h 31m 41s,166.1,163.4,1,0,0,0,0,0,0.02977,0.004224,0.001624,0,0,0,1,35.73,41.11,1,32.48,0,1,0.02389,1.194,1,0.9167,0.2888,1,0,0,0
0,124,86.44,70,1h 43m 34s,4.131,5,completioncredit_globalkl002_e5,Completion-wide credit + global KL 0.02,1202,4.553,7e-08,38,0.0341,1455,42.44,11h 29m 29s,167.8,163.5,1,0,0,0,0,0,0.01822,-0.003701,-0.00298,0,0,0,1,35.51,40.79,1,32.86,0,1,0.02486,1.243,1,0.9591,0.5599,1,0,0,0
0,107,85.54,67,1h 46m 16s,4.134,5,completioncredit_globalkl002_e5,Completion-wide credit + global KL 0.02,1203,3.842,7e-08,39,0.02796,1455,42.44,11h 26m 37s,161.9,163.5,1,0,0,0,0,0,0.02489,0.002825,-0.002598,0,0,0,1,35.66,40.97,1,33.35,0,1,0.02458,1.229,1,0.9641,0.6304,1,0,0,0
0,122,86.11,70,1h 49m 1s,4.137,5,completioncredit_globalkl002_e5,Completion-wide credit + global KL 0.02,1204,4.624,7e-08,40,0.04891,1455,42.44,11h 24m 3s,164.9,163.5,1,0,0,0,0,0,0.02963,-0.001545,0.005537,0,0,0,1,35.15,40.38,1,32.57,0,1,0.02556,1.278,1,0.926,0.6348,1,0,0,0
0,115,86.55,71,1h 51m 51s,4.141,5,completioncredit_globalkl002_e5,Completion-wide credit + global KL 0.02,1205,4.056,7e-08,41,0.02208,1455,42.44,11h 22m 1s,170,163.7,1,0,0,0,0,0,0.02471,0.0007577,-0.00132,0,0,0,1,35.51,40.83,1,38.29,0,1,0.02528,1.264,1,0.9472,0.4239,1,0,0,0
0,108,85.99,70,1h 54m 33s,4.144,5,completioncredit_globalkl002_e5,Completion-wide credit + global KL 0.02,1206,4.011,7e-08,42,0.02329,1455,42.44,11h 19m 10s,162.2,163.7,1,0,0,0,0,0,0.02228,0.0006792,-0.002808,0,0,0,1,35.51,40.81,1,31.57,0,1,0.02444,1.222,1,0.9792,0.4603,1,0,0,0
0,117,86.69,73,1h 57m 13s,4.148,5,completioncredit_globalkl002_e5,Completion-wide credit + global KL 0.02,1207,7.369,7e-08,43,0.03525,1455,42.44,11h 16m 3s,159.3,163.6,1,0,0,0,0,0,0.03509,0.003981,0.006815,0,0,0,1,36.39,41.89,1,32.21,0,1,0.02431,1.215,1,0.9025,0.5083,1,0,0,0
0,120,87.42,75,1h 59m 54s,4.151,5,completioncredit_globalkl002_e5,Completion-wide credit + global KL 0.02,1208,3.809,7e-08,44,0.02317,1455,42.44,11h 13m 3s,160.5,163.5,1,0,0,0,0,0,0.0244,0.0001333,0.0005897,0,0,0,1,36.61,42.16,1,32.97,0,1,0.02361,1.181,1,0.978,0.4587,1,0,0,0
0,118,87.72,70,2h 2m 34s,4.155,5,completioncredit_globalkl002_e5,Completion-wide credit + global KL 0.02,1209,3.683,7e-08,45,0.04083,1455,42.44,11h 10m 0s,159.8,163.4,1,0,0,0,0,0,0.08446,0.05533,0.00496,0,0,0,1,36.1,41.56,1,32.83,0,1,0.02417,1.208,1,0.9461,0.6277,1,0,0,0
0,122,86.37,71,2h 5m 16s,4.158,5,completioncredit_globalkl002_e5,Completion-wide credit + global KL 0.02,1210,3.02,7e-08,46,0.02758,1455,42.44,11h 7m 14s,162.5,163.4,1,0,0,0,0,0,0.0216,-0.0005752,-0.001993,0,0,0,1,35.88,41.28,1,33.15,0,1,0.02417,1.208,1,0.9437,0.2423,1,0,0,0
0,119,86.38,71,2h 8m 1s,4.162,5,completioncredit_globalkl002_e5,Completion-wide credit + global KL 0.02,1211,3.38,7e-08,47,0.02336,1455,42.44,11h 4m 38s,164.7,163.4,1,0,0,0,0,0,0.01965,-0.0002882,-0.00435,0,0,0,1,35.81,41.22,1,32.69,0,1,0.02431,1.215,1,0.9655,0.4193,1,0,0,0
0,119,87.49,71,2h 10m 49s,4.165,5,completioncredit_globalkl002_e5,Completion-wide credit + global KL 0.02,1212,5.311,7e-08,48,0.02502,1455,42.44,11h 2m 15s,167.3,163.5,1,0,0,0,0,0,0.02867,0.002239,0.001651,0,0,0,1,36.54,42.12,1,36.28,0,1,0.02472,1.236,1,0.9491,0.5738,1,0,0,0
0,117,86.35,71,2h 13m 34s,4.168,5,completioncredit_globalkl002_e5,Completion-wide credit + global KL 0.02,1213,3.767,7e-08,49,0.02995,1455,42.44,10h 59m 38s,164.7,163.5,1,0,0,0,0,0,0.0257,-0.001884,0.002807,0,0,0,1,36.39,41.91,1,32.93,0,1,0.02472,1.236,1,0.9601,0.4092,1,0,0,0
0,133,86.92,72,2h 16m 20s,4.172,5,completioncredit_globalkl002_e5,Completion-wide credit + global KL 0.02,1214,3.504,7e-08,50,0.02563,1455,42.44,10h 57m 5s,165.5,163.6,1,0,0,0,0,0,0.02842,-0.0007156,0.005211,0,0,0,1,35.73,41.13,1,32.88,0,1,0.02403,1.201,1,0.9654,0.307,1,0,0,0
0,117,86.85,73,2h 19m 2s,4.175,5,completioncredit_globalkl002_e5,Completion-wide credit + global KL 0.02,1215,2.996,7e-08,51,0.03554,1455,42.44,10h 54m 18s,162.5,163.6,1,0,0,0,0,0,0.02154,-0.003386,-0.0003433,0,0,0,1,36.17,41.65,1,32.93,0,1,0.02528,1.264,1,0.9678,0.2856,1,0,0,0
0,116,85.9,72,2h 21m 47s,4.179,5,completioncredit_globalkl002_e5,Completion-wide credit + global KL 0.02,1216,5.94,7e-08,52,0.03444,1455,42.44,10h 51m 38s,164.3,163.6,1,0,0,0,0,0,0.06453,0.04366,-0.003903,0,0,0,1,35.81,41.19,1,34.18,0,1,0.02472,1.236,1,0.9491,0.5458,1,0,0,0
0,109,86.22,72,2h 24m 28s,4.182,5,completioncredit_globalkl002_e5,Completion-wide credit + global KL 0.02,1217,3.497,6e-08,53,0.02812,1455,42.44,10h 48m 44s,161.1,163.5,1,0,0,0,0,0,0.02311,-0.001186,-0.000482,0,0,0,1,35.44,40.74,1,34.88,0,1,0.02472,1.236,1,0.9668,0.2993,1,0,0,0
0,129,87.06,71,2h 27m 12s,4.186,5,completioncredit_globalkl002_e5,Completion-wide credit + global KL 0.02,1218,3.489,6e-08,54,0.0452,1455,42.44,10h 46m 5s,164.2,163.6,1,0,0,0,0,0,0.08524,0.06931,-0.007869,0,0,0,1,36.39,41.85,1,33.1,0,1,0.02375,1.188,1,0.9836,0.3011,1,0,0,0
0,107,85.55,72,2h 29m 58s,4.189,5,completioncredit_globalkl002_e5,Completion-wide credit + global KL 0.02,1219,3.995,6e-08,55,0.02582,1455,42.44,10h 43m 30s,165.3,163.6,1,0,0,0,0,0,0.02925,0.005171,-0.0005795,0,0,0,1,35.44,40.74,1,37.16,0,1,0.02458,1.229,1,0.9322,0.5784,1,0,0,0
0,114,87.01,73,2h 32m 43s,4.192,5,completioncredit_globalkl002_e5,Completion-wide credit + global KL 0.02,1220,4.632,6e-08,56,0.02956,1455,42.44,10h 40m 54s,165.2,163.6,1,0,0,0,0,0,0.03139,0.004759,0.001731,0,0,0,1,35.81,41.21,1,34.25,0,1,0.025,1.25,1,0.8994,0.3977,1,0,0,0
0,126,87.35,69,2h 35m 28s,4.196,5,completioncredit_globalkl002_e5,Completion-wide credit + global KL 0.02,1221,6.185,6e-08,57,0.02051,1455,42.44,10h 38m 12s,163.9,163.6,1,0,0,0,0,0,0.02358,0.004423,-0.005012,0,0,0,1,35.59,40.89,1,34.55,0,1,0.02417,1.208,1,0.9143,0.3735,1,0,0,0
0,112,86.53,74,2h 38m 11s,4.199,5,completioncredit_globalkl002_e5,Completion-wide credit + global KL 0.02,1222,4.101,6e-08,58,0.0225,1455,42.44,10h 35m 29s,163.5,163.6,1,0,0,0,0,0,0.02432,-0.001271,0.0009354,0,0,0,1,35.22,40.44,1,35.42,0,1,0.02458,1.229,1,0.9446,0.3299,1,0,0,0
0,121,85.55,71,2h 40m 56s,4.203,5,completioncredit_globalkl002_e5,Completion-wide credit + global KL 0.02,1223,2.913,6e-08,59,0.03033,1455,42.44,10h 32m 48s,164.3,163.7,1,0,0,0,0,0,0.02334,-0.0008073,-0.001607,0,0,0,1,35.59,40.93,1,35.31,0,1,0.02569,1.285,1,0.9779,0.4632,1,0,0,0
0,111,88.24,73,2h 43m 38s,4.206,5,completioncredit_globalkl002_e5,Completion-wide credit + global KL 0.02,1224,3.973,6e-08,60,0.03619,1455,42.44,10h 29m 59s,161.9,163.6,1,0,0,0,0,0,0.02086,-0.00451,0.001686,0,0,0,1,35.95,41.38,1,33.3,0,1,0.02361,1.181,1,0.9886,0.4189,1,0,0,0
0,115,86.17,70,2h 46m 22s,4.21,5,completioncredit_globalkl002_e5,Completion-wide credit + global KL 0.02,1225,4.193,6e-08,61,0.03519,1455,42.44,10h 27m 16s,163.6,163.6,1,0,0,0,0,0,0.01546,-0.003454,-0.005502,0,0,0,1,36.24,41.71,1,32.61,0,1,0.02444,1.222,1,0.9509,0.3572,1,0,0,0
0,109,86.25,73,2h 49m 10s,4.213,5,completioncredit_globalkl002_e5,Completion-wide credit + global KL 0.02,1226,4.241,6e-08,62,0.04343,1455,42.44,10h 24m 48s,167.7,163.7,1,0,0,0,0,0,0.07303,0.04691,0.001218,0,0,0,1,35.51,40.83,1,34.5,0,1,0.02486,1.243,1,0.9722,0.5243,1,0,0,0
0,123,87.35,69,2h 51m 54s,4.216,5,completioncredit_globalkl002_e5,Completion-wide credit + global KL 0.02,1227,5.255,6e-08,63,0.02454,1455,42.44,10h 22m 8s,164.5,163.7,1,0,0,0,0,0,0.02341,0.0009053,-0.001783,0,0,0,1,36.1,41.52,1,32.87,0,1,0.02431,1.215,1,0.9776,0.4878,1,0,0,0
0,132,86.1,70,2h 54m 44s,4.22,5,completioncredit_globalkl002_e5,Completion-wide credit + global KL 0.02,1228,3.772,6e-08,64,0.02469,1455,42.44,10h 19m 47s,169.8,163.8,1,0,0,0,0,0,0.03112,0.004758,0.001946,0,0,0,1,35.73,41.07,1,33.51,0,1,0.02444,1.222,1,0.965,0.2933,1,0,0,0
0,117,86.4,71,2h 57m 28s,4.223,5,completioncredit_globalkl002_e5,Completion-wide credit + global KL 0.02,1229,3.948,6e-08,65,0.02331,1455,42.44,10h 17m 3s,163.6,163.8,1,0,0,0,0,0,0.02215,0.001342,-0.003114,0,0,0,1,35.37,40.6,1,35.69,0,1,0.02403,1.201,1,0.9432,0.2418,1,0,0,0
0,108,86.13,71,3h 0m 8s,4.227,5,completioncredit_globalkl002_e5,Completion-wide credit + global KL 0.02,1230,4.472,6e-08,66,0.04859,1455,42.44,10h 14m 4s,159.3,163.8,1,0,0,0,0,0,0.1155,0.08824,0.002526,0,0,0,1,35.51,40.78,1,32.77,0,1,0.02472,1.236,1,0.9713,0.6811,1,0,0,0
0,127,86.32,71,3h 2m 53s,4.23,5,completioncredit_globalkl002_e5,Completion-wide credit + global KL 0.02,1231,4.028,6e-08,67,0.04266,1455,42.44,10h 11m 25s,164.8,163.8,1,0,0,0,0,0,0.0287,-0.001319,0.004749,0,0,0,1,35.3,40.52,1,34.69,0,1,0.02528,1.264,1,0.9663,0.3701,1,0,0,0
0,139,86.47,67,3h 5m 40s,4.234,5,completioncredit_globalkl002_e5,Completion-wide credit + global KL 0.02,1232,7.167,6e-08,68,0.02491,1455,42.44,10h 8m 53s,167.3,163.8,1,0,0,0,0,0,0.0161,-0.002693,-0.005624,0,0,0,1,35.81,41.21,1,33.87,0,1,0.02444,1.222,1,0.9744,0.3582,1,0,0,0
0,113,85.97,72,3h 8m 24s,4.237,5,completioncredit_globalkl002_e5,Completion-wide credit + global KL 0.02,1233,4.914,6e-08,69,0.04352,1455,42.44,10h 6m 11s,164,163.8,1,0,0,0,0,0,0.02709,0.001551,0.0007587,0,0,0,1,35.88,41.22,1,34.76,0,1,0.02472,1.236,1,0.9944,0.5209,1,0,0,0
0,118,86.58,75,3h 11m 7s,4.241,5,completioncredit_globalkl002_e5,Completion-wide credit + global KL 0.02,1234,3.746,6e-08,70,0.02281,1455,42.44,10h 3m 23s,162.2,163.8,1,0,0,0,0,0,0.02356,-0.0004027,-0.000696,0,0,0,1,36.46,41.99,1,33.99,0,1,0.02458,1.229,1,0.985,0.3443,1,0,0,0
0,116,85.71,73,3h 13m 48s,4.244,5,completioncredit_globalkl002_e5,Completion-wide credit + global KL 0.02,1235,5.061,6e-08,71,0.0223,1455,42.44,10h 0m 32s,161.3,163.8,1,0,0,0,0,0,0.02529,-0.001889,0.001913,0,0,0,1,34.93,40.03,1,33.6,0,1,0.02528,1.264,1,0.9265,0.4717,1,0,0,0
0,106,84.69,70,3h 16m 29s,4.247,5,completioncredit_globalkl002_e5,Completion-wide credit + global KL 0.02,1236,5.234,5e-08,72,0.04178,1455,42.44,9h 57m 38s,160.2,163.7,1,0,0,0,0,0,0.103,0.07596,0.002131,0,0,0,1,35,40.15,1,33.17,0,1,0.02486,1.243,1,0.9542,0.5134,1,0,0,0
0,115,86.21,74,3h 19m 11s,4.251,5,completioncredit_globalkl002_e5,Completion-wide credit + global KL 0.02,1237,5.596,5e-08,73,0.02537,1455,42.44,9h 54m 50s,162.2,163.7,1,0,0,0,0,0,0.02161,-0.005176,0.001637,0,0,0,1,35.51,40.81,1,33.55,0,1,0.02514,1.257,1,0.9297,0.6251,1,0,0,0
0,119,86.37,71,3h 22m 3s,4.254,5,completioncredit_globalkl002_e5,Completion-wide credit + global KL 0.02,1238,6.503,5e-08,74,0.04373,1455,42.44,9h 52m 29s,171.1,163.8,1,0,0,0,0,0,0.0258,-0.003496,0.004389,0,0,0,1,36.54,42.12,1,41.44,0,1,0.02486,1.243,1,0.9575,0.3148,1,0,0,0
0,108,86.59,72,3h 24m 51s,4.258,5,completioncredit_globalkl002_e5,Completion-wide credit + global KL 0.02,1239,3.989,5e-08,75,0.04602,1455,42.44,9h 49m 58s,168.2,163.9,1,0,0,0,0,0,0.1138,0.08984,-0.0009211,0,0,0,1,35.73,41.13,1,37.42,0,1,0.02486,1.243,1,0.9243,0.2901,1,0,0,0
0,114,85.92,72,3h 27m 41s,4.261,5,completioncredit_globalkl002_e5,Completion-wide credit + global KL 0.02,1240,5.003,5e-08,76,0.02583,1455,42.44,9h 47m 32s,170,164,1,0,0,0,0,0,0.02509,0.001437,-0.001251,0,0,0,1,35.95,41.4,1,35.22,0,1,0.02486,1.243,1,0.9783,0.5827,1,0,0,0
0,115,86.6,71,3h 30m 24s,4.265,5,completioncredit_globalkl002_e5,Completion-wide credit + global KL 0.02,1241,4.3,5e-08,77,0.02163,1455,42.44,9h 44m 45s,162.4,163.9,1,0,0,0,0,0,0.02275,-0.002402,0.0008584,0,0,0,1,35.73,41.07,1,34.39,0,1,0.02431,1.215,1,0.9587,0.3844,1,0,0,0
0,121,85.68,71,3h 33m 12s,4.268,5,completioncredit_globalkl002_e5,Completion-wide credit + global KL 0.02,1242,3.026,5e-08,78,0.02909,1455,42.44,9h 42m 12s,167.8,164,1,0,0,0,0,0,0.01752,-0.002651,-0.005099,0,0,0,1,36.68,42.28,1,33.94,0,1,0.02528,1.264,1,0.9575,0.5912,1,0,0,0
0,107,86.32,69,3h 36m 3s,4.271,5,completioncredit_globalkl002_e5,Completion-wide credit + global KL 0.02,1243,5.335,5e-08,79,0.02633,1455,42.44,9h 39m 47s,170.8,164.1,1,0,0,0,0,0,0.02988,0.004394,9.759e-05,0,0,0,1,35.51,40.83,1,40.17,0,1,0.02542,1.271,1,0.9359,0.337,1,0,0,0
0,117,86.06,67,3h 38m 57s,4.275,5,completioncredit_globalkl002_e5,Completion-wide credit + global KL 0.02,1244,7.347,5e-08,80,0.0239,1455,42.44,9h 37m 28s,173.4,164.2,1,0,0,0,0,0,0.01668,-0.003508,-0.005564,0,0,0,1,35.37,40.66,1,38.1,0,1,0.02569,1.285,1,0.8317,0.4817,1,0,0,0
0,112,85.42,69,3h 41m 45s,4.278,5,completioncredit_globalkl002_e5,Completion-wide credit + global KL 0.02,1245,5.981,5e-08,81,0.02276,1455,42.44,9h 34m 54s,168,164.3,1,0,0,0,0,0,0.02566,0.003162,-0.001797,0,0,0,1,36.03,41.46,1,38.77,0,1,0.02431,1.215,1,0.9357,0.2759,1,0,0,0
0,136,87.12,74,3h 44m 32s,4.282,5,completioncredit_globalkl002_e5,Completion-wide credit + global KL 0.02,1246,4.658,5e-08,82,0.04276,1455,42.44,9h 32m 18s,166.7,164.3,1,0,0,0,0,0,0.06343,0.04023,-0.002681,0,0,0,1,36.46,42.03,1,33.89,0,1,0.02583,1.292,1,0.9792,0.4667,1,0,0,0
0,115,86.28,73,3h 47m 18s,4.285,5,completioncredit_globalkl002_e5,Completion-wide credit + global KL 0.02,1247,2.759,5e-08,83,0.04807,1455,42.44,9h 29m 37s,165.5,164.3,1,0,0,0,0,0,0.08077,0.0568,-0.0009307,0,0,0,1,35.44,40.81,1,34.5,0,1,0.025,1.25,1,0.9394,0.6911,1,0,0,0
0,107,85.37,67,3h 50m 3s,4.289,5,completioncredit_globalkl002_e5,Completion-wide credit + global KL 0.02,1248,3.89,5e-08,84,0.02762,1455,42.44,9h 26m 55s,165.1,164.3,1,0,0,0,0,0,0.02399,0.0005931,-0.001998,0,0,0,1,35.66,41.07,1,35.21,0,1,0.02542,1.271,1,0.9406,0.4866,1,0,0,0
0,112,86.19,72,3h 52m 53s,4.292,5,completioncredit_globalkl002_e5,Completion-wide credit + global KL 0.02,1249,2.911,5e-08,85,0.0563,1455,42.44,9h 24m 23s,169,164.4,1,0,0,0,0,0,0.02461,0.00119,-0.0009926,0,0,0,1,36.03,41.42,1,35.76,0,1,0.02444,1.222,1,0.99,0.3994,1,0,0,0
0,117,85.74,74,3h 55m 46s,4.296,5,completioncredit_globalkl002_e5,Completion-wide credit + global KL 0.02,1250,3.87,5e-08,86,0.01796,1455,42.44,9h 21m 59s,172.8,164.5,1,0,0,0,0,0,0.01637,-0.00422,-0.004678,0,0,0,1,35.15,40.35,1,42.86,0,1,0.02528,1.264,1,0.973,0.2936,1,0,0,0
0,120,86.24,72,3h 58m 34s,4.299,5,completioncredit_globalkl002_e5,Completion-wide credit + global KL 0.02,1251,4.289,5e-08,87,0.02532,1455,42.44,9h 19m 24s,168.2,164.5,1,0,0,0,0,0,0.02682,0.0001892,0.0008691,0,0,0,1,35.73,41.13,1,35.58,0,1,0.02569,1.285,1,0.8916,0.5046,1,0,0,0
0,114,86.68,71,4h 1m 23s,4.302,5,completioncredit_globalkl002_e5,Completion-wide credit + global KL 0.02,1252,4.026,5e-08,88,0.02881,1455,42.44,9h 16m 50s,168.9,164.6,1,0,0,0,0,0,0.02165,0.000274,-0.002791,0,0,0,1,36.17,41.63,1,41.26,0,1,0.02417,1.208,1,0.949,0.5766,1,0,0,0
0,122,87.42,72,4h 4m 9s,4.306,5,completioncredit_globalkl002_e5,Completion-wide credit + global KL 0.02,1253,2.933,5e-08,89,0.02701,1455,42.44,9h 14m 8s,165.7,164.6,1,0,0,0,0,0,0.02754,0.002243,0.00137,0,0,0,1,36.76,42.36,1,35.19,0,1,0.02389,1.194,1,0.9939,0.6002,1,0,0,0
0,110,86.21,70,4h 6m 54s,4.309,5,completioncredit_globalkl002_e5,Completion-wide credit + global KL 0.02,1254,4.302,5e-08,90,0.02398,1455,42.44,9h 11m 25s,165.2,164.6,1,0,0,0,0,0,0.02612,-0.001125,0.002344,0,0,0,1,35.88,41.22,1,34.18,0,1,0.025,1.25,1,0.9737,0.6401,1,0,0,0
0,119,86.13,74,4h 9m 36s,4.313,5,completioncredit_globalkl002_e5,Completion-wide credit + global KL 0.02,1255,4.472,5e-08,91,0.02443,1455,42.44,9h 8m 34s,161.3,164.6,1,0,0,0,0,0,0.02415,-0.00152,0.001256,0,0,0,1,36.54,42.06,1,34.74,0,1,0.02444,1.222,1,0.9807,0.3919,1,0,0,0
0,113,87.4,70,4h 12m 24s,4.316,5,completioncredit_globalkl002_e5,Completion-wide credit + global KL 0.02,1256,3.54,5e-08,92,0.02629,1455,42.44,9h 5m 57s,167.9,164.6,1,0,0,0,0,0,0.02557,-0.0007939,0.001091,0,0,0,1,35.3,40.56,1,35.92,0,1,0.02528,1.264,1,0.9412,0.5306,1,0,0,0
0,111,86.73,70,4h 15m 5s,4.32,5,completioncredit_globalkl002_e5,Completion-wide credit + global KL 0.02,1257,3.553,5e-08,93,0.02409,1455,42.44,9h 3m 5s,160.9,164.6,1,0,0,0,0,0,0.02313,-0.001184,-0.0004716,0,0,0,1,35.95,41.38,1,32.57,0,1,0.02472,1.236,1,0.9661,0.2908,1,0,0,0
0,122,85.74,69,4h 17m 52s,4.323,5,completioncredit_globalkl002_e5,Completion-wide credit + global KL 0.02,1258,3.971,4e-08,94,0.03016,1455,42.44,9h 0m 26s,167.1,164.6,1,0,0,0,0,0,0.02502,0.002101,-0.001866,0,0,0,1,36.68,42.24,1,35.75,0,1,0.02472,1.236,1,0.98,0.3551,1,0,0,0
0,113,85.85,71,4h 20m 35s,4.326,5,completioncredit_globalkl002_e5,Completion-wide credit + global KL 0.02,1259,8.044,4e-08,95,0.02247,1455,42.44,8h 57m 37s,162.2,164.6,1,0,0,0,0,0,0.02076,-0.003869,-0.0005158,0,0,0,1,35.22,40.43,1,32.46,0,1,0.02514,1.257,1,0.9901,0.3791,1,0,0,0
0,110,85.85,73,4h 23m 22s,4.33,5,completioncredit_globalkl002_e5,Completion-wide credit + global KL 0.02,1260,4.028,4e-08,96,0.0248,1455,42.44,8h 54m 58s,167,164.6,1,0,0,0,0,0,0.0255,0.0002313,0.0006099,0,0,0,1,35.44,40.72,1,34.28,0,1,0.02458,1.229,1,0.9683,0.2912,1,0,0,0
0,117,86.01,73,4h 26m 6s,4.333,5,completioncredit_globalkl002_e5,Completion-wide credit + global KL 0.02,1261,5.306,4e-08,97,0.02541,1455,42.44,8h 52m 12s,163.6,164.6,1,0,0,0,0,0,0.02081,0.001304,-0.004299,0,0,0,1,35.66,41.01,1,34.34,0,1,0.02375,1.188,1,0.9553,0.4395,1,0,0,0
0,109,86.3,74,4h 28m 51s,4.337,5,completioncredit_globalkl002_e5,Completion-wide credit + global KL 0.02,1262,4.544,4e-08,98,0.02222,1455,42.44,8h 49m 29s,165.1,164.6,1,0,0,0,0,0,0.02824,0.002955,-0.0001048,0,0,0,1,35.59,40.89,1,33.06,0,1,0.02542,1.271,1,0.9926,0.2737,1,0,0,0
0,108,85.39,67,4h 31m 35s,4.34,5,completioncredit_globalkl002_e5,Completion-wide credit + global KL 0.02,1263,4.37,4e-08,99,0.02692,1455,42.44,8h 46m 42s,163.3,164.6,1,0,0,0,0,0,0.02652,0.0003839,0.0009857,0,0,0,1,35.44,40.74,1,32.76,0,1,0.02514,1.257,1,0.9786,0.3613,1,0,0,0
0,115,86.05,72,4h 34m 19s,4.344,5,completioncredit_globalkl002_e5,Completion-wide credit + global KL 0.02,1264,3.936,4e-08,100,0.04182,1455,42.44,8h 43m 58s,164.4,164.6,1,0,0,0,0,0,0.03354,0.006112,0.002164,0,0,0,1,36.24,41.77,1,34.53,0,1,0.02528,1.264,1,0.9592,0.6331,1,0,0,0
0,115,85.24,71,4h 37m 8s,4.347,5,completioncredit_globalkl002_e5,Completion-wide credit + global KL 0.02,1265,4.12,4e-08,101,0.02374,1455,42.44,8h 41m 21s,168.8,164.6,1,0,0,0,0,0,0.02806,-0.001375,0.003552,0,0,0,1,36.03,41.48,1,35.14,0,1,0.02583,1.292,1,0.9676,0.6896,1,0,0,0
0,113,86.51,73,4h 39m 54s,4.351,5,completioncredit_globalkl002_e5,Completion-wide credit + global KL 0.02,1266,3.315,4e-08,102,0.02633,1455,42.44,8h 38m 38s,165.1,164.6,1,0,0,0,0,0,0.02856,0.003886,-0.0009605,0,0,0,1,36.1,41.52,1,33.45,0,1,0.02556,1.278,1,0.9822,0.5295,1,0,0,0
0,113,84.98,72,4h 42m 37s,4.354,5,completioncredit_globalkl002_e5,Completion-wide credit + global KL 0.02,1267,3.334,4e-08,103,0.0248,1455,42.44,8h 35m 50s,162.7,164.6,1,0,0,0,0,0,0.02039,1.503e-05,-0.004768,0,0,0,1,35.81,41.19,1,35.78,0,1,0.02514,1.257,1,0.9731,0.6867,1,0,0,0
0,108,85.37,70,4h 45m 19s,4.357,5,completioncredit_globalkl002_e5,Completion-wide credit + global KL 0.02,1268,4.147,4e-08,104,0.03339,1455,42.44,8h 33m 1s,161.9,164.6,1,0,0,0,0,0,0.01527,-0.009173,-0.000706,0,0,0,1,35.73,41.11,1,31.71,0,1,0.02514,1.257,1,0.9683,0.3948,1,0,0,0
0,112,84.92,71,4h 47m 60s,4.361,5,completioncredit_globalkl002_e5,Completion-wide credit + global KL 0.02,1269,3.533,4e-08,105,0.03727,1455,42.44,8h 30m 10s,160.8,164.6,1,0,0,0,0,0,0.07915,0.05691,-0.003023,0,0,0,1,35.51,40.88,1,33.67,0,1,0.02528,1.264,1,0.9973,0.4337,1,0,0,0
0,114,86.06,72,4h 50m 43s,4.364,5,completioncredit_globalkl002_e5,Completion-wide credit + global KL 0.02,1270,4.054,4e-08,106,0.03769,1455,42.44,8h 27m 22s,162.7,164.6,1,0,0,0,0,0,0.05496,0.02723,0.00295,0,0,0,1,35.66,41.05,1,32.65,0,1,0.02472,1.236,1,0.9654,0.6427,1,0,0,0
0,108,85.06,67,4h 53m 30s,4.368,5,completioncredit_globalkl002_e5,Completion-wide credit + global KL 0.02,1271,3.487,4e-08,107,0.02668,1455,42.44,8h 24m 42s,166.8,164.6,1,0,0,0,0,0,0.02633,0.001161,-9.601e-05,0,0,0,1,35.51,40.87,1,34.62,0,1,0.02528,1.264,1,0.9589,0.4739,1,0,0,0
0,118,85.46,70,4h 56m 14s,4.371,5,completioncredit_globalkl002_e5,Completion-wide credit + global KL 0.02,1272,3.417,4e-08,108,0.01966,1455,42.44,8h 21m 57s,163.9,164.6,1,0,0,0,0,0,0.01679,-0.004491,-0.004842,0,0,0,1,35.3,40.58,1,33.39,0,1,0.02611,1.306,1,0.9334,0.6356,1,0,0,0
0,127,85.78,69,4h 59m 1s,4.375,5,completioncredit_globalkl002_e5,Completion-wide credit + global KL 0.02,1273,4.268,4e-08,109,0.02749,1455,42.44,8h 19m 17s,167.2,164.6,1,0,0,0,0,0,0.0352,0.008565,0.001488,0,0,0,1,35.37,40.62,1,32.44,0,1,0.02514,1.257,1,0.9417,0.3882,1,0,0,0
0,113,85.92,73,5h 1m 43s,4.378,5,completioncredit_globalkl002_e5,Completion-wide credit + global KL 0.02,1274,5.685,4e-08,110,0.04481,1455,42.44,8h 16m 28s,161.6,164.6,1,0,0,0,0,0,0.02348,-0.004057,0.002758,0,0,0,1,35.44,40.72,1,34.43,0,1,0.02472,1.236,1,0.9696,0.3422,1,0,0,0
0,109,84.74,70,5h 4m 27s,4.381,5,completioncredit_globalkl002_e5,Completion-wide credit + global KL 0.02,1275,6.142,4e-08,111,0.02688,1455,42.44,8h 13m 42s,163.4,164.6,1,0,0,0,0,0,0.03049,0.004077,0.0001661,0,0,0,1,34.93,40.03,1,34.14,0,1,0.02625,1.312,1,0.9596,0.4261,1,0,0,0
0,104,84.86,71,5h 7m 12s,4.385,5,completioncredit_globalkl002_e5,Completion-wide credit + global KL 0.02,1276,8.595,4e-08,112,0.03792,1455,42.44,8h 10m 59s,165.4,164.6,1,0,0,0,0,0,0.01932,-0.003674,-0.002148,0,0,0,1,35.44,40.72,1,35.3,0,1,0.02514,1.257,1,0.9269,0.5098,1,0,0,0
0,105,84.67,69,5h 9m 58s,4.388,5,completioncredit_globalkl002_e5,Completion-wide credit + global KL 0.02,1277,4.452,4e-08,113,0.02321,1455,42.44,8h 8m 16s,165.2,164.6,1,0,0,0,0,0,0.02737,-0.002734,0.00447,0,0,0,1,35.51,40.81,1,33.58,0,1,0.02556,1.278,1,0.9291,0.5475,1,0,0,0
0,106,84.74,72,5h 12m 43s,4.392,5,completioncredit_globalkl002_e5,Completion-wide credit + global KL 0.02,1278,3.952,4e-08,114,0.03112,1455,42.44,8h 5m 31s,164.5,164.6,1,0,0,0,0,0,0.02596,-0.001303,0.001382,0,0,0,1,35.59,40.93,1,34.29,0,1,0.02597,1.299,1,0.9882,0.7892,1,0,0,0
0,116,85.88,71,5h 15m 30s,4.395,5,completioncredit_globalkl002_e5,Completion-wide credit + global KL 0.02,1279,4.726,4e-08,115,0.02768,1455,42.44,8h 2m 51s,167,164.6,1,0,0,0,0,0,0.03031,0.002978,0.00255,0,0,0,1,35.88,41.26,1,34.65,0,1,0.02472,1.236,1,0.9643,0.6764,1,0,0,0
0,118,86.27,73,5h 18m 11s,4.399,5,completioncredit_globalkl002_e5,Completion-wide credit + global KL 0.02,1280,4.023,4e-08,116,0.03791,1455,42.44,8h 0m 1s,161.1,164.6,1,0,0,0,0,0,0.07342,0.04598,0.00168,0,0,0,1,36.24,41.67,1,32.02,0,1,0.02569,1.285,1,0.962,0.3772,1,0,0,0
0,115,85.15,67,5h 21m 1s,4.402,5,completioncredit_globalkl002_e5,Completion-wide credit + global KL 0.02,1281,5.39,3e-08,117,0.02249,1455,42.44,7h 57m 24s,169.5,164.6,1,0,0,0,0,0,0.02826,-0.0009255,0.004043,0,0,0,1,35.59,40.93,1,34.34,0,1,0.02514,1.257,1,0.9849,0.6174,1,0,0,0
0,106,85.1,72,5h 23m 50s,4.405,5,completioncredit_globalkl002_e5,Completion-wide credit + global KL 0.02,1282,3.557,3e-08,118,0.03029,1455,42.44,7h 54m 47s,169.3,164.7,1,0,0,0,0,0,0.04041,0.01461,0.001381,0,0,0,1,35.59,40.87,1,36.2,0,1,0.02444,1.222,1,0.938,0.5625,1,0,0,0
0,107,84.31,67,5h 26m 32s,4.409,5,completioncredit_globalkl002_e5,Completion-wide credit + global KL 0.02,1283,4.548,3e-08,119,0.0847,1455,42.44,7h 51m 57s,160.9,164.6,1,0,0,0,0,0,0.1503,0.1236,0.001324,0,0,0,1,34.78,39.86,1,32.17,0,1,0.02542,1.271,1,0.8813,0.5427,1,0,0,0
0,119,86.32,67,5h 29m 19s,4.412,5,completioncredit_globalkl002_e5,Completion-wide credit + global KL 0.02,1284,5.57,3e-08,120,0.02203,1455,42.44,7h 49m 16s,166.8,164.7,1,0,0,0,0,0,0.02163,-0.003685,-0.0004421,0,0,0,1,36.24,41.73,1,37.75,0,1,0.02569,1.285,1,0.9695,0.7014,1,0,0,0
0,108,85.19,73,5h 32m 5s,4.416,5,completioncredit_globalkl002_e5,Completion-wide credit + global KL 0.02,1285,4.207,3e-08,121,0.05656,1455,42.44,7h 46m 33s,165.8,164.7,1,0,0,0,0,0,0.08247,0.0582,-0.0001433,0,0,0,1,35.44,40.74,1,35.23,0,1,0.02444,1.222,1,0.949,0.4104,1,0,0,0
0,109,84.73,71,5h 34m 51s,4.419,5,completioncredit_globalkl002_e5,Completion-wide credit + global KL 0.02,1286,5.906,3e-08,122,0.02917,1455,42.44,7h 43m 51s,166.5,164.7,1,0,0,0,0,0,0.05241,0.02685,0.0001674,0,0,0,1,34.86,40,1,35.78,0,1,0.02542,1.271,1,0.9518,0.3204,1,0,0,0
0,109,85.5,70,5h 37m 38s,4.423,5,completioncredit_globalkl002_e5,Completion-wide credit + global KL 0.02,1287,3.046,3e-08,123,0.0441,1455,42.44,7h 41m 10s,166.5,164.7,1,0,0,0,0,0,0.02777,0.003275,-0.000408,0,0,0,1,35.81,41.21,1,32.96,0,1,0.02486,1.243,1,0.9689,0.4385,1,0,0,0
0,109,84.9,71,5h 40m 23s,4.426,5,completioncredit_globalkl002_e5,Completion-wide credit + global KL 0.02,1288,3.118,3e-08,124,0.0235,1455,42.44,7h 38m 26s,164.6,164.7,1,0,0,0,0,0,0.02506,0.0007221,-0.0005648,0,0,0,1,35.37,40.62,1,35.09,0,1,0.025,1.25,1,0.9955,0.4954,1,0,0,0
0,117,85.15,67,5h 43m 9s,4.43,5,completioncredit_globalkl002_e5,Completion-wide credit + global KL 0.02,1289,5.302,3e-08,125,0.04434,1455,42.44,7h 35m 42s,165.1,164.7,1,0,0,0,0,0,0.1034,0.08122,-0.003196,0,0,0,1,35.3,40.56,1,34.54,0,1,0.02542,1.271,1,0.9265,0.6032,1,0,0,0
0,117,85.12,70,5h 45m 52s,4.433,5,completioncredit_globalkl002_e5,Completion-wide credit + global KL 0.02,1290,3.566,3e-08,126,0.02343,1455,42.44,7h 32m 55s,163.1,164.7,1,0,0,0,0,0,0.02807,0.0004457,0.001987,0,0,0,1,35.81,41.15,1,33.49,0,1,0.02556,1.278,1,0.9553,0.4492,1,0,0,0
0,128,85.2,72,5h 48m 37s,4.436,5,completioncredit_globalkl002_e5,Completion-wide credit + global KL 0.02,1291,4.353,3e-08,127,0.0241,1455,42.44,7h 30m 10s,164.3,164.7,1,0,0,0,0,0,0.0302,0.005386,-8.627e-05,0,0,0,1,35.66,40.95,1,33.07,0,1,0.025,1.25,1,0.921,0.4382,1,0,0,0
0,109,85.4,73,5h 51m 22s,4.44,5,completioncredit_globalkl002_e5,Completion-wide credit + global KL 0.02,1292,5.785,3e-08,128,0.02268,1455,42.44,7h 27m 26s,165.1,164.7,1,0,0,0,0,0,0.02976,0.005162,-5.851e-05,0,0,0,1,35.81,41.15,1,34.18,0,1,0.02458,1.229,1,0.935,0.5292,1,0,0,0
0,119,84.99,70,5h 54m 4s,4.443,5,completioncredit_globalkl002_e5,Completion-wide credit + global KL 0.02,1293,3.55,3e-08,129,0.02697,1455,42.44,7h 24m 39s,162.3,164.7,1,0,0,0,0,0,0.02384,-0.002067,0.0001513,0,0,0,1,35.44,40.7,1,33.38,0,1,0.02569,1.285,1,0.9507,0.4779,1,0,0,0
0,120,85.27,72,5h 56m 53s,4.447,5,completioncredit_globalkl002_e5,Completion-wide credit + global KL 0.02,1294,4.929,3e-08,130,0.02637,1455,42.44,7h 21m 59s,168.3,164.7,1,0,0,0,0,0,0.03131,0.003904,0.002262,0,0,0,1,35.66,40.97,1,34.17,0,1,0.02514,1.257,1,0.9782,0.4866,1,0,0,0
0,109,85.92,67,5h 59m 39s,4.45,5,completioncredit_globalkl002_e5,Completion-wide credit + global KL 0.02,1295,3.609,3e-08,131,0.02461,1455,42.44,7h 19m 15s,165.3,164.7,1,0,0,0,0,0,0.02769,0.001848,0.0005704,0,0,0,1,35.08,40.25,1,33.6,0,1,0.02528,1.264,1,0.9005,0.6454,1,0,0,0
0,114,86.12,72,6h 2m 24s,4.454,5,completioncredit_globalkl002_e5,Completion-wide credit + global KL 0.02,1296,6.075,3e-08,132,0.02509,1455,42.44,7h 16m 31s,164.8,164.7,1,0,0,0,0,0,0.02879,0.002485,0.002379,0,0,0,1,35.44,40.74,1,33.93,0,1,0.02403,1.201,1,0.9317,0.2593,1,0,0,0
0,114,84.84,64,6h 5m 5s,4.457,5,completioncredit_globalkl002_e5,Completion-wide credit + global KL 0.02,1297,5.699,3e-08,133,0.05851,1455,42.44,7h 13m 42s,161,164.7,1,0,0,0,0,0,0.0333,0.002631,0.005395,0,0,0,1,36.17,41.6,1,33.45,0,1,0.02528,1.264,1,0.9951,0.5734,1,0,0,0
0,108,85.5,72,6h 7m 45s,4.46,5,completioncredit_globalkl002_e5,Completion-wide credit + global KL 0.02,1298,4.141,3e-08,134,0.0223,1455,42.44,7h 10m 52s,160.2,164.7,1,0,0,0,0,0,0.02445,-0.006352,0.006873,0,0,0,1,35.73,41.09,1,33.18,0,1,0.02403,1.201,1,0.9166,0.3572,1,0,0,0
0,107,85.76,72,6h 10m 30s,4.464,5,completioncredit_globalkl002_e5,Completion-wide credit + global KL 0.02,1299,3.952,3e-08,135,0.03984,1455,42.44,7h 8m 8s,164.8,164.7,1,0,0,0,0,0,0.02824,0.00166,0.002162,0,0,0,1,35.51,40.81,1,33.93,0,1,0.02444,1.222,1,0.9237,0.3983,1,0,0,0
0,114,84.1,70,6h 13m 18s,4.467,5,completioncredit_globalkl002_e5,Completion-wide credit + global KL 0.02,1300,4.334,3e-08,136,0.029,1455,42.44,7h 5m 27s,167.7,164.7,1,0,0,0,0,0,0.0289,0.000371,0.003631,0,0,0,1,35.37,40.66,1,33.07,0,1,0.025,1.25,1,0.9676,0.5271,1,0,0,0
0,109,83.77,71,6h 16m 3s,4.471,5,completioncredit_globalkl002_e5,Completion-wide credit + global KL 0.02,1301,3.926,3e-08,137,0.0321,1455,42.44,7h 2m 42s,164.3,164.7,1,0,0,0,0,0,0.01922,-0.003354,-0.001841,0,0,0,1,35.81,41.21,1,33.9,0,1,0.02444,1.222,1,0.9168,0.3894,1,0,0,0
0,122,86.31,70,6h 18m 45s,4.474,5,completioncredit_globalkl002_e5,Completion-wide credit + global KL 0.02,1302,3.051,3e-08,138,0.04191,1455,42.44,6h 59m 55s,162.4,164.7,1,0,0,0,0,0,0.02302,-0.00247,0.001071,0,0,0,1,35.95,41.4,1,33,0,1,0.02444,1.222,1,0.969,0.4417,1,0,0,0
0,109,84.97,71,6h 21m 34s,4.478,5,completioncredit_globalkl002_e5,Completion-wide credit + global KL 0.02,1303,4.902,3e-08,139,0.02355,1455,42.44,6h 57m 15s,168.5,164.7,1,0,0,0,0,0,0.02386,0.002728,-0.003766,0,0,0,1,35.51,40.83,1,33.83,0,1,0.025,1.25,1,0.9303,0.4274,1,0,0,0
0,124,84.92,67,6h 24m 19s,4.481,5,completioncredit_globalkl002_e5,Completion-wide credit + global KL 0.02,1304,4.158,3e-08,140,0.02793,1455,42.44,6h 54m 30s,164.4,164.7,1,0,0,0,0,0,0.01406,-0.007419,-0.003668,0,0,0,1,36.17,41.6,1,36.11,0,1,0.02514,1.257,1,0.9861,0.3429,1,0,0,0
0,109,84.88,70,6h 26m 59s,4.485,5,completioncredit_globalkl002_e5,Completion-wide credit + global KL 0.02,1305,5.975,3e-08,141,0.06293,1455,42.44,6h 51m 41s,160.2,164.7,1,0,0,0,0,0,0.111,0.08586,-0.0006927,0,0,0,1,35.3,40.52,1,32.75,0,1,0.02583,1.292,1,0.9728,0.3415,1,0,0,0
0,106,83.68,64,6h 29m 44s,4.488,5,completioncredit_globalkl002_e5,Completion-wide credit + global KL 0.02,1306,8.905,3e-08,142,0.02924,1455,42.44,6h 48m 57s,165,164.7,1,0,0,0,0,0,0.02628,0.002022,-0.0006434,0,0,0,1,35.59,40.93,1,35.2,0,1,0.025,1.25,1,0.9509,0.5237,1,0,0,0
0,111,84.82,74,6h 32m 28s,4.491,5,completioncredit_globalkl002_e5,Completion-wide credit + global KL 0.02,1307,3.938,3e-08,143,0.06436,1455,42.44,6h 46m 11s,162.9,164.7,1,0,0,0,0,0,0.1012,0.07856,-0.001322,0,0,0,1,35.95,41.32,1,33.97,0,1,0.02389,1.194,1,0.9603,0.3647,1,0,0,0
0,105,84.58,75,6h 35m 16s,4.495,5,completioncredit_globalkl002_e5,Completion-wide credit + global KL 0.02,1308,4.053,2e-08,144,0.02237,1455,42.44,6h 43m 30s,168.1,164.7,1,0,0,0,0,0,0.02509,-0.00311,0.003423,0,0,0,1,34.86,39.94,1,34.85,0,1,0.02472,1.236,1,0.9787,0.2999,1,0,0,0
0,117,85.63,71,6h 37m 60s,4.498,5,completioncredit_globalkl002_e5,Completion-wide credit + global KL 0.02,1309,4.041,2e-08,145,0.03641,1455,42.44,6h 40m 45s,163.8,164.7,1,0,0,0,0,0,0.02823,0.004804,-0.00172,0,0,0,1,35.81,41.15,1,34.78,0,1,0.02514,1.257,1,0.8849,0.7063,1,0,0,0
0,117,85.32,67,6h 40m 46s,4.502,5,completioncredit_globalkl002_e5,Completion-wide credit + global KL 0.02,1310,3.947,2e-08,146,0.03549,1455,42.44,6h 38m 1s,165.5,164.7,1,0,0,0,0,0,0.07059,0.04304,0.002166,0,0,0,1,35.73,41.05,1,32.98,0,1,0.02542,1.271,1,0.9769,0.6268,1,0,0,0
0,121,84.78,72,6h 43m 29s,4.505,5,completioncredit_globalkl002_e5,Completion-wide credit + global KL 0.02,1311,5.044,2e-08,147,0.02387,1455,42.44,6h 35m 15s,163.1,164.7,1,0,0,0,0,0,0.02523,0.0002245,0.000108,0,0,0,1,36.68,42.22,1,33.98,0,1,0.025,1.25,1,0.986,0.451,1,0,0,0
0,110,84.69,69,6h 46m 8s,4.509,5,completioncredit_globalkl002_e5,Completion-wide credit + global KL 0.02,1312,3.647,2e-08,148,0.05611,1455,42.44,6h 32m 25s,158.7,164.6,1,0,0,0,0,0,0.03163,0.003753,0.003096,0,0,0,1,35.44,40.7,1,32.58,0,1,0.02472,1.236,1,0.9708,0.44,1,0,0,0
0,115,84.81,70,6h 48m 54s,4.512,5,completioncredit_globalkl002_e5,Completion-wide credit + global KL 0.02,1313,4.372,2e-08,149,0.02245,1455,42.44,6h 29m 41s,165.9,164.7,1,0,0,0,0,0,0.02359,0.002477,-0.003794,0,0,0,1,35.37,40.6,1,36.17,0,1,0.025,1.25,1,0.9785,0.4174,1,0,0,0
0,105,84.99,75,6h 51m 33s,4.515,5,completioncredit_globalkl002_e5,Completion-wide credit + global KL 0.02,1314,10.19,2e-08,150,0.02398,1455,42.44,6h 26m 51s,158.3,164.6,1,0,0,0,0,0,0.02049,-0.003488,-0.0004341,0,0,0,1,35.51,40.79,1,33.24,0,1,0.02444,1.222,1,0.9635,0.5903,1,0,0,0
0,114,84.55,68,6h 54m 15s,4.519,5,completioncredit_globalkl002_e5,Completion-wide credit + global KL 0.02,1315,2.499,2e-08,151,0.04556,1455,42.44,6h 24m 4s,162.1,164.6,1,0,0,0,0,0,0.04316,0.01815,0.000227,0,0,0,1,36.17,41.65,1,35.62,0,1,0.02472,1.236,1,0.9528,0.3498,1,0,0,0
0,110,85.47,71,6h 56m 57s,4.522,5,completioncredit_globalkl002_e5,Completion-wide credit + global KL 0.02,1316,4.439,2e-08,152,0.02642,1455,42.44,6h 21m 17s,161.7,164.6,1,0,0,0,0,0,0.02745,0.0009784,0.001567,0,0,0,1,35.88,41.29,1,33.87,0,1,0.02486,1.243,1,0.9448,0.4773,1,0,0,0
0,104,84.28,71,6h 59m 43s,4.526,5,completioncredit_globalkl002_e5,Completion-wide credit + global KL 0.02,1317,2.792,2e-08,153,0.04197,1455,42.44,6h 18m 34s,166.1,164.6,1,0,0,0,0,0,0.02558,0.004676,-0.004,0,0,0,1,35.3,40.6,1,33.05,0,1,0.025,1.25,1,0.8969,0.5673,1,0,0,0
0,104,84.28,69,7h 2m 24s,4.529,5,completioncredit_globalkl002_e5,Completion-wide credit + global KL 0.02,1318,4.346,2e-08,154,0.02411,1455,42.44,6h 15m 46s,160.5,164.6,1,0,0,0,0,0,0.02315,0.0001347,-0.002251,0,0,0,1,35.08,40.29,1,32.53,0,1,0.02528,1.264,1,0.9625,0.4885,1,0,0,0
0,111,84.84,73,7h 5m 11s,4.533,5,completioncredit_globalkl002_e5,Completion-wide credit + global KL 0.02,1319,3.92,2e-08,155,0.02824,1455,42.44,6h 13m 4s,167.3,164.6,1,0,0,0,0,0,0.02821,-0.0009742,0.003916,0,0,0,1,35.15,40.38,1,34.89,0,1,0.02528,1.264,1,0.8374,0.517,1,0,0,0
0,112,85.84,72,7h 7m 54s,4.536,5,completioncredit_globalkl002_e5,Completion-wide credit + global KL 0.02,1320,3.77,2e-08,156,0.02422,1455,42.44,6h 10m 18s,162.4,164.6,1,0,0,0,0,0,0.0188,-0.001762,-0.00385,0,0,0,1,36.03,41.42,1,32.16,0,1,0.02444,1.222,1,0.9894,0.3456,1,0,0,0
0,119,84.9,71,7h 10m 37s,4.54,5,completioncredit_globalkl002_e5,Completion-wide credit + global KL 0.02,1321,3.226,2e-08,157,0.05988,1455,42.44,6h 7m 32s,162.9,164.6,1,0,0,0,0,0,0.02187,-0.002899,0.0003532,0,0,0,1,35,40.11,1,34,0,1,0.02444,1.222,1,0.9359,0.4584,1,0,0,0
0,109,84.23,67,7h 13m 19s,4.543,5,completioncredit_globalkl002_e5,Completion-wide credit + global KL 0.02,1322,4.285,2e-08,158,0.03436,1455,42.44,6h 4m 45s,161.3,164.5,1,0,0,0,0,0,0.01792,-0.002417,-0.003587,0,0,0,1,35.44,40.74,1,33.44,0,1,0.02403,1.201,1,0.9845,0.4827,1,0,0,0
0,119,85.97,70,7h 16m 6s,4.546,5,completioncredit_globalkl002_e5,Completion-wide credit + global KL 0.02,1323,3.547,2e-08,159,0.04023,1455,42.44,6h 2m 3s,167.6,164.6,1,0,0,0,0,0,0.08783,0.06647,-0.003297,0,0,0,1,36.54,42.04,1,33.63,0,1,0.02458,1.229,1,0.9585,0.3022,1,0,0,0
0,109,84.2,67,7h 18m 50s,4.55,5,completioncredit_globalkl002_e5,Completion-wide credit + global KL 0.02,1324,4.215,2e-08,160,0.03445,1455,42.44,5h 59m 18s,162.6,164.6,1,0,0,0,0,0,0.02325,-0.001384,-0.0002731,0,0,0,1,35.59,40.87,1,32.63,0,1,0.02486,1.243,1,0.9328,0.3209,1,0,0,0
0,122,84.81,71,7h 21m 33s,4.553,5,completioncredit_globalkl002_e5,Completion-wide credit + global KL 0.02,1325,5.285,2e-08,161,0.04379,1455,42.44,5h 56m 32s,163.3,164.6,1,0,0,0,0,0,0.0218,-0.005921,0.002456,0,0,0,1,36.76,42.32,1,35.41,0,1,0.02528,1.264,1,0.9343,0.3688,1,0,0,0
0,119,84.51,72,7h 24m 16s,4.557,5,completioncredit_globalkl002_e5,Completion-wide credit + global KL 0.02,1326,5.185,2e-08,162,0.02534,1455,42.44,5h 53m 46s,162.9,164.5,1,0,0,0,0,0,0.03041,0.0007477,0.004883,0,0,0,1,35.73,41.07,1,33.16,0,1,0.02472,1.236,1,0.8434,0.3979,1,0,0,0
0,105,84.89,70,7h 27m 2s,4.56,5,completioncredit_globalkl002_e5,Completion-wide credit + global KL 0.02,1327,3.87,2e-08,163,0.0388,1455,42.44,5h 51m 3s,164.8,164.6,1,0,0,0,0,0,0.07809,0.05537,-0.003154,0,0,0,1,35.51,40.79,1,32.93,0,1,0.02583,1.292,1,0.9681,0.5767,1,0,0,0
0,113,84.3,70,7h 29m 46s,4.564,5,completioncredit_globalkl002_e5,Completion-wide credit + global KL 0.02,1328,3.227,2e-08,164,0.02502,1455,42.44,5h 48m 18s,163.8,164.5,1,0,0,0,0,0,0.01786,-0.002592,-0.004819,0,0,0,1,36.1,41.5,1,34.69,0,1,0.02528,1.264,1,0.8723,0.5739,1,0,0,0
0,108,84.81,69,7h 32m 32s,4.567,5,completioncredit_globalkl002_e5,Completion-wide credit + global KL 0.02,1329,8.6,2e-08,165,0.02596,1455,42.44,5h 45m 34s,165.7,164.6,1,0,0,0,0,0,0.02683,0.0009648,0.001086,0,0,0,1,35.15,40.37,1,34.39,0,1,0.02472,1.236,1,0.9893,0.3388,1,0,0,0
0,122,85.74,72,7h 35m 16s,4.57,5,completioncredit_globalkl002_e5,Completion-wide credit + global KL 0.02,1330,3.626,2e-08,166,0.02506,1455,42.44,5h 42m 49s,163.6,164.6,1,0,0,0,0,0,0.02775,0.002239,0.001582,0,0,0,1,35.73,41.09,1,32.89,0,1,0.02389,1.194,1,0.9454,0.3159,1,0,0,0
0,103,83.93,70,7h 37m 58s,4.574,5,completioncredit_globalkl002_e5,Completion-wide credit + global KL 0.02,1331,3.355,2e-08,167,0.03301,1455,42.44,5h 40m 3s,161.9,164.5,1,0,0,0,0,0,0.01908,-0.003977,-0.002211,0,0,0,1,35.3,40.52,1,32.88,0,1,0.02528,1.264,1,0.9726,0.3624,1,0,0,0
0,117,85.17,72,7h 40m 42s,4.577,5,completioncredit_globalkl002_e5,Completion-wide credit + global KL 0.02,1332,4.533,2e-08,168,0.02907,1455,42.44,5h 37m 18s,164.3,164.5,1,0,0,0,0,0,0.02736,0.003542,-0.0004706,0,0,0,1,36.39,41.91,1,33.81,0,1,0.02431,1.215,1,0.9921,0.3248,1,0,0,0
0,104,83.53,68,7h 43m 23s,4.581,5,completioncredit_globalkl002_e5,Completion-wide credit + global KL 0.02,1333,4.875,2e-08,169,0.03904,1455,42.44,5h 34m 31s,160.1,164.5,1,0,0,0,0,0,0.02333,-0.001141,-0.0006759,0,0,0,1,35.3,40.54,1,32.2,0,1,0.02514,1.257,1,0.9341,0.481,1,0,0,0
0,117,84.92,70,7h 46m 7s,4.584,5,completioncredit_globalkl002_e5,Completion-wide credit + global KL 0.02,1334,3.709,2e-08,170,0.03306,1455,42.44,5h 31m 46s,164.1,164.5,1,0,0,0,0,0,0.02525,-6.865e-05,4.991e-05,0,0,0,1,35.51,40.79,1,34.74,0,1,0.02528,1.264,1,0.9783,0.43,1,0,0,0
0,111,84.73,72,7h 48m 50s,4.588,5,completioncredit_globalkl002_e5,Completion-wide credit + global KL 0.02,1335,3.794,2e-08,171,0.03078,1455,42.44,5h 29m 0s,161.8,164.5,1,0,0,0,0,0,0.02686,-0.003343,0.005302,0,0,0,1,35.08,40.25,1,33.36,0,1,0.02486,1.243,1,0.9636,0.4622,1,0,0,0
0,118,84.67,71,7h 51m 34s,4.591,5,completioncredit_globalkl002_e5,Completion-wide credit + global KL 0.02,1336,4.672,2e-08,172,0.02217,1455,42.44,5h 26m 15s,164.2,164.5,1,0,0,0,0,0,0.02329,-0.001288,-0.0006924,0,0,0,1,35,40.11,1,33.24,0,1,0.02528,1.264,1,0.9721,0.4774,1,0,0,0
0,121,84.83,64,7h 54m 18s,4.595,5,completioncredit_globalkl002_e5,Completion-wide credit + global KL 0.02,1337,5.365,2e-08,173,0.02296,1455,42.44,5h 23m 31s,163.6,164.5,1,0,0,0,0,0,0.02012,-0.003835,-0.0009523,0,0,0,1,36.68,42.22,1,36.18,0,1,0.025,1.25,1,0.9852,0.3668,1,0,0,0
0,122,85.36,71,7h 57m 1s,4.598,5,completioncredit_globalkl002_e5,Completion-wide credit + global KL 0.02,1338,5.655,2e-08,174,0.01663,1455,42.44,5h 20m 45s,162.4,164.5,1,0,0,0,0,0,0.02481,-0.0007693,0.0004351,0,0,0,1,36.03,41.46,1,32.22,0,1,0.02514,1.257,1,0.9798,0.3143,1,0,0,0
0,118,83.82,69,7h 59m 44s,4.601,5,completioncredit_globalkl002_e5,Completion-wide credit + global KL 0.02,1339,5.492,2e-08,175,0.03481,1455,42.44,5h 17m 60s,163.3,164.5,1,0,0,0,0,0,0.02385,-0.0002469,-0.0008096,0,0,0,1,36.46,41.99,1,34.26,0,1,0.02486,1.243,1,0.9817,0.407,1,0,0,0
0,109,84.67,73,8h 2m 28s,4.605,5,completioncredit_globalkl002_e5,Completion-wide credit + global KL 0.02,1340,4.063,2e-08,176,0.0388,1455,42.44,5h 15m 15s,163.6,164.5,1,0,0,0,0,0,0.02769,7.653e-05,0.00271,0,0,0,1,35.08,40.25,1,35.69,0,1,0.02486,1.243,1,0.9722,0.4546,1,0,0,0
0,111,85,64,8h 5m 19s,4.608,5,completioncredit_globalkl002_e5,Completion-wide credit + global KL 0.02,1341,3.346,2e-08,177,0.02433,1455,42.44,5h 12m 35s,171,164.5,1,0,0,0,0,0,0.01842,-0.005727,-0.0001423,0,0,0,1,35.95,41.36,1,36.18,0,1,0.02431,1.215,1,0.9405,0.5098,1,0,0,0
0,113,84.77,72,8h 8m 0s,4.612,5,completioncredit_globalkl002_e5,Completion-wide credit + global KL 0.02,1342,5.609,1e-08,178,0.0292,1455,42.44,5h 9m 48s,160.6,164.5,1,0,0,0,0,0,0.01917,-0.002748,-0.00286,0,0,0,1,35.73,41.11,1,33.32,0,1,0.02472,1.236,1,0.9333,0.4386,1,0,0,0
0,117,84.88,72,8h 10m 43s,4.615,5,completioncredit_globalkl002_e5,Completion-wide credit + global KL 0.02,1343,3.32,1e-08,179,0.05732,1455,42.44,5h 7m 3s,162.7,164.5,1,0,0,0,0,0,0.04812,0.02466,-0.001928,0,0,0,1,35.51,40.79,1,32.64,0,1,0.02542,1.271,1,0.9246,0.6147,1,0,0,0
0,109,85.81,70,8h 13m 24s,4.619,5,completioncredit_globalkl002_e5,Completion-wide credit + global KL 0.02,1344,4.11,1e-08,180,0.0239,1455,42.44,5h 4m 16s,160.1,164.5,1,0,0,0,0,0,0.02515,0.003881,-0.003881,0,0,0,1,35.44,40.76,1,34.09,0,1,0.02514,1.257,1,0.8613,0.3324,1,0,0,0
0,114,84.15,71,8h 16m 9s,4.622,5,completioncredit_globalkl002_e5,Completion-wide credit + global KL 0.02,1345,4.162,1e-08,181,0.02189,1455,42.44,5h 1m 31s,164.8,164.5,1,0,0,0,0,0,0.02652,-0.001743,0.002629,0,0,0,1,36.17,41.65,1,34.59,0,1,0.02556,1.278,1,0.9754,0.5343,1,0,0,0
0,110,84.03,70,8h 18m 57s,4.625,5,completioncredit_globalkl002_e5,Completion-wide credit + global KL 0.02,1346,3.604,1e-08,182,0.0463,1455,42.44,4h 58m 50s,168.7,164.5,1,0,0,0,0,0,0.0373,0.01123,0.00129,0,0,0,1,35.81,41.22,1,35.07,0,1,0.02472,1.236,1,0.8991,0.5257,1,0,0,0
0,127,85.87,67,8h 21m 43s,4.629,5,completioncredit_globalkl002_e5,Completion-wide credit + global KL 0.02,1347,4.561,1e-08,183,0.04354,1455,42.44,4h 56m 6s,164.9,164.5,1,0,0,0,0,0,0.03172,0.006505,7.366e-05,0,0,0,1,36.1,41.5,1,37.58,0,1,0.02514,1.257,1,0.9797,0.5591,1,0,0,0
0,110,84.13,71,8h 24m 30s,4.632,5,completioncredit_globalkl002_e5,Completion-wide credit + global KL 0.02,1348,5.186,1e-08,184,0.02426,1455,42.44,4h 53m 22s,166.7,164.5,1,0,0,0,0,0,0.0248,0.0008615,-0.0009667,0,0,0,1,35.44,40.76,1,35.46,0,1,0.025,1.25,1,0.9628,0.5136,1,0,0,0
0,114,85.76,71,8h 27m 21s,4.636,5,completioncredit_globalkl002_e5,Completion-wide credit + global KL 0.02,1349,3.877,1e-08,185,0.02415,1455,42.44,4h 50m 42s,171.1,164.5,1,0,0,0,0,0,0.02798,-0.00286,0.006178,0,0,0,1,36.17,41.6,1,35.23,0,1,0.02458,1.229,1,0.9506,0.4011,1,0,0,0
0,113,84.08,69,8h 30m 13s,4.639,5,completioncredit_globalkl002_e5,Completion-wide credit + global KL 0.02,1350,4.29,1e-08,186,0.02463,1455,42.44,4h 48m 1s,171.7,164.6,1,0,0,0,0,0,0.03068,0.001522,0.004252,0,0,0,1,35.51,40.81,1,38.54,0,1,0.025,1.25,1,0.968,0.4471,1,0,0,0
0,109,83.82,64,8h 32m 57s,4.643,5,completioncredit_globalkl002_e5,Completion-wide credit + global KL 0.02,1351,6.025,1e-08,187,0.02843,1455,42.44,4h 45m 17s,163.9,164.6,1,0,0,0,0,0,0.03484,0.02314,-0.01405,0,0,0,1,35.08,40.29,1,32.48,0,1,0.02569,1.285,1,0.9091,0.4128,1,0,0,0
0,124,85.32,67,8h 35m 38s,4.646,5,completioncredit_globalkl002_e5,Completion-wide credit + global KL 0.02,1352,4.67,1e-08,188,0.0354,1455,42.53,4h 42m 30s,160.8,164.6,1,0,0,0,0,0,0.01975,-0.005725,-0.0002801,0,0,0,1,36.9,42.53,1,32.83,0,1,0.02569,1.285,1,0.9588,0.5856,1,0,0,0
0,114,84.51,70,8h 38m 23s,4.649,5,completioncredit_globalkl002_e5,Completion-wide credit + global KL 0.02,1353,5.706,1e-08,189,0.02487,1455,42.53,4h 39m 46s,164.5,164.6,1,0,0,0,0,0,0.03004,0.002709,0.002427,0,0,0,1,36.03,41.48,1,33.07,0,1,0.02486,1.243,1,0.9719,0.373,1,0,0,0
0,113,85.47,71,8h 41m 7s,4.653,5,completioncredit_globalkl002_e5,Completion-wide credit + global KL 0.02,1354,4.501,1e-08,190,0.04026,1455,42.53,4h 37m 1s,164,164.6,1,0,0,0,0,0,0.09673,0.07423,-0.002644,0,0,0,1,35.44,40.72,1,34.2,0,1,0.02514,1.257,1,0.9759,0.5692,1,0,0,0
0,103,84.44,73,8h 43m 46s,4.656,5,completioncredit_globalkl002_e5,Completion-wide credit + global KL 0.02,1355,6.586,1e-08,191,0.03741,1455,42.53,4h 34m 13s,158.4,164.5,1,0,0,0,0,0,0.02073,-0.00533,0.0006721,0,0,0,1,35.3,40.56,1,32.5,0,1,0.02542,1.271,1,0.995,0.4403,1,0,0,0
0,109,85.46,71,8h 46m 28s,4.66,5,completioncredit_globalkl002_e5,Completion-wide credit + global KL 0.02,1356,3.752,1e-08,192,0.04207,1455,42.53,4h 31m 28s,162.1,164.5,1,0,0,0,0,0,0.02886,0.003778,-0.0005483,0,0,0,1,35.73,41.15,1,35.02,0,1,0.02556,1.278,1,0.9745,0.4279,1,0,0,0
0,115,85.01,71,8h 49m 12s,4.663,5,completioncredit_globalkl002_e5,Completion-wide credit + global KL 0.02,1357,4.087,1e-08,193,0.02308,1455,42.53,4h 28m 43s,163.3,164.5,1,0,0,0,0,0,0.02653,0.004032,-0.002897,0,0,0,1,36.17,41.62,1,34.48,0,1,0.02542,1.271,1,0.9644,0.4733,1,0,0,0
0,111,84.42,72,8h 51m 55s,4.667,5,completioncredit_globalkl002_e5,Completion-wide credit + global KL 0.02,1358,3.82,1e-08,194,0.02552,1455,42.53,4h 25m 57s,162.6,164.5,1,0,0,0,0,0,0.03103,0.004582,0.001668,0,0,0,1,35.95,41.36,1,32.87,0,1,0.02472,1.236,1,0.9726,0.4346,1,0,0,0
0,105,83.97,72,8h 54m 36s,4.67,5,completioncredit_globalkl002_e5,Completion-wide credit + global KL 0.02,1359,4.339,1e-08,195,0.04109,1455,42.53,4h 23m 11s,161.1,164.5,1,0,0,0,0,0,0.12,0.09808,-0.003925,0,0,0,1,35.51,40.87,1,33.62,0,1,0.02597,1.299,1,0.9523,0.6427,1,0,0,0
0,123,85.34,69,8h 57m 22s,4.674,5,completioncredit_globalkl002_e5,Completion-wide credit + global KL 0.02,1360,3.586,1e-08,196,0.02639,1455,42.53,4h 20m 28s,166,164.5,1,0,0,0,0,0,0.03168,0.004028,0.003483,0,0,0,1,36.68,42.3,1,36.2,0,1,0.02417,1.208,1,0.9957,0.295,1,0,0,0
0,111,85.25,71,9h 0m 13s,4.677,5,completioncredit_globalkl002_e5,Completion-wide credit + global KL 0.02,1361,6.134,1e-08,197,0.05604,1455,42.53,4h 17m 46s,170.1,164.5,1,0,0,0,0,0,0.02337,-0.00152,0.001082,0,0,0,1,35.44,40.72,1,38.02,0,1,0.02375,1.188,1,0.9592,0.4465,1,0,0,0
0,112,84.51,73,9h 2m 58s,4.68,5,completioncredit_globalkl002_e5,Completion-wide credit + global KL 0.02,1362,4.403,1e-08,198,0.0287,1455,42.53,4h 15m 2s,165.6,164.5,1,0,0,0,0,0,0.01591,-0.008367,-0.0006257,0,0,0,1,36.03,41.5,1,33,0,1,0.02486,1.243,1,0.9551,0.4048,1,0,0,0
0,122,84.82,71,9h 5m 45s,4.684,5,completioncredit_globalkl002_e5,Completion-wide credit + global KL 0.02,1363,4.772,1e-08,199,0.02109,1455,42.53,4h 12m 18s,166.1,164.5,1,0,0,0,0,0,0.02066,-0.004673,0.0001891,0,0,0,1,35.95,41.48,1,34.69,0,1,0.02514,1.257,1,0.9955,0.3562,1,0,0,0
0,116,85.08,73,9h 8m 25s,4.687,5,completioncredit_globalkl002_e5,Completion-wide credit + global KL 0.02,1364,3.942,1e-08,200,0.02082,1455,42.53,4h 9m 32s,160.5,164.5,1,0,0,0,0,0,0.02384,0.003726,-0.00479,0,0,0,1,35.88,41.34,1,33.97,0,1,0.02486,1.243,1,0.9615,0.4221,1,0,0,0
0,116,85.4,70,9h 11m 9s,4.691,5,completioncredit_globalkl002_e5,Completion-wide credit + global KL 0.02,1365,4.225,1e-08,201,0.04067,1455,42.53,4h 6m 47s,163.9,164.5,1,0,0,0,0,0,0.02222,-0.0006742,-0.002009,0,0,0,1,35.73,41.15,1,32.69,0,1,0.025,1.25,1,0.968,0.6496,1,0,0,0
0,116,85.72,69,9h 13m 56s,4.694,5,completioncredit_globalkl002_e5,Completion-wide credit + global KL 0.02,1366,5.087,1e-08,202,0.04,1455,42.53,4h 4m 4s,166.4,164.5,1,0,0,0,0,0,0.07864,0.05197,0.002258,0,0,0,1,35.3,40.62,1,32.93,0,1,0.02444,1.222,1,0.9831,0.4132,1,0,0,0
0,108,84.03,72,9h 16m 36s,4.698,5,completioncredit_globalkl002_e5,Completion-wide credit + global KL 0.02,1367,3.949,1e-08,203,0.03869,1455,42.53,4h 1m 17s,159.2,164.5,1,0,0,0,0,0,0.0341,0.009332,-0.0006262,0,0,0,1,34.93,40.05,1,34.97,0,1,0.02542,1.271,1,0.88,0.5356,1,0,0,0
0,128,85.29,69,9h 19m 23s,4.701,5,completioncredit_globalkl002_e5,Completion-wide credit + global KL 0.02,1368,5.2,1e-08,204,0.02612,1455,42.53,3h 58m 34s,167.6,164.5,1,0,0,0,0,0,0.03265,0.00525,0.001518,0,0,0,1,35.73,41.15,1,34.66,0,1,0.02597,1.299,1,0.9016,0.543,1,0,0,0
0,116,85.62,73,9h 22m 5s,4.704,5,completioncredit_globalkl002_e5,Completion-wide credit + global KL 0.02,1369,4.426,1e-08,205,0.02691,1455,42.53,3h 55m 48s,161.1,164.5,1,0,0,0,0,0,0.02852,0.00411,-0.001465,0,0,0,1,35.3,40.54,1,34.68,0,1,0.02597,1.299,1,0.941,0.2996,1,0,0,0
0,100,83.85,68,9h 24m 53s,4.708,5,completioncredit_globalkl002_e5,Completion-wide credit + global KL 0.02,1370,4.172,1e-08,206,0.03128,1455,42.53,3h 53m 5s,167.7,164.5,1,0,0,0,0,0,0.02723,-0.001223,0.002573,0,0,0,1,35,40.23,1,35.51,0,1,0.02597,1.299,1,0.9853,0.4536,1,0,0,0
0,105,85.11,71,9h 27m 38s,4.711,5,completioncredit_globalkl002_e5,Completion-wide credit + global KL 0.02,1371,3.806,1e-08,207,0.02545,1455,42.53,3h 50m 21s,165,164.5,1,0,0,0,0,0,0.02894,0.002005,0.003013,0,0,0,1,35.44,40.76,1,33.19,0,1,0.02403,1.201,1,0.9639,0.504,1,0,0,0
0,110,84.8,70,9h 30m 26s,4.715,5,completioncredit_globalkl002_e5,Completion-wide credit + global KL 0.02,1372,5.648,1e-08,208,0.03852,1455,42.53,3h 47m 37s,167.5,164.5,1,0,0,0,0,0,0.08166,0.05291,0.003362,0,0,0,1,35.51,40.79,1,32.85,0,1,0.02542,1.271,1,0.9242,0.5888,1,0,0,0
0,108,84.17,68,9h 33m 11s,4.718,5,completioncredit_globalkl002_e5,Completion-wide credit + global KL 0.02,1373,5.658,1e-08,209,0.05315,1455,42.53,3h 44m 53s,165.1,164.6,1,0,0,0,0,0,0.05403,0.03107,-0.002433,0,0,0,1,35.44,40.7,1,33.97,0,1,0.02542,1.271,1,0.9709,0.4553,1,0,0,0
0,109,83.34,67,9h 36m 0s,4.722,5,completioncredit_globalkl002_e5,Completion-wide credit + global KL 0.02,1374,2.935,1e-08,210,0.02519,1455,42.53,3h 42m 10s,168.7,164.6,1,0,0,0,0,0,0.02028,-0.002823,-0.001804,0,0,0,1,35.3,40.52,1,32.5,0,1,0.025,1.25,1,0.9214,0.6411,1,0,0,0
0,134,84.52,72,9h 38m 43s,4.725,5,completioncredit_globalkl002_e5,Completion-wide credit + global KL 0.02,1375,3.646,1e-08,211,0.03548,1455,42.53,3h 39m 25s,161.8,164.6,1,0,0,0,0,0,0.02981,0.003083,0.001825,0,0,0,1,35.15,40.38,1,32.38,0,1,0.02486,1.243,1,0.956,0.4846,1,0,0,0
0,106,84.49,72,9h 41m 30s,4.729,5,completioncredit_globalkl002_e5,Completion-wide credit + global KL 0.02,1376,3.777,1e-08,212,0.02245,1455,42.53,3h 36m 41s,166.2,164.6,1,0,0,0,0,0,0.02191,-0.0001949,-0.002557,0,0,0,1,35.59,40.93,1,33.33,0,1,0.02458,1.229,1,0.996,0.6209,1,0,0,0
0,113,85,70,9h 44m 18s,4.732,5,completioncredit_globalkl002_e5,Completion-wide credit + global KL 0.02,1377,4.982,1e-08,213,0.02943,1455,42.53,3h 33m 58s,168,164.6,1,0,0,0,0,0,0.02965,0.001688,0.00208,0,0,0,1,36.1,41.58,1,33.22,0,1,0.02583,1.292,1,0.9423,0.5223,1,0,0,0
0,107,84.26,70,9h 47m 5s,4.735,5,completioncredit_globalkl002_e5,Completion-wide credit + global KL 0.02,1378,7.963,1e-08,214,0.02822,1455,42.53,3h 31m 14s,167.2,164.6,1,0,0,0,0,0,0.02626,8.839e-05,4.91e-05,0,0,0,1,35.66,41.01,1,36.53,0,1,0.02611,1.306,1,0.8491,0.4313,1,0,0,0
0,109,84.17,71,9h 49m 52s,4.739,5,completioncredit_globalkl002_e5,Completion-wide credit + global KL 0.02,1379,4.241,1e-08,215,0.03903,1455,42.53,3h 28m 31s,166.3,164.6,1,0,0,0,0,0,0.02547,0.001914,-0.002327,0,0,0,1,35.3,40.56,1,38.03,0,1,0.02583,1.292,1,0.9544,0.5896,1,0,0,0
0,120,84.27,71,9h 52m 37s,4.742,5,completioncredit_globalkl002_e5,Completion-wide credit + global KL 0.02,1380,4.244,1e-08,216,0.02846,1455,42.53,3h 25m 46s,164.6,164.6,1,0,0,0,0,0,0.03138,0.003152,0.003566,0,0,0,1,36.61,42.18,1,33.26,0,1,0.02458,1.229,1,0.9779,0.4316,1,0,0,0
0,116,85.33,73,9h 55m 22s,4.746,5,completioncredit_globalkl002_e5,Completion-wide credit + global KL 0.02,1381,5.501,1e-08,217,0.04731,1455,42.53,3h 23m 2s,165.4,164.6,1,0,0,0,0,0,0.04458,0.02163,-0.001826,0,0,0,1,35.88,41.26,1,34.38,0,1,0.02472,1.236,1,0.9343,0.4946,1,0,0,0
0,133,85.22,70,9h 58m 5s,4.749,5,completioncredit_globalkl002_e5,Completion-wide credit + global KL 0.02,1382,3.866,1e-08,218,0.04247,1455,43.33,3h 20m 17s,162.6,164.6,1,0,0,0,0,0,0.09719,0.07816,-0.00587,0,0,0,1,37.56,43.33,1,32.13,0,1,0.02486,1.243,1,0.9629,0.6032,1,0,0,0
0,105,84.12,70,10h 0m 50s,4.753,5,completioncredit_globalkl002_e5,Completion-wide credit + global KL 0.02,1383,9.464,1e-08,219,0.04421,1455,43.33,3h 17m 32s,164.9,164.6,1,0,0,0,0,0,0.02698,-0.0009421,0.002656,0,0,0,1,35.08,40.25,1,32.09,0,1,0.02528,1.264,1,0.9649,0.58,1,0,0,0
0,131,86.09,71,10h 3m 34s,4.756,5,completioncredit_globalkl002_e5,Completion-wide credit + global KL 0.02,1384,3.289,1e-08,220,0.0855,1455,43.33,3h 14m 47s,162.9,164.6,1,0,0,0,0,0,0.0263,0.005099,-0.003701,0,0,0,1,35.88,41.24,1,32.19,0,1,0.025,1.25,1,0.9918,0.3798,1,0,0,0
0,108,83.93,69,10h 6m 15s,4.759,5,completioncredit_globalkl002_e5,Completion-wide credit + global KL 0.02,1385,4.413,1e-08,221,0.02315,1455,43.33,3h 12m 1s,160.8,164.6,1,0,0,0,0,0,0.02314,-0.004059,0.001319,0,0,0,1,35.22,40.44,1,32.12,0,1,0.02597,1.299,1,0.9869,0.4384,1,0,0,0
0,107,85.08,70,10h 8m 53s,4.763,5,completioncredit_globalkl002_e5,Completion-wide credit + global KL 0.02,1386,4.199,1e-08,222,0.02149,1455,43.33,3h 9m 15s,157.9,164.6,1,0,0,0,0,0,0.02547,-0.0009442,0.0007829,0,0,0,1,35.22,40.42,1,31.48,0,1,0.02556,1.278,1,0.929,0.3483,1,0,0,0
0,112,86.4,73,10h 11m 31s,4.766,5,completioncredit_globalkl002_e5,Completion-wide credit + global KL 0.02,1387,3.594,1e-08,223,0.03404,1455,43.33,3h 6m 28s,157.9,164.5,1,0,0,0,0,0,0.02905,0.005025,-0.0006317,0,0,0,1,35.88,41.24,1,32.21,0,1,0.02458,1.229,1,0.9472,0.3575,1,0,0,0
0,105,84.58,69,10h 14m 17s,4.77,5,completioncredit_globalkl002_e5,Completion-wide credit + global KL 0.02,1388,3.293,1e-08,224,0.03414,1455,43.33,3h 3m 44s,165.6,164.5,1,0,0,0,0,0,0.05328,0.02872,-0.001562,0,0,0,1,34.78,39.84,1,32.32,0,1,0.02611,1.306,1,0.9265,0.4469,1,0,0,0
0,128,85.42,68,10h 17m 2s,4.773,5,completioncredit_globalkl002_e5,Completion-wide credit + global KL 0.02,1389,3.787,1e-08,225,0.03685,1455,43.33,3h 0m 60s,164.9,164.5,1,0,0,0,0,0,0.02295,-0.003997,0.001186,0,0,0,1,37.19,42.87,1,33.02,0,1,0.02569,1.285,1,0.9511,0.553,1,0,0,0
0,110,84.76,70,10h 19m 50s,4.777,5,completioncredit_globalkl002_e5,Completion-wide credit + global KL 0.02,1390,7.676,0,226,0.02381,1455,43.33,2h 58m 16s,167.7,164.6,1,0,0,0,0,0,0.02029,-0.00529,-5.374e-05,0,0,0,1,35.81,41.15,1,32.93,0,1,0.02556,1.278,1,0.9867,0.2679,1,0,0,0
0,112,83.92,70,10h 22m 35s,4.78,5,completioncredit_globalkl002_e5,Completion-wide credit + global KL 0.02,1391,2.536,0,227,0.02228,1455,43.33,2h 55m 32s,164.8,164.6,1,0,0,0,0,0,0.0288,0.008397,-0.004869,0,0,0,1,35.73,41.07,1,35.47,0,1,0.02528,1.264,1,0.9296,0.5156,1,0,0,0
0,106,83.9,70,10h 25m 14s,4.784,5,completioncredit_globalkl002_e5,Completion-wide credit + global KL 0.02,1392,4.901,0,228,0.02498,1455,43.33,2h 52m 46s,159.2,164.5,1,0,0,0,0,0,0.02753,0.002589,3.509e-05,0,0,0,1,35.37,40.62,1,32.07,0,1,0.02486,1.243,1,0.9791,0.4375,1,0,0,0
0,110,84.32,68,10h 27m 57s,4.787,5,completioncredit_globalkl002_e5,Completion-wide credit + global KL 0.02,1393,4.332,0,229,0.03159,1455,43.33,2h 50m 1s,163.1,164.5,1,0,0,0,0,0,0.05021,0.02416,0.001392,0,0,0,1,34.71,39.84,1,31.24,0,1,0.02458,1.229,1,0.9469,0.2917,1,0,0,0
0,111,84.74,70,10h 30m 39s,4.79,5,completioncredit_globalkl002_e5,Completion-wide credit + global KL 0.02,1394,5.275,0,230,0.02301,1455,43.33,2h 47m 15s,161,164.5,1,0,0,0,0,0,0.01971,-0.004708,-0.0009695,0,0,0,1,35.51,40.83,1,31.63,0,1,0.02542,1.271,1,0.9822,0.4043,1,0,0,0
0,106,84.66,71,10h 33m 20s,4.794,5,completioncredit_globalkl002_e5,Completion-wide credit + global KL 0.02,1395,9.068,0,231,0.02563,1455,43.33,2h 44m 30s,161.1,164.5,1,0,0,0,0,0,0.02323,-0.006007,0.003481,0,0,0,1,35.15,40.35,1,30.88,0,1,0.02569,1.285,1,0.9748,0.4684,1,0,0,0
0,119,85.78,71,10h 36m 3s,4.797,5,completioncredit_globalkl002_e5,Completion-wide credit + global KL 0.02,1396,3.941,0,232,0.04065,1455,43.33,2h 41m 45s,162.4,164.5,1,0,0,0,0,0,0.02859,0.003695,-1.209e-05,0,0,0,1,36.03,41.48,1,32.04,0,1,0.025,1.25,1,0.9953,0.4138,1,0,0,0
0,107,84.46,73,10h 38m 42s,4.801,5,completioncredit_globalkl002_e5,Completion-wide credit + global KL 0.02,1397,6.389,0,233,0.02448,1455,43.33,2h 38m 59s,159.4,164.5,1,0,0,0,0,0,0.02906,0.002215,0.001451,0,0,0,1,35.44,40.74,1,32.42,0,1,0.02542,1.271,1,0.9591,0.7137,1,0,0,0
0,110,84.53,73,10h 41m 21s,4.804,5,completioncredit_globalkl002_e5,Completion-wide credit + global KL 0.02,1398,6.01,0,234,0.0269,1455,43.33,2h 36m 14s,158.7,164.5,1,0,0,0,0,0,0.03042,0.00859,-0.002584,0,0,0,1,35.44,40.7,1,32.3,0,1,0.02444,1.222,1,0.9175,0.4018,1,0,0,0
0,120,85.72,71,10h 44m 8s,4.808,5,completioncredit_globalkl002_e5,Completion-wide credit + global KL 0.02,1399,3.992,0,235,0.03099,1455,43.33,2h 33m 30s,165.9,164.5,1,0,0,0,0,0,0.02655,0.0006544,0.001114,0,0,0,1,36.24,41.73,1,34.24,0,1,0.02472,1.236,1,0.9172,0.3259,1,0,0,0
0,104,83.74,72,10h 46m 56s,4.811,5,completioncredit_globalkl002_e5,Completion-wide credit + global KL 0.02,1400,3.683,0,236,0.03894,1455,43.33,2h 30m 46s,168.2,164.5,1,0,0,0,0,0,0.07977,0.05857,-0.003944,0,0,0,1,35.37,40.62,1,33.81,0,1,0.02514,1.257,1,0.9925,0.4654,1,0,0,0
0,114,85.98,72,10h 49m 36s,4.814,5,completioncredit_globalkl002_e5,Completion-wide credit + global KL 0.02,1401,3.917,0,237,0.02654,1455,43.33,2h 28m 1s,159.7,164.5,1,0,0,0,0,0,0.02636,0.00335,-0.002255,0,0,0,1,35.59,40.89,1,32.91,0,1,0.02528,1.264,1,0.9419,0.4152,1,0,0,0
0,113,84.66,70,10h 52m 17s,4.818,5,completioncredit_globalkl002_e5,Completion-wide credit + global KL 0.02,1402,3.355,0,238,0.03548,1455,43.33,2h 25m 15s,160.8,164.4,1,0,0,0,0,0,0.02757,0.004391,-0.00172,0,0,0,1,35.3,40.56,1,31.86,0,1,0.025,1.25,1,0.9482,0.5039,1,0,0,0
0,111,84.83,70,10h 55m 3s,4.821,5,completioncredit_globalkl002_e5,Completion-wide credit + global KL 0.02,1403,6.826,0,239,0.05121,1455,43.33,2h 22m 31s,165.8,164.4,1,0,0,0,0,0,0.01971,0.0003297,-0.005524,0,0,0,1,35.95,41.32,1,32.97,0,1,0.025,1.25,1,0.9789,0.1732,1,0,0,0
0,116,85.31,72,10h 57m 46s,4.825,5,completioncredit_globalkl002_e5,Completion-wide credit + global KL 0.02,1404,9.877,0,240,0.02469,1455,43.33,2h 19m 47s,162.6,164.4,1,0,0,0,0,0,0.02761,0.0008661,0.00135,0,0,0,1,35.51,40.81,1,31.5,0,1,0.02542,1.271,1,0.9881,0.3265,1,0,0,0
0,125,85.35,72,11h 0m 33s,4.828,5,completioncredit_globalkl002_e5,Completion-wide credit + global KL 0.02,1405,4.412,0,241,0.05809,1455,43.33,2h 17m 3s,166.1,164.5,1,0,0,0,0,0,0.03093,0.006375,-0.0008334,0,0,0,1,35.15,40.38,1,34.15,0,1,0.02542,1.271,1,0.9681,0.4212,1,0,0,0
0,105,84.18,67,11h 3m 16s,4.832,5,completioncredit_globalkl002_e5,Completion-wide credit + global KL 0.02,1406,3.803,0,242,0.02711,1455,43.33,2h 14m 18s,163.3,164.4,1,0,0,0,0,0,0.02971,0.005864,-0.001545,0,0,0,1,35.22,40.48,1,34.06,0,1,0.02542,1.271,1,0.9598,0.3693,1,0,0,0
0,106,84.67,70,11h 5m 60s,4.835,5,completioncredit_globalkl002_e5,Completion-wide credit + global KL 0.02,1407,4.35,0,243,0.02768,1455,43.33,2h 11m 33s,163.6,164.4,1,0,0,0,0,0,0.02447,-0.0007885,0.0001135,0,0,0,1,35.59,40.93,1,31.88,0,1,0.02514,1.257,1,0.9892,0.4059,1,0,0,0
0,106,85.07,67,11h 8m 43s,4.838,5,completioncredit_globalkl002_e5,Completion-wide credit + global KL 0.02,1408,7.043,0,244,0.06077,1455,43.33,2h 8m 49s,162.4,164.4,1,0,0,0,0,0,0.0237,-0.003207,0.001643,0,0,0,1,34.93,40.03,1,34.21,0,1,0.02528,1.264,1,0.9709,0.5138,1,0,0,0
0,108,85.43,69,11h 11m 27s,4.842,5,completioncredit_globalkl002_e5,Completion-wide credit + global KL 0.02,1409,4.257,0,245,0.02307,1455,43.33,2h 6m 4s,164.6,164.4,1,0,0,0,0,0,0.03097,0.001734,0.003601,0,0,0,1,35.73,41.13,1,34.67,0,1,0.02556,1.278,1,0.994,0.4084,1,0,0,0
0,113,86.08,69,11h 14m 7s,4.845,5,completioncredit_globalkl002_e5,Completion-wide credit + global KL 0.02,1410,3.939,0,246,0.02765,1455,43.33,2h 3m 19s,159.8,164.4,1,0,0,0,0,0,0.02937,0.002579,0.001038,0,0,0,1,35.66,41.03,1,32.46,0,1,0.02569,1.285,1,0.9443,0.2867,1,0,0,0
0,106,84.68,71,11h 16m 49s,4.849,5,completioncredit_globalkl002_e5,Completion-wide credit + global KL 0.02,1411,5.735,0,247,0.02839,1455,43.33,2h 0m 34s,161.6,164.4,1,0,0,0,0,0,0.03395,0.01159,-0.002544,0,0,0,1,35.15,40.4,1,32.38,0,1,0.025,1.25,1,0.8906,0.751,1,0,0,0
0,114,83.96,69,11h 19m 30s,4.852,5,completioncredit_globalkl002_e5,Completion-wide credit + global KL 0.02,1412,6.947,0,248,0.03898,1455,43.33,1h 57m 49s,160.7,164.4,1,0,0,0,0,0,0.03249,0.005905,0.0008333,0,0,0,1,35.73,41.11,1,34.34,0,1,0.02569,1.285,1,0.914,0.687,1,0,0,0
0,117,85.39,71,11h 22m 14s,4.856,5,completioncredit_globalkl002_e5,Completion-wide credit + global KL 0.02,1413,6.821,0,249,0.04457,1455,43.33,1h 55m 5s,163.7,164.4,1,0,0,0,0,0,0.02706,-0.002564,0.003747,0,0,0,1,35.95,41.36,1,33.28,0,1,0.02597,1.299,1,0.9801,0.602,1,0,0,0
0,119,85.6,68,11h 24m 58s,4.859,5,completioncredit_globalkl002_e5,Completion-wide credit + global KL 0.02,1414,2.789,0,250,0.045,1455,43.33,1h 52m 20s,163.4,164.4,1,0,0,0,0,0,0.05176,0.0319,-0.005048,0,0,0,1,35.37,40.64,1,34.37,0,1,0.025,1.25,1,0.8843,0.6224,1,0,0,0
0,111,84.15,70,11h 27m 41s,4.863,5,completioncredit_globalkl002_e5,Completion-wide credit + global KL 0.02,1415,6.299,0,251,0.03165,1455,43.33,1h 49m 35s,163.2,164.4,1,0,0,0,0,0,0.03227,0.001326,0.005069,0,0,0,1,35.08,40.27,1,32.76,0,1,0.02583,1.292,1,0.9661,0.5066,1,0,0,0
0,119,85.38,70,11h 30m 23s,4.866,5,completioncredit_globalkl002_e5,Completion-wide credit + global KL 0.02,1416,5.62,0,252,0.03287,1455,43.33,1h 46m 51s,161.7,164.4,1,0,0,0,0,0,0.03037,0.001417,0.003072,0,0,0,1,35.51,40.85,1,32.47,0,1,0.02597,1.299,1,0.9404,0.7488,1,0,0,0
0,112,84.24,67,11h 33m 11s,4.869,5,completioncredit_globalkl002_e5,Completion-wide credit + global KL 0.02,1417,6.522,0,253,0.02621,1455,43.33,1h 44m 7s,167.5,164.4,1,0,0,0,0,0,0.02389,-0.001589,0.001556,0,0,0,1,35.73,41.13,1,34.77,0,1,0.02403,1.201,1,0.9809,0.491,1,0,0,0
0,104,84.31,72,11h 35m 54s,4.873,5,completioncredit_globalkl002_e5,Completion-wide credit + global KL 0.02,1418,3.227,0,254,0.03796,1455,43.33,1h 41m 22s,163,164.4,1,0,0,0,0,0,0.02829,0.003863,-0.0004706,0,0,0,1,35.15,40.4,1,33.4,0,1,0.025,1.25,1,0.968,0.4,1,0,0,0
0,105,83.35,72,11h 38m 36s,4.876,5,completioncredit_globalkl002_e5,Completion-wide credit + global KL 0.02,1419,6.758,0,255,0.02698,1455,43.33,1h 38m 38s,161.9,164.4,1,0,0,0,0,0,0.02476,-0.002326,0.002184,0,0,0,1,34.93,40.11,1,32.36,0,1,0.025,1.25,1,0.9829,0.4838,1,0,0,0
0,122,85.46,68,11h 41m 18s,4.88,5,completioncredit_globalkl002_e5,Completion-wide credit + global KL 0.02,1420,4.342,0,256,0.0453,1455,43.33,1h 35m 53s,161.8,164.4,1,0,0,0,0,0,0.09495,0.07493,-0.006347,0,0,0,1,36.76,42.38,1,31.93,0,1,0.02639,1.319,1,0.9451,0.8585,1,0,0,0
0,127,86.01,72,11h 44m 4s,4.883,5,completioncredit_globalkl002_e5,Completion-wide credit + global KL 0.02,1421,4.038,0,257,0.0219,1455,43.33,1h 33m 9s,165.9,164.4,1,0,0,0,0,0,0.02163,0.0009054,-0.003447,0,0,0,1,35.37,40.66,1,32.39,0,1,0.02417,1.208,1,0.9638,0.1796,1,0,0,0
0,117,84.39,70,11h 46m 50s,4.887,5,completioncredit_globalkl002_e5,Completion-wide credit + global KL 0.02,1422,3.747,0,258,0.02683,1455,43.33,1h 30m 25s,165.7,164.4,1,0,0,0,0,0,0.02977,-5.884e-05,0.004436,0,0,0,1,35.44,40.72,1,33.85,0,1,0.02542,1.271,1,0.9425,0.3808,1,0,0,0
0,112,85.11,70,11h 49m 31s,4.89,5,completioncredit_globalkl002_e5,Completion-wide credit + global KL 0.02,1423,3.592,0,259,0.03621,1455,43.33,1h 27m 40s,160.8,164.4,1,0,0,0,0,0,0.02439,-0.001569,0.0006888,0,0,0,1,35.44,40.76,1,32.19,0,1,0.02528,1.264,1,0.9249,0.5094,1,0,0,0
0,132,84.8,72,11h 52m 12s,4.893,5,completioncredit_globalkl002_e5,Completion-wide credit + global KL 0.02,1424,6.054,0,260,0.05299,1455,43.33,1h 24m 55s,160.4,164.4,1,0,0,0,0,0,0.02627,0.0001418,0.00147,0,0,0,1,37.48,43.28,1,32.21,0,1,0.02458,1.229,1,0.9483,0.5225,1,0,0,0
0,118,84.32,72,11h 54m 50s,4.897,5,completioncredit_globalkl002_e5,Completion-wide credit + global KL 0.02,1425,5.404,0,261,0.0222,1455,43.33,1h 22m 10s,157.7,164.3,1,0,0,0,0,0,0.02159,-0.00586,0.002061,0,0,0,1,36.46,42.01,1,31.41,0,1,0.02542,1.271,1,0.9414,0.5502,1,0,0,0
0,103,84.38,71,11h 57m 29s,4.9,5,completioncredit_globalkl002_e5,Completion-wide credit + global KL 0.02,1426,3.628,0,262,0.03547,1455,43.33,1h 19m 25s,159.3,164.3,1,0,0,0,0,0,0.07039,0.04758,-0.002341,0,0,0,1,35,40.13,1,31.74,0,1,0.02514,1.257,1,0.8599,0.3022,1,0,0,0
0,118,85.76,67,12h 0m 9s,4.904,5,completioncredit_globalkl002_e5,Completion-wide credit + global KL 0.02,1427,4.536,0,263,0.06167,1455,43.33,1h 16m 40s,159.6,164.3,1,0,0,0,0,0,0.02199,0.001684,-0.004594,0,0,0,1,35.37,40.62,1,31.5,0,1,0.025,1.25,1,0.9751,0.6623,1,0,0,0
0,121,84.42,67,12h 2m 52s,4.907,5,completioncredit_globalkl002_e5,Completion-wide credit + global KL 0.02,1428,3.491,0,264,0.02721,1455,43.33,1h 13m 56s,162.4,164.3,1,0,0,0,0,0,0.02526,0.001258,-0.001271,0,0,0,1,35,40.13,1,31.74,0,1,0.02528,1.264,1,0.9692,0.5308,1,0,0,0
0,112,84.4,70,12h 5m 33s,4.911,5,completioncredit_globalkl002_e5,Completion-wide credit + global KL 0.02,1429,7.419,0,265,0.02501,1455,43.33,1h 11m 11s,160.8,164.3,1,0,0,0,0,0,0.02381,-0.0004938,-0.0005975,0,0,0,1,35.22,40.48,1,31.27,0,1,0.025,1.25,1,0.9341,0.5336,1,0,0,0
0,104,84.44,71,12h 8m 12s,4.914,5,completioncredit_globalkl002_e5,Completion-wide credit + global KL 0.02,1430,3.721,0,266,0.05754,1455,43.33,1h 8m 26s,159.2,164.3,1,0,0,0,0,0,0.02152,-0.001026,-0.003577,0,0,0,1,35,40.17,1,31.97,0,1,0.02611,1.306,1,0.9576,0.7466,1,0,0,0
0,112,85.65,69,12h 10m 57s,4.918,5,completioncredit_globalkl002_e5,Completion-wide credit + global KL 0.02,1431,7.102,0,267,0.04099,1455,43.33,1h 5m 42s,164.6,164.3,1,0,0,0,0,0,0.0737,0.05029,-0.0009988,0,0,0,1,36.03,41.46,1,31.77,0,1,0.02444,1.222,1,0.9243,0.5207,1,0,0,0
0,118,84.34,71,12h 13m 40s,4.921,5,completioncredit_globalkl002_e5,Completion-wide credit + global KL 0.02,1432,3.272,0,268,0.03197,1455,43.33,1h 2m 58s,163.1,164.3,1,0,0,0,0,0,0.02627,0.0001071,0.0008955,0,0,0,1,35.81,41.19,1,31.61,0,1,0.02528,1.264,1,0.9457,0.2949,1,0,0,0
0,117,84.15,71,12h 16m 26s,4.924,5,completioncredit_globalkl002_e5,Completion-wide credit + global KL 0.02,1433,3.869,0,269,0.02421,1455,43.33,1h 0m 14s,165.4,164.3,1,0,0,0,0,0,0.02113,-0.004191,5.264e-05,0,0,0,1,35.22,40.5,1,31.12,0,1,0.02528,1.264,1,0.9721,0.4148,1,0,0,0
0,107,84.52,67,12h 19m 11s,4.928,5,completioncredit_globalkl002_e5,Completion-wide credit + global KL 0.02,1434,3.483,0,270,0.03713,1455,43.33,57m 30s,164.8,164.3,1,0,0,0,0,0,0.02095,-0.002777,-0.001416,0,0,0,1,35.66,41.03,1,31.83,0,1,0.02514,1.257,1,0.9681,0.5739,1,0,0,0
0,110,84.97,70,12h 21m 51s,4.931,5,completioncredit_globalkl002_e5,Completion-wide credit + global KL 0.02,1435,5.494,0,271,0.02272,1455,43.33,54m 45s,159.5,164.2,1,0,0,0,0,0,0.02199,0.001844,-0.005489,0,0,0,1,34.64,39.68,1,32.8,0,1,0.02556,1.278,1,0.9558,0.4073,1,0,0,0
0,105,83.49,70,12h 24m 36s,4.935,5,completioncredit_globalkl002_e5,Completion-wide credit + global KL 0.02,1436,5.358,0,272,0.02297,1455,43.33,52m 1s,165,164.2,1,0,0,0,0,0,0.02837,0.0009334,0.001683,0,0,0,1,35.3,40.54,1,33.31,0,1,0.02569,1.285,1,0.9185,0.5306,1,0,0,0
0,109,84.49,71,12h 27m 19s,4.938,5,completioncredit_globalkl002_e5,Completion-wide credit + global KL 0.02,1437,6.639,0,273,0.02497,1455,43.33,49m 16s,162.8,164.2,1,0,0,0,0,0,0.02897,0.003103,-8.66e-06,0,0,0,1,35.66,41.01,1,31.95,0,1,0.02583,1.292,1,0.9654,0.2324,1,0,0,0
0,116,84.95,64,12h 29m 58s,4.942,5,completioncredit_globalkl002_e5,Completion-wide credit + global KL 0.02,1438,3.887,0,274,0.03873,1455,43.33,46m 32s,159.1,164.2,1,0,0,0,0,0,0.02514,0.006473,-0.00624,0,0,0,1,35.81,41.19,1,30.13,0,1,0.02486,1.243,1,0.9713,0.2681,1,0,0,0
0,112,84.85,68,12h 32m 38s,4.945,5,completioncredit_globalkl002_e5,Completion-wide credit + global KL 0.02,1439,3.837,0,275,0.02487,1455,43.33,43m 47s,159.1,164.2,1,0,0,0,0,0,0.02787,0.002864,-0.00014,0,0,0,1,35.44,40.74,1,30.4,0,1,0.02514,1.257,1,0.971,0.5639,1,0,0,0
0,110,84.52,67,12h 35m 21s,4.948,5,completioncredit_globalkl002_e5,Completion-wide credit + global KL 0.02,1440,4.107,0,276,0.06077,1455,43.33,41m 3s,162.8,164.2,1,0,0,0,0,0,0.02508,0.0005343,-0.0008453,0,0,0,1,35.66,40.97,1,32.92,0,1,0.02542,1.271,1,0.9946,0.5575,1,0,0,0
0,113,85.19,71,12h 38m 3s,4.952,5,completioncredit_globalkl002_e5,Completion-wide credit + global KL 0.02,1441,4.577,0,277,0.03886,1455,43.33,38m 19s,161.8,164.2,1,0,0,0,0,0,0.02527,0.0009952,-0.0009962,0,0,0,1,35.44,40.76,1,30.84,0,1,0.02528,1.264,1,0.9492,0.5939,1,0,0,0
0,110,85.21,71,12h 40m 45s,4.955,5,completioncredit_globalkl002_e5,Completion-wide credit + global KL 0.02,1442,4.614,0,278,0.02717,1455,43.33,35m 34s,161.7,164.2,1,0,0,0,0,0,0.03695,0.01504,-0.002868,0,0,0,1,35.3,40.54,1,33.13,0,1,0.02472,1.236,1,0.9327,0.5816,1,0,0,0
0,111,84.22,70,12h 43m 27s,4.959,5,completioncredit_globalkl002_e5,Completion-wide credit + global KL 0.02,1443,5.613,0,279,0.02464,1455,43.33,32m 50s,162.4,164.2,1,0,0,0,0,0,0.02978,0.005907,-0.001395,0,0,0,1,35.15,40.38,1,32.69,0,1,0.02528,1.264,1,0.9347,0.6103,1,0,0,0
0,111,84.38,72,12h 46m 7s,4.962,5,completioncredit_globalkl002_e5,Completion-wide credit + global KL 0.02,1444,4.409,0,280,0.06067,1455,43.33,30m 6s,159.6,164.2,1,0,0,0,0,0,0.02462,-0.0002736,-9.65e-06,0,0,0,1,35.22,40.42,1,31.62,0,1,0.02486,1.243,1,0.9662,0.4025,1,0,0,0
0,112,84.42,70,12h 48m 47s,4.966,5,completioncredit_globalkl002_e5,Completion-wide credit + global KL 0.02,1445,4.861,0,281,0.02514,1455,43.33,27m 22s,159.9,164.2,1,0,0,0,0,0,0.02659,-0.0008872,0.001229,0,0,0,1,36.03,41.46,1,31.36,0,1,0.02625,1.312,1,0.9667,0.6393,1,0,0,0
0,102,84.03,64,12h 51m 29s,4.969,5,completioncredit_globalkl002_e5,Completion-wide credit + global KL 0.02,1446,3.5,0,282,0.03594,1455,43.33,24m 37s,161.6,164.1,1,0,0,0,0,0,0.05761,0.03096,0.001505,0,0,0,1,34.86,39.97,1,31.51,0,1,0.02514,1.257,1,0.8941,0.7571,1,0,0,0
0,123,84.99,67,12h 54m 12s,4.973,5,completioncredit_globalkl002_e5,Completion-wide credit + global KL 0.02,1447,6.007,0,283,0.03976,1455,43.33,21m 53s,162.4,164.1,1,0,0,0,0,0,0.08006,0.05155,0.003731,0,0,0,1,35.08,40.27,1,31.65,0,1,0.02472,1.236,1,0.9647,0.6112,1,0,0,0
0,109,84.64,70,12h 56m 54s,4.976,5,completioncredit_globalkl002_e5,Completion-wide credit + global KL 0.02,1448,4.297,0,284,0.02651,1455,43.33,19m 9s,162.2,164.1,1,0,0,0,0,0,0.03095,0.004966,0.001087,0,0,0,1,35.73,41.09,1,32.96,0,1,0.025,1.25,1,0.9587,0.4534,1,0,0,0
0,107,84.71,73,12h 59m 36s,4.979,5,completioncredit_globalkl002_e5,Completion-wide credit + global KL 0.02,1449,3.385,0,285,0.04635,1455,43.33,16m 25s,161.8,164.1,1,0,0,0,0,0,0.02899,0.0003323,0.002782,0,0,0,1,35.15,40.35,1,31.27,0,1,0.02597,1.299,1,0.9769,0.4926,1,0,0,0
0,106,84.9,72,13h 2m 23s,4.983,5,completioncredit_globalkl002_e5,Completion-wide credit + global KL 0.02,1450,4.636,0,286,0.0263,1455,43.33,13m 41s,167.3,164.1,1,0,0,0,0,0,0.03311,0.002177,0.005059,0,0,0,1,34.93,40.03,1,33.18,0,1,0.02583,1.292,1,0.9311,0.3093,1,0,0,0
0,115,84.44,72,13h 5m 7s,4.986,5,completioncredit_globalkl002_e5,Completion-wide credit + global KL 0.02,1451,4.032,0,287,0.06087,1455,43.33,10m 57s,162.8,164.1,1,0,0,0,0,0,0.04708,0.01731,0.00462,0,0,0,1,35,40.17,1,31.31,0,1,0.02514,1.257,1,0.9363,0.6316,1,0,0,0
0,105,84.44,70,13h 7m 47s,4.99,5,completioncredit_globalkl002_e5,Completion-wide credit + global KL 0.02,1452,6.841,0,288,0.03885,1455,43.33,8m 12s,159.8,164.1,1,0,0,0,0,0,0.02636,-0.003176,0.003655,0,0,0,1,35,40.17,1,31.14,0,1,0.02583,1.292,1,0.9654,0.6089,1,0,0,0
0,106,84.51,67,13h 10m 26s,4.993,5,completioncredit_globalkl002_e5,Completion-wide credit + global KL 0.02,1453,5.836,0,289,0.05498,1455,43.33,5m 28s,159.3,164.1,1,0,0,0,0,0,0.06424,0.03729,0.001071,0,0,0,1,35,40.11,1,30.98,0,1,0.02583,1.292,1,0.9631,0.6673,1,0,0,0
0,120,85.26,73,13h 13m 10s,4.997,5,completioncredit_globalkl002_e5,Completion-wide credit + global KL 0.02,1454,5.175,0,290,0.02538,1455,43.33,2m 44s,164.1,164.1,1,0,0,0,0,0,0.026,-0.004864,0.006086,0,0,0,1,35.08,40.29,1,31.26,0,1,0.02472,1.236,1,0.9927,0.3922,1,0,0,0
0,116,84.86,72,13h 16m 2s,5,5,completioncredit_globalkl002_e5,Completion-wide credit + global KL 0.02,1455,6.025,0,291,0.02815,1455,43.33,0s,170.4,164.1,1,0,0,0,0,0,0.02865,0.0005834,0.002428,0,0,0,1,35.37,40.66,1,37.06,0,1,0.02556,1.278,1,0.9842,0.5775,1,0,0,0
