completions/clipped_ratio,completions/max_length,completions/mean_length,completions/min_length,elapsed_time,epoch,epoch_id,experiment_id,experiment_label,global_step,grad_norm,learning_rate,local_step,loss,max_steps,memory(GiB),remaining_time,step_time,train_speed(s/it),vf/a0_active_rate,vf/a0_dapo_policy_loss,vf/a0_edit_gain_loss,vf/a0_edit_gate_loss,vf/a0_format_a0_loss,vf/a0_grpo_policy_loss,vf/a0_loss,vf/a0_rating0_kl_loss,vf/a0_rating0_loss,vf/a0_reasoning_kl_loss,vf/a0_reasoning_loss,vf/a0_soft_overlong_loss,vf/a1_active_rate,vf/a1_loss,vf/backward_chunk_count,vf/backward_peak_allocated_gib,vf/backward_peak_reserved_gib,vf/backward_scheduled_chunk_count,vf/backward_seconds,vf/optimizer_update_executed,vf/rating_reward_mean,vf/reasoning_reward_mean,vf/scheduler_update_executed,vf/soft_overlong_penalized_rate,vf/soft_overlong_reward_mean,vf/soft_overlong_saturated_rate
0.006944,160,96.07,60,3m 13s,0.003436,1,fieldmask_kl002_e5,Field credit + field KL 0.02,1,34.85,1e-06,1,0.004201,1455,41.68,3d 5h 50m 57s,192.6,192.7,1,0,0,0,0.002118,0,0.01044,0,0.01288,0,-0.004561,0,0,0,1,36.23,41.68,1,39.87,1,0.6783,-0.003583,1,0,0,0
0,150,96.9,54,5m 54s,0.006873,1,fieldmask_kl002_e5,Field credit + field KL 0.02,2,32.4,1e-06,2,0.0008944,1455,44.82,2d 23h 27m 3s,159.3,177,1,0,0,0,0,0,0.002048,0.0002747,0.001725,4.292e-05,0.001304,-0.001299,0,0,1,38.8,44.82,1,36.36,1,0.776,-0.03435,1,0.02778,-0.01042,0
0,123,93.86,71,8m 40s,0.01031,1,fieldmask_kl002_e5,Field credit + field KL 0.02,3,35.18,1e-06,3,0.002589,1455,44.82,2d 21h 56m 48s,165.9,173.4,1,0,0,0,0.001498,0,-0.0001621,0.001213,0.001512,0.0001955,-0.004581,0,0,0,1,36.54,42.04,1,37.63,1,0.8625,0.01572,1,0,0,0
0,126,94.08,66,11m 18s,0.01375,1,fieldmask_kl002_e5,Field credit + field KL 0.02,4,25.79,1e-06,4,0.007175,1455,44.82,2d 20h 17m 2s,157.1,169.4,1,0,0,0,0.001386,0,0.01244,0.005981,-0.004026,0.0002213,0.008877,0,0,0,1,37.05,42.71,1,34.6,1,0.6832,0.02217,1,0,0,0
0,133,93.72,53,13m 58s,0.01718,1,fieldmask_kl002_e5,Field credit + field KL 0.02,5,25.74,1e-06,5,0.02816,1455,44.82,2d 19h 30m 16s,159.9,167.6,1,0,0,0,0,0,0.01971,0.01068,0.009854,0.0008697,-0.001694,0,0,0,1,37.56,43.31,1,36.33,1,0.8069,0.1205,1,0,0,0
0,145,98.45,66,16m 35s,0.02062,1,fieldmask_kl002_e5,Field credit + field KL 0.02,6,42.72,1e-06,6,0.02643,1455,44.82,2d 18h 43m 31s,156.3,165.8,1,0,0,0,0,0,0.02909,0.02197,0.00247,0.00235,0.002294,0,0,0,1,36.97,42.63,1,32.77,1,0.9739,0.007948,1,0,0,0
0,155,100.1,73,19m 12s,0.02405,1,fieldmask_kl002_e5,Field credit + field KL 0.02,7,28.75,1e-06,7,0.0775,1455,44.92,2d 18h 9m 59s,156.6,164.5,1,0,0,0,0,0,0.09948,0.02563,0.07581,0.002808,-0.004565,-0.0002088,0,0,1,38.87,44.92,1,32.18,1,0.8661,0.1523,1,0.02778,-0.01215,0
0,138,99.17,68,21m 43s,0.02749,1,fieldmask_kl002_e5,Field credit + field KL 0.02,8,50.87,1e-06,8,0.03599,1455,44.92,2d 17h 29m 1s,151.5,162.9,1,0,0,0,0,0,0.01667,0.02747,-0.01184,0.003571,-0.002526,0,0,0,1,37.12,42.77,1,32.4,1,0.8028,0.07978,1,0,0,0
0,138,97.5,74,24m 19s,0.03093,1,fieldmask_kl002_e5,Field credit + field KL 0.02,9,37.44,1e-06,9,0.08562,1455,44.92,2d 17h 6m 43s,155.4,162.1,1,0,0,0,0,0,0.1986,0.02832,0.1714,0.004028,-0.005137,0,0,0,1,37.92,43.8,1,32.81,1,0.8886,0.06845,1,0,0,0
0,134,98.93,73,26m 54s,0.03436,1,fieldmask_kl002_e5,Field credit + field KL 0.02,10,50.93,1e-06,10,0.07434,1455,44.92,2d 16h 46m 13s,154.4,161.4,1,0,0,0,0,0,0.1436,0.03442,0.09104,0.004974,0.01319,0,0,0,1,37.05,42.71,1,33.03,1,0.9614,-0.003242,1,0,0,0
0,131,101.3,78,29m 36s,0.0378,1,fieldmask_kl002_e5,Field credit + field KL 0.02,11,46.89,1e-06,11,0.03659,1455,44.92,2d 16h 46m 13s,162.3,161.5,1,0,0,0,0,0,0.03999,0.03345,0.002203,0.005005,-0.0006628,0,0,0,1,36.9,42.54,1,32.74,1,0.8591,0.1412,1,0,0,0
0,145,100.1,68,32m 11s,0.04124,1,fieldmask_kl002_e5,Field credit + field KL 0.02,12,66.01,1e-06,12,0.04892,1455,44.92,2d 16h 30m 35s,154.7,160.9,1,0,0,0,0,0,0.06508,0.04224,0.01838,0.006104,-0.001642,0,0,0,1,37.12,42.81,1,33.13,1,0.9231,0.1508,1,0,0,0
0,141,103.7,73,34m 45s,0.04467,1,fieldmask_kl002_e5,Field credit + field KL 0.02,13,54.75,1e-06,13,0.08933,1455,44.92,2d 16h 14m 21s,153.4,160.4,1,0,0,0,0,0,0.1722,0.03613,0.1261,0.005768,0.004162,0,0,0,1,38,43.88,1,32.49,1,0.9419,0.009214,1,0,0,0
0,147,102.6,79,37m 23s,0.04811,1,fieldmask_kl002_e5,Field credit + field KL 0.02,14,41.55,1e-06,14,0.1896,1455,44.92,2d 16h 7m 28s,157.6,160.2,1,0,0,0,0,0,0.2218,0.05054,0.1666,0.006104,-0.0015,0,0,0,1,37.05,42.75,1,35.21,1,0.7795,0.2146,1,0,0,0
0,149,104.2,78,40m 7s,0.05155,1,fieldmask_kl002_e5,Field credit + field KL 0.02,15,60.54,1e-06,15,0.1449,1455,44.92,2d 16h 10m 32s,162.7,160.4,1,0,0,0,0,0,0.1323,0.04443,0.07969,0.005768,0.002381,0,0,0,1,37.48,43.2,1,34.14,1,0.7924,0.1066,1,0,0,0
0,151,101.3,79,42m 46s,0.05498,1,fieldmask_kl002_e5,Field credit + field KL 0.02,16,73.28,1e-06,16,0.2306,1455,44.96,2d 16h 5m 53s,158.7,160.4,1,0,0,0,0,0,0.2743,0.04614,0.2231,0.006042,-0.004151,0.003167,0,0,1,38.87,44.96,1,34.52,1,0.802,0.1979,1,0.02778,-0.01215,0
0,142,102.8,76,45m 32s,0.05842,1,fieldmask_kl002_e5,Field credit + field KL 0.02,17,87.77,1e-06,17,0.1824,1455,44.96,2d 16h 10m 53s,161.4,160.7,1,0,0,0,0,0,0.1556,0.04004,0.1084,0.006409,0.0007235,0,0,0,1,37.27,42.98,1,36.26,1,0.857,0.1207,1,0,0,0
0,157,104.3,75,48m 12s,0.06186,1,fieldmask_kl002_e5,Field credit + field KL 0.02,18,44.99,1e-06,18,0.1174,1455,44.96,2d 16h 7m 23s,159.7,160.6,1,0,0,0,0,0,0.1686,0.04761,0.1164,0.006317,-0.00171,0,0,0,1,38.21,44.19,1,34.13,1,0.9759,0.08675,1,0,0,0
0,141,104,72,50m 50s,0.06529,1,fieldmask_kl002_e5,Field credit + field KL 0.02,19,34.47,1e-06,19,0.1493,1455,44.96,2d 16h 1m 38s,157.8,160.5,1,0,0,0,0,0,0.2306,0.03931,0.184,0.005981,0.001265,0,0,0,1,37.92,43.79,1,32.63,1,0.8148,0.3334,1,0,0,0
0,142,109.1,78,53m 26s,0.06873,1,fieldmask_kl002_e5,Field credit + field KL 0.02,20,41.7,1e-06,20,0.06858,1455,44.96,2d 15h 53m 42s,155.7,160.3,1,0,0,0,0,0,0.05391,0.04492,0.003946,0.006012,-0.0009735,0,0,0,1,37.85,43.71,1,32.74,1,0.9536,0.08935,1,0,0,0
0,151,107.1,76,56m 0s,0.07216,1,fieldmask_kl002_e5,Field credit + field KL 0.02,21,33.36,1e-06,21,0.05569,1455,44.96,2d 15h 44m 21s,154.2,160,1,0,0,0,0,0,0.025,0.0376,-0.007293,0.005615,-0.01014,-0.0007828,0,0,1,38.87,44.92,1,32.1,1,0.9192,0.118,1,0.05556,-0.02257,0
0.006944,160,109.3,75,58m 43s,0.0756,1,fieldmask_kl002_e5,Field credit + field KL 0.02,22,42.6,1e-06,22,0.07553,1455,45.79,2d 15h 44m 10s,162.1,160.1,1,0,0,0,0.001647,0,0.06375,0.03418,0.02304,0.006042,-0.002813,0.001647,0,0,1,39.53,45.79,1,33.52,1,0.8226,0.01118,1,0.02778,-0.02778,0.02778
0,154,111.9,77,1h 1m 21s,0.07904,1,fieldmask_kl002_e5,Field credit + field KL 0.02,23,41.9,1e-06,23,0.06607,1455,45.79,2d 15h 39m 58s,158.2,160.1,1,0,0,0,0,0,0.05606,0.03809,0.007025,0.006287,0.004959,-0.0002957,0,0,1,39.09,45.25,1,34.04,1,0.944,0.1794,1,0.1111,-0.04688,0
0.006944,160,112.9,76,1h 3m 58s,0.08247,1,fieldmask_kl002_e5,Field credit + field KL 0.02,24,74.44,1e-06,24,0.09505,1455,45.79,2d 15h 33m 41s,156.1,159.9,1,0,0,0,0,0,0.02993,0.03418,-0.0106,0.006409,-0.0002846,0.0002273,0,0,1,39.02,45.17,1,32.14,1,0.8762,0.1854,1,0.1111,-0.03125,0
0,142,109.1,74,1h 6m 40s,0.08591,1,fieldmask_kl002_e5,Field credit + field KL 0.02,25,45.05,1e-06,25,0.09362,1455,45.79,2d 15h 33m 20s,162.1,160,1,0,0,0,0,0,0.1452,0.02356,0.1103,0.006561,0.004724,0,0,0,1,37.19,42.93,1,36.3,1,0.9695,0.314,1,0,0,0
0,147,111.4,77,1h 9m 21s,0.08935,1,fieldmask_kl002_e5,Field credit + field KL 0.02,26,46.44,1e-06,26,0.06766,1455,45.79,2d 15h 31m 36s,160.5,160,1,0,0,0,0,0,0.09411,0.02783,0.0598,0.006439,4.484e-05,0,0,0,1,38.29,44.25,1,33.3,1,0.8911,0.1992,1,0,0,0
0,146,112,80,1h 12m 2s,0.09278,1,fieldmask_kl002_e5,Field credit + field KL 0.02,27,43.42,1e-06,27,0.06318,1455,45.79,2d 15h 29m 23s,160.2,160.1,1,0,0,0,0,0,0.07268,0.02307,0.04424,0.005249,0.0001222,0,0,0,1,37.85,43.71,1,32.77,1,0.929,0.03284,1,0,0,0
0,155,112.4,76,1h 14m 39s,0.09622,1,fieldmask_kl002_e5,Field credit + field KL 0.02,28,37.75,1e-06,28,0.1277,1455,45.79,2d 15h 24m 4s,156.6,159.9,1,0,0,0,0,0,0.08337,0.03418,0.04711,0.005859,-0.004588,0.0008013,0,0,1,39.16,45.35,1,32.08,1,0.8626,0.2007,1,0.05556,-0.02431,0
0.006944,160,111.2,78,1h 17m 18s,0.09966,1,fieldmask_kl002_e5,Field credit + field KL 0.02,29,43.08,1e-06,29,0.0581,1455,45.79,2d 15h 21m 18s,159.6,159.9,1,0,0,0,0,0,0.09773,0.02466,0.06661,0.006256,0.001004,-0.0007976,0,0,1,39.31,45.54,1,32.84,1,0.9195,0.03528,1,0.05556,-0.02778,0
0.006944,160,105.8,73,1h 19m 55s,0.1031,1,fieldmask_kl002_e5,Field credit + field KL 0.02,30,61.3,1e-06,30,0.06639,1455,45.79,2d 15h 16m 11s,156.5,159.8,1,0,0,0,0,0,0.06853,0.02966,0.02943,0.006744,0.002694,0,0,0,1,38.36,44.37,1,33.1,1,0.872,0.2091,1,0,0,0
0,156,109.6,75,1h 22m 31s,0.1065,1,fieldmask_kl002_e5,Field credit + field KL 0.02,31,59.18,1e-06,31,0.05361,1455,45.79,2d 15h 10m 25s,155.5,159.7,1,0,0,0,0,0,0.1131,0.03882,0.07654,0.006042,-0.008317,0,0,0,1,38.14,44.06,1,31.91,1,0.8887,0.1948,1,0,0,0
0,159,108.6,74,1h 25m 9s,0.11,1,fieldmask_kl002_e5,Field credit + field KL 0.02,32,43.47,1e-06,32,0.05499,1455,45.79,2d 15h 6m 16s,157.4,159.6,1,0,0,0,0,0,0.06201,0.02625,0.02686,0.007355,0.0008546,0.0006953,0,0,1,39.45,45.68,1,32.69,1,0.9063,0.2909,1,0.08333,-0.0434,0
0,149,107.6,72,1h 27m 50s,0.1134,1,fieldmask_kl002_e5,Field credit + field KL 0.02,33,42.61,1e-06,33,0.03275,1455,45.79,2d 15h 4m 51s,161.1,159.7,1,0,0,0,0,0,0.01465,0.03064,-0.01964,0.007111,-0.003454,0,0,0,1,38.29,44.21,1,33.51,1,0.9633,0.2283,1,0,0,0
0,143,106.3,68,1h 30m 29s,0.1168,1,fieldmask_kl002_e5,Field credit + field KL 0.02,34,67.62,1e-06,34,0.07225,1455,45.79,2d 15h 1m 46s,158.8,159.7,1,0,0,0,0,0,0.09305,0.02905,0.05418,0.006958,0.002861,0,0,0,1,38.21,44.16,1,32.95,1,0.8613,0.2404,1,0,0,0
0,144,109.3,76,1h 33m 8s,0.1203,1,fieldmask_kl002_e5,Field credit + field KL 0.02,35,42.43,1e-06,35,0.05907,1455,45.79,2d 14h 58m 35s,158.5,159.7,1,0,0,0,0,0,0.07602,0.0249,0.04485,0.006805,-0.0005363,0,0,0,1,38.36,44.33,1,34.87,1,0.8887,0.08208,1,0,0,0
0,154,107,68,1h 35m 44s,0.1237,1,fieldmask_kl002_e5,Field credit + field KL 0.02,36,41.91,1e-06,36,0.03815,1455,45.79,2d 14h 53m 32s,154.8,159.6,1,0,0,0,0,0,0.04127,0.02942,-0.0002911,0.007416,0.004731,0,0,0,1,38.14,44.06,1,31.1,1,0.9367,0.2278,1,0,0,0
0,149,107,74,1h 38m 20s,0.1271,1,fieldmask_kl002_e5,Field credit + field KL 0.02,37,32.24,1e-06,37,0.0792,1455,45.79,2d 14h 48m 26s,155.4,159.5,1,0,0,0,0,0,0.07937,0.02234,0.04254,0.007233,0.006704,0.0005492,0,0,1,38.65,44.7,1,32.74,1,0.9512,0.04503,1,0.02778,-0.006944,0
0,150,109.4,75,1h 40m 55s,0.1306,1,fieldmask_kl002_e5,Field credit + field KL 0.02,38,52.05,1e-06,38,0.06394,1455,45.79,2d 14h 42m 53s,154.4,159.3,1,0,0,0,0,0,0.05523,0.03113,0.003077,0.006744,0.01428,0,0,0,1,38.14,44.04,1,32.17,1,0.9293,0.2492,1,0,0,0
0,155,110.1,72,1h 43m 36s,0.134,1,fieldmask_kl002_e5,Field credit + field KL 0.02,39,52.46,1e-06,39,0.05256,1455,45.79,2d 14h 41m 25s,161,159.4,1,0,0,0,0,0,0.05274,0.02966,0.01323,0.006744,0.004577,-0.001473,0,0,1,38.51,44.53,1,33.58,1,0.902,0.1965,1,0.02778,-0.003472,0
0,140,103.3,71,1h 46m 9s,0.1375,1,fieldmask_kl002_e5,Field credit + field KL 0.02,40,35.12,1e-06,40,0.1184,1455,45.79,2d 14h 34m 56s,152.5,159.2,1,0,0,0,0,0,0.1851,0.03442,0.152,0.007263,-0.00865,0,0,0,1,37.56,43.29,1,32.96,1,0.8805,0.3118,1,0,0,0
0,144,101.4,69,1h 48m 46s,0.1409,1,fieldmask_kl002_e5,Field credit + field KL 0.02,41,70.71,1e-06,41,0.1282,1455,45.79,2d 14h 30m 55s,156.6,159.2,1,0,0,0,0,0,0.1846,0.02332,0.1393,0.007996,0.014,0,0,0,1,37.12,42.81,1,33.55,1,0.8751,0.2058,1,0,0,0
0,133,101.5,74,1h 51m 25s,0.1443,1,fieldmask_kl002_e5,Field credit + field KL 0.02,42,41.37,1e-06,42,0.1242,1455,45.79,2d 14h 28m 27s,159.2,159.2,1,0,0,0,0,0,0.1678,0.0332,0.1265,0.00766,0.0004388,0,0,0,1,37.05,42.71,1,34.47,1,0.8736,0.08559,1,0,0,0
0,151,100.7,68,1h 54m 2s,0.1478,1,fieldmask_kl002_e5,Field credit + field KL 0.02,43,31.03,1e-06,43,0.1623,1455,45.79,2d 14h 24m 26s,156.4,159.1,1,0,0,0,0,0,0.1331,0.02356,0.1071,0.008057,-0.00558,0,0,0,1,36.9,42.53,1,32.82,1,0.9672,0.1949,1,0,0,0
0,147,93.87,66,1h 56m 40s,0.1512,1,fieldmask_kl002_e5,Field credit + field KL 0.02,44,33.19,1e-06,44,0.1467,1455,45.79,2d 14h 21m 6s,157.6,159.1,1,0,0,0,0,0,0.1787,0.03064,0.1514,0.007385,-0.01066,0,0,0,1,37.27,42.98,1,34.91,1,0.9236,0.2098,1,0,0,0
0,140,102.5,68,1h 59m 16s,0.1546,1,fieldmask_kl002_e5,Field credit + field KL 0.02,45,72.85,1e-06,45,0.1152,1455,45.79,2d 14h 17m 14s,156.5,159,1,0,0,0,0,0,0.1078,0.03467,0.06664,0.006714,-0.0001937,0,0,0,1,37.41,43.18,1,31.8,1,0.9064,0.3517,1,0,0,0
0,141,92.53,62,2h 1m 52s,0.1581,1,fieldmask_kl002_e5,Field credit + field KL 0.02,46,30.89,1e-06,46,0.1299,1455,45.79,2d 14h 12m 38s,154.8,158.9,1,0,0,0,0,0,0.245,0.01929,0.224,0.007629,-0.00591,0,0,0,1,38.14,44.08,1,32.22,1,0.9609,0.0622,1,0,0,0
0,130,95.82,67,2h 4m 33s,0.1615,1,fieldmask_kl002_e5,Field credit + field KL 0.02,47,32.09,1e-06,47,0.1223,1455,45.79,2d 14h 11m 3s,160.8,159,1,0,0,0,0,0,0.1156,0.02661,0.0819,0.007507,-0.0004331,0,0,0,1,36.97,42.65,1,34.85,1,0.9451,0.1212,1,0,0,0
0,144,101.7,73,2h 7m 9s,0.1649,1,fieldmask_kl002_e5,Field credit + field KL 0.02,48,38.9,1e-06,48,0.06373,1455,45.79,2d 14h 7m 1s,155.4,158.9,1,0,0,0,0,0,0.01762,0.03882,-0.02945,0.008606,-0.0003563,0,0,0,1,37.85,43.73,1,31.13,1,0.9437,0.2331,1,0,0,0
0,133,98.55,73,2h 9m 43s,0.1684,1,fieldmask_kl002_e5,Field credit + field KL 0.02,49,32.03,1e-06,49,0.1225,1455,45.79,2d 14h 2m 11s,154.1,158.8,1,0,0,0,0,0,0.06443,0.02966,0.02384,0.008545,0.002384,0,0,0,1,37.48,43.28,1,32.48,1,0.8701,0.104,1,0,0,0
0,156,101.9,72,2h 12m 24s,0.1718,1,fieldmask_kl002_e5,Field credit + field KL 0.02,50,65.82,1e-06,50,0.03909,1455,45.79,2d 14h 0m 24s,160,158.9,1,0,0,0,0,0,0.02946,0.02271,-0.001169,0.006927,0.0009944,0,0,0,1,37.78,43.63,1,31.81,1,0.9396,0.06112,1,0,0,0
0,131,98.11,72,2h 15m 3s,0.1753,1,fieldmask_kl002_e5,Field credit + field KL 0.02,51,50.94,1e-06,51,0.1251,1455,45.79,2d 13h 57m 51s,158.8,158.9,1,0,0,0,0,0,0.07945,0.02307,0.048,0.007782,0.0006022,0,0,0,1,36.68,42.28,1,31.1,1,0.9141,0.01948,1,0,0,0
0,141,102.8,71,2h 17m 46s,0.1787,1,fieldmask_kl002_e5,Field credit + field KL 0.02,52,75.51,1e-06,52,0.05824,1455,45.79,2d 13h 56m 51s,162.1,159,1,0,0,0,0,0,0.08603,0.03418,0.03751,0.008484,0.005856,0,0,0,1,38.14,44.08,1,32.38,1,0.82,0.2163,1,0,0,0
0.006944,160,101.8,74,2h 20m 26s,0.1821,1,fieldmask_kl002_e5,Field credit + field KL 0.02,53,17.6,1e-06,53,0.06134,1455,45.79,2d 13h 54m 41s,159.7,159,1,0,0,0,0,0,0.07423,0.02563,0.03473,0.00885,0.005013,0,0,0,1,37.48,43.22,1,34.09,1,0.9401,0.08788,1,0,0,0
0,147,102.9,71,2h 23m 4s,0.1856,1,fieldmask_kl002_e5,Field credit + field KL 0.02,54,37.72,1e-06,54,0.08629,1455,45.79,2d 13h 51m 38s,157.6,159,1,0,0,0,0,0,0.1259,0.02917,0.08657,0.009705,0.0004304,0,0,0,1,37.05,42.73,1,31.52,1,0.9368,0.09521,1,0,0,0
0,133,97.58,71,2h 25m 41s,0.189,1,fieldmask_kl002_e5,Field credit + field KL 0.02,55,58.16,1e-06,55,0.07744,1455,45.79,2d 13h 48m 25s,157.4,158.9,1,0,0,0,0,0,0.05355,0.02966,0.009152,0.008423,0.006313,0,0,0,1,36.24,41.73,1,32.84,1,0.9031,0.3015,1,0,0,0
0,138,97.35,72,2h 28m 17s,0.1924,1,fieldmask_kl002_e5,Field credit + field KL 0.02,56,40.7,1e-06,56,0.1106,1455,45.79,2d 13h 44m 33s,155.7,158.9,1,0,0,0,0,0,0.06307,0.02393,0.03075,0.008606,-0.0002084,0,0,0,1,37.85,43.71,1,32.24,1,0.8168,0.1342,1,0,0,0
0,149,98.96,67,2h 30m 55s,0.1959,1,fieldmask_kl002_e5,Field credit + field KL 0.02,57,25.6,1e-06,57,0.08516,1455,45.79,2d 13h 41m 19s,157.1,158.9,1,0,0,0,0,0,0.06051,0.02856,0.02846,0.008911,-0.005417,0,0,0,1,36.76,42.36,1,31.14,1,0.8027,0.1321,1,0,0,0
0,135,97.22,71,2h 33m 32s,0.1993,1,fieldmask_kl002_e5,Field credit + field KL 0.02,58,34.9,1e-06,58,0.06488,1455,45.79,2d 13h 38m 4s,157.1,158.8,1,0,0,0,0,0,0.08528,0.02454,0.06136,0.01013,-0.01075,0,0,0,1,36.9,42.55,1,33.1,1,0.8516,0.03237,1,0,0,0
0,144,99.98,72,2h 36m 7s,0.2027,1,fieldmask_kl002_e5,Field credit + field KL 0.02,59,38.76,1e-06,59,0.04437,1455,45.79,2d 13h 33m 51s,154.2,158.8,1,0,0,0,0,0,0.03479,0.02673,-0.005213,0.00946,0.003813,0,0,0,1,37.56,43.36,1,31.59,1,0.8847,0.1103,1,0,0,0
0,138,98.41,68,2h 38m 46s,0.2062,1,fieldmask_kl002_e5,Field credit + field KL 0.02,60,38.44,1e-06,60,0.06737,1455,45.79,2d 13h 31m 31s,159.2,158.8,1,0,0,0,0,0,0.139,0.02014,0.1062,0.00946,0.00322,0,0,0,1,37.7,43.57,1,33.23,1,0.9716,0.1512,1,0,0,0
0,126,92.99,69,2h 41m 24s,0.2096,1,fieldmask_kl002_e5,Field credit + field KL 0.02,61,40.71,1e-06,61,0.07073,1455,45.79,2d 13h 28m 30s,156.7,158.8,1,0,0,0,0,0,0.08097,0.01855,0.05513,0.008728,-0.001442,0,0,0,1,36.9,42.53,1,32.1,1,0.8126,0.1108,1,0,0,0
0,146,95.74,70,2h 43m 59s,0.2131,1,fieldmask_kl002_e5,Field credit + field KL 0.02,62,28.56,1e-06,62,0.122,1455,45.79,2d 13h 24m 22s,154.4,158.7,1,0,0,0,0,0,0.08956,0.01587,0.06977,0.008606,-0.004051,-0.0006317,0,0,1,38.51,44.51,1,32.11,1,0.9923,0.3426,1,0.02778,-0.003472,0
0,128,92.29,69,2h 46m 34s,0.2165,1,fieldmask_kl002_e5,Field credit + field KL 0.02,63,54.69,1e-06,63,0.07142,1455,45.79,2d 13h 20m 18s,154.5,158.6,1,0,0,0,0,0,0.06425,0.02942,0.0373,0.008728,-0.0112,0,0,0,1,37.19,42.88,1,31.4,1,0.8777,0.2149,1,0,0,0
0,127,89.7,71,2h 49m 13s,0.2199,1,fieldmask_kl002_e5,Field credit + field KL 0.02,64,34.04,1e-06,64,0.07287,1455,45.79,2d 13h 17m 53s,158.8,158.6,1,0,0,0,0,0,0.1279,0.02686,0.08893,0.00885,0.003286,0,0,0,1,35.88,41.23,1,32.5,1,0.9543,0.09258,1,0,0,0
0,120,88.88,67,2h 51m 49s,0.2234,1,fieldmask_kl002_e5,Field credit + field KL 0.02,65,34.33,1e-06,65,0.1349,1455,45.79,2d 13h 14m 24s,155.8,158.6,1,0,0,0,0,0,0.1594,0.01672,0.1355,0.008911,-0.001688,0,0,0,1,36.17,41.62,1,31.88,1,0.8699,0.005758,1,0,0,0
0,120,90.52,70,2h 54m 24s,0.2268,1,fieldmask_kl002_e5,Field credit + field KL 0.02,66,50.36,9.9e-07,66,0.1357,1455,45.79,2d 13h 10m 13s,153.9,158.5,1,0,0,0,0,0,0.0898,0.02576,0.05107,0.008423,0.00455,0,0,0,1,36.46,42.01,1,31.79,1,0.9018,0.5501,1,0,0,0
0,128,86.84,66,2h 56m 58s,0.2302,1,fieldmask_kl002_e5,Field credit + field KL 0.02,67,46.88,9.9e-07,67,0.09867,1455,45.79,2d 13h 6m 6s,153.9,158.5,1,0,0,0,0,0,0.09105,0.02563,0.0549,0.009705,0.0008106,0,0,0,1,37.19,42.88,1,32.7,1,0.9655,0.04271,1,0,0,0
0,127,87.42,65,2h 59m 31s,0.2337,1,fieldmask_kl002_e5,Field credit + field KL 0.02,68,26.93,9.9e-07,68,0.1066,1455,45.79,2d 13h 1m 44s,153.1,158.4,1,0,0,0,0,0,0.1346,0.02197,0.1025,0.009033,0.001161,0,0,0,1,35.44,40.76,1,32.21,1,0.968,0.1313,1,0,0,0
0,119,88.59,67,3h 2m 6s,0.2371,1,fieldmask_kl002_e5,Field credit + field KL 0.02,69,39.26,9.9e-07,69,0.1291,1455,45.79,2d 12h 57m 49s,154.3,158.3,1,0,0,0,0,0,0.1459,0.03491,0.0931,0.009155,0.008746,0,0,0,1,36.24,41.73,1,34.49,1,0.9794,0.2186,1,0,0,0
0,128,87.49,61,3h 4m 40s,0.2405,1,fieldmask_kl002_e5,Field credit + field KL 0.02,70,68.63,9.9e-07,70,0.08735,1455,45.79,2d 12h 53m 36s,153.3,158.3,1,0,0,0,0,0,0.139,0.01532,0.119,0.008911,-0.004152,0,0,0,1,35.15,40.42,1,31.46,1,0.9549,0.1564,1,0,0,0
0,117,87.94,68,3h 7m 22s,0.244,1,fieldmask_kl002_e5,Field credit + field KL 0.02,71,23.93,9.9e-07,71,0.06881,1455,45.79,2d 12h 52m 12s,161.8,158.3,1,0,0,0,0,0,0.07819,0.02625,0.03375,0.01086,0.007328,0,0,0,1,35.88,41.28,1,32.92,1,0.8432,0.1766,1,0,0,0
0,113,86.17,60,3h 10m 4s,0.2474,1,fieldmask_kl002_e5,Field credit + field KL 0.02,72,21.08,9.9e-07,72,0.05864,1455,45.79,2d 12h 50m 53s,161.8,158.4,1,0,0,0,0,0,0.0737,0.021,0.05445,0.009155,-0.0109,0,0,0,1,35.95,41.38,1,31.71,1,0.8736,0.1247,1,0,0,0
0,123,89.92,69,3h 12m 39s,0.2509,1,fieldmask_kl002_e5,Field credit + field KL 0.02,73,48.81,9.9e-07,73,0.07271,1455,45.79,2d 12h 47m 7s,154.5,158.3,1,0,0,0,0,0,0.1354,0.02844,0.1073,0.009521,-0.00982,0,0,0,1,36.83,42.4,1,32.71,1,0.8595,0.1912,1,0,0,0
0,124,88.06,62,3h 15m 18s,0.2543,1,fieldmask_kl002_e5,Field credit + field KL 0.02,74,53.84,9.9e-07,74,0.07562,1455,45.79,2d 12h 44m 38s,158.5,158.3,1,0,0,0,0,0,0.1116,0.01501,0.08739,0.009094,0.0001323,0,0,0,1,35.88,41.28,1,33.45,1,0.9256,0.08043,1,0,0,0
0,132,89.76,72,3h 17m 56s,0.2577,1,fieldmask_kl002_e5,Field credit + field KL 0.02,75,50.57,9.9e-07,75,0.1099,1455,45.79,2d 12h 41m 50s,157.3,158.3,1,0,0,0,0,0,0.08949,0.02051,0.06755,0.01056,-0.00912,0,0,0,1,35.95,41.4,1,33.96,1,0.8294,0.1383,1,0,0,0
0,125,88.21,61,3h 20m 36s,0.2612,1,fieldmask_kl002_e5,Field credit + field KL 0.02,76,47.71,9.9e-07,76,0.1068,1455,45.79,2d 12h 39m 41s,159.7,158.4,1,0,0,0,0,0,0.1171,0.02441,0.07911,0.01093,0.002645,0,0,0,1,36.97,42.65,1,32.3,1,0.9169,0.2607,1,0,0,0
0,123,86.24,67,3h 23m 11s,0.2646,1,fieldmask_kl002_e5,Field credit + field KL 0.02,77,42.88,9.9e-07,77,0.1201,1455,45.79,2d 12h 36m 11s,155.1,158.3,1,0,0,0,0,0,0.2281,0.02271,0.1838,0.009094,0.01252,0,0,0,1,36.83,42.46,1,33.2,1,0.8771,0.1032,1,0,0,0
0,137,88.94,63,3h 25m 49s,0.268,1,fieldmask_kl002_e5,Field credit + field KL 0.02,78,44.7,9.9e-07,78,0.0982,1455,45.79,2d 12h 33m 24s,157.7,158.3,1,0,0,0,0,0,0.1076,0.02905,0.07002,0.009583,-0.001085,0,0,0,1,35.95,41.32,1,32.95,1,0.9643,0.2814,1,0,0,0
0,123,88.81,69,3h 28m 30s,0.2715,1,fieldmask_kl002_e5,Field credit + field KL 0.02,79,51.33,9.9e-07,79,0.0887,1455,45.79,2d 12h 31m 33s,160.8,158.4,1,0,0,0,0,0,0.1304,0.01843,0.1069,0.009094,-0.004002,0,0,0,1,36.83,42.42,1,32.24,1,0.8782,0.1119,1,0,0,0
0,121,91.17,67,3h 31m 4s,0.2749,1,fieldmask_kl002_e5,Field credit + field KL 0.02,80,25.89,9.9e-07,80,0.1436,1455,45.79,2d 12h 27m 50s,154.3,158.3,1,0,0,0,0,0,0.2463,0.02905,0.2036,0.009827,0.003818,0,0,0,1,36.61,42.2,1,32.65,1,0.87,0.2145,1,0,0,0
0,135,88.66,64,3h 33m 38s,0.2784,1,fieldmask_kl002_e5,Field credit + field KL 0.02,81,33.61,9.9e-07,81,0.1466,1455,45.79,2d 12h 23m 45s,152.8,158.2,1,0,0,0,0,0,0.1772,0.01855,0.1435,0.01031,0.004863,0,0,0,1,37.7,43.51,1,32.25,1,0.9302,0.05425,1,0,0,0
0,139,90.16,69,3h 36m 17s,0.2818,1,fieldmask_kl002_e5,Field credit + field KL 0.02,82,30.69,9.9e-07,82,0.1273,1455,45.79,2d 12h 21m 27s,158.9,158.3,1,0,0,0,0,0,0.1948,0.01477,0.1798,0.01007,-0.009835,0,0,0,1,36.1,41.56,1,34.34,1,0.9733,0.1479,1,0,0,0
0,131,94.51,77,3h 38m 50s,0.2852,1,fieldmask_kl002_e5,Field credit + field KL 0.02,83,60.53,9.9e-07,83,0.08463,1455,45.79,2d 12h 17m 24s,152.7,158.2,1,0,0,0,0,0,0.2105,0.02686,0.1745,0.0108,-0.001714,0,0,0,1,36.76,42.32,1,31.4,1,0.9417,0.4767,1,0,0,0
0,139,90.49,70,3h 41m 30s,0.2887,1,fieldmask_kl002_e5,Field credit + field KL 0.02,84,46.05,9.9e-07,84,0.2758,1455,45.79,2d 12h 15m 9s,159.2,158.2,1,0,0,0,0,0,0.2426,0.03687,0.1918,0.01111,0.00285,0,0,0,1,36.76,42.34,1,33.33,1,0.922,0.1928,1,0,0,0
0,124,90.69,69,3h 44m 6s,0.2921,1,fieldmask_kl002_e5,Field credit + field KL 0.02,85,60.8,9.9e-07,85,0.1871,1455,45.79,2d 12h 11m 55s,154.3,158.2,1,0,0,0,0,0,0.1443,0.02185,0.1074,0.01135,0.003726,0,0,0,1,36.17,41.64,1,32.02,1,0.961,0.1059,1,0,0,0
0,110,84.83,66,3h 46m 43s,0.2955,1,fieldmask_kl002_e5,Field credit + field KL 0.02,86,31.54,9.9e-07,86,0.1405,1455,45.79,2d 12h 9m 0s,156.7,158.2,1,0,0,0,0,0,0.1275,0.006409,0.1143,0.008606,-0.001755,0,0,0,1,35.66,40.99,1,31.85,1,0.8163,0.08849,1,0,0,0
0,128,89.22,68,3h 49m 20s,0.299,1,fieldmask_kl002_e5,Field credit + field KL 0.02,87,40.68,9.9e-07,87,0.2465,1455,45.79,2d 12h 5m 58s,156.4,158.2,1,0,0,0,0,0,0.2657,0.02271,0.237,0.009949,-0.00389,0,0,0,1,35.88,41.26,1,31.9,1,0.787,0.287,1,0,0,0
0,115,84.32,67,3h 51m 54s,0.3024,1,fieldmask_kl002_e5,Field credit + field KL 0.02,88,28.74,9.9e-07,88,0.25,1455,45.79,2d 12h 2m 26s,154.4,158.1,1,0,0,0,0,0,0.05342,0.02612,0.02212,0.01068,-0.005508,0,0,0,1,35.95,41.36,1,32.34,1,0.8751,0.3639,1,0,0,0
0,118,88.56,70,3h 54m 26s,0.3058,1,fieldmask_kl002_e5,Field credit + field KL 0.02,89,23.89,9.9e-07,89,0.2317,1455,45.79,2d 11h 58m 7s,151.2,158,1,0,0,0,0,0,0.328,0.02856,0.2871,0.01038,0.00193,0,0,0,1,36.46,42.03,1,31.96,1,0.9225,0.4102,1,0,0,0
0,121,87.51,70,3h 57m 4s,0.3093,1,fieldmask_kl002_e5,Field credit + field KL 0.02,90,20.99,9.9e-07,90,0.2661,1455,45.79,2d 11h 55m 30s,156.7,158,1,0,0,0,0,0,0.1806,0.0332,0.135,0.01178,0.000653,0,0,0,1,35.95,41.36,1,31.27,1,0.9177,0.2712,1,0,0,0
0,128,84.74,61,3h 59m 40s,0.3127,1,fieldmask_kl002_e5,Field credit + field KL 0.02,91,23.26,9.9e-07,91,0.2396,1455,45.79,2d 11h 52m 27s,156,158,1,0,0,0,0,0,0.3549,0.01318,0.3306,0.01007,0.001026,0,0,0,1,37.19,42.87,1,32.06,1,0.9301,0.122,1,0,0,0
0,111,82.88,65,4h 2m 16s,0.3162,1,fieldmask_kl002_e5,Field credit + field KL 0.02,92,50.31,9.9e-07,92,0.2026,1455,45.79,2d 11h 49m 7s,154.8,158,1,0,0,0,0,0,0.1503,0.01276,0.119,0.01038,0.008207,0,0,0,1,35.95,41.32,1,32.96,1,0.8821,0.2883,1,0,0,0
0,122,84.75,68,4h 4m 54s,0.3196,1,fieldmask_kl002_e5,Field credit + field KL 0.02,93,30.8,9.9e-07,93,0.2203,1455,45.79,2d 11h 46m 40s,158,158,1,0,0,0,0,0,0.3712,0.00766,0.3544,0.009094,7.982e-05,0,0,0,1,34.93,40.05,1,31.48,1,0.9134,0.09602,1,0,0,0
0,123,85.62,59,4h 7m 27s,0.323,1,fieldmask_kl002_e5,Field credit + field KL 0.02,94,34.98,9.9e-07,94,0.1563,1455,45.79,2d 11h 42m 47s,152.5,157.9,1,0,0,0,0,0,0.243,0.009949,0.2228,0.01141,-0.001205,0,0,0,1,35.73,41.09,1,31.65,1,0.8898,0.1366,1,0,0,0
0,113,81.85,61,4h 10m 3s,0.3265,1,fieldmask_kl002_e5,Field credit + field KL 0.02,95,19.85,9.9e-07,95,0.2208,1455,45.79,2d 11h 39m 33s,155.1,157.9,1,0,0,0,0,0,0.2394,0.01251,0.2194,0.009644,-0.002146,0,0,0,1,35.73,41.13,1,32.15,1,0.9353,0.1504,1,0,0,0
0,147,83.63,68,4h 12m 36s,0.3299,1,fieldmask_kl002_e5,Field credit + field KL 0.02,96,65.33,9.9e-07,96,0.2376,1455,45.79,2d 11h 35m 56s,153.4,157.9,1,0,0,0,0,0,0.2592,0.0108,0.2423,0.008606,-0.001004,-0.001537,0,0,1,38.58,44.56,1,32.23,1,0.9504,0.03662,1,0.02778,-0.005208,0
0,147,86.24,68,4h 15m 12s,0.3333,1,fieldmask_kl002_e5,Field credit + field KL 0.02,97,25.14,9.9e-07,97,0.1276,1455,45.79,2d 11h 32m 51s,155.6,157.9,1,0,0,0,0,0,0.1081,0.01062,0.09181,0.008972,-0.003257,0,0,0,1,35.81,41.21,1,33.49,1,0.8795,0.1767,1,0,0,0
0,126,83.49,62,4h 17m 45s,0.3368,1,fieldmask_kl002_e5,Field credit + field KL 0.02,98,20.74,9.9e-07,98,0.2078,1455,45.79,2d 11h 29m 8s,152.9,157.8,1,0,0,0,0,0,0.2357,0.007996,0.2215,0.009583,-0.00339,0,0,0,1,35.66,41.01,1,32.93,1,0.9357,0.06182,1,0,0,0
0,120,86.34,61,4h 20m 22s,0.3402,1,fieldmask_kl002_e5,Field credit + field KL 0.02,99,26.48,9.9e-07,99,0.1468,1455,45.79,2d 11h 26m 19s,156.6,157.8,1,0,0,0,0,0,0.07951,0.01306,0.05702,0.0105,-0.001062,0,0,0,1,36.54,42.06,1,36.61,1,0.9794,0.1386,1,0,0,0
0,119,85.35,67,4h 22m 56s,0.3436,1,fieldmask_kl002_e5,Field credit + field KL 0.02,100,65.74,9.9e-07,100,0.1511,1455,45.79,2d 11h 22m 50s,153.6,157.8,1,0,0,0,0,0,0.112,0.01532,0.08706,0.01141,-0.001754,0,0,0,1,36.17,41.62,1,32.2,1,0.7987,0.2766,1,0,0,0
0,125,87.23,68,4h 25m 29s,0.3471,1,fieldmask_kl002_e5,Field credit + field KL 0.02,101,27.7,9.9e-07,101,0.2034,1455,45.79,2d 11h 19m 2s,152.3,157.7,1,0,0,0,0,0,0.2189,0.0199,0.1887,0.01001,0.0002707,0,0,0,1,36.97,42.63,1,31.42,1,0.867,0.4262,1,0,0,0
0,123,90.17,61,4h 28m 7s,0.3505,1,fieldmask_kl002_e5,Field credit + field KL 0.02,102,38.61,9.9e-07,102,0.1548,1455,45.79,2d 11h 16m 32s,157.9,157.7,1,0,0,0,0,0,0.1922,0.02271,0.1592,0.01013,0.0002282,0,0,0,1,36.61,42.18,1,32.55,1,0.9263,0.1864,1,0,0,0
0,122,91.02,70,4h 30m 47s,0.354,1,fieldmask_kl002_e5,Field credit + field KL 0.02,103,32.73,9.9e-07,103,0.1571,1455,45.79,2d 11h 14m 17s,159.2,157.7,1,0,0,0,0,0,0.1152,0.0188,0.09408,0.009644,-0.007316,0,0,0,1,36.39,41.87,1,32.28,1,0.9506,0.4125,1,0,0,0
0,154,89.06,61,4h 33m 20s,0.3574,1,fieldmask_kl002_e5,Field credit + field KL 0.02,104,24.44,9.9e-07,104,0.1814,1455,45.79,2d 11h 10m 44s,153.3,157.7,1,0,0,0,0,0,0.1166,0.01031,0.09422,0.01031,0.001896,-0.0001709,0,0,1,39.09,45.17,1,32.22,1,0.943,0.1471,1,0.02778,-0.01736,0
0,127,90.67,70,4h 35m 56s,0.3608,1,fieldmask_kl002_e5,Field credit + field KL 0.02,105,89.69,9.9e-07,105,0.1924,1455,45.79,2d 11h 7m 47s,155.9,157.7,1,0,0,0,0,0,0.06772,0.02271,0.03048,0.01086,0.003677,0,0,0,1,36.03,41.44,1,33.6,1,0.9411,0.08544,1,0,0,0
0,131,96.19,74,4h 38m 33s,0.3643,1,fieldmask_kl002_e5,Field credit + field KL 0.02,106,42.79,9.9e-07,106,0.1557,1455,45.79,2d 11h 5m 2s,156.8,157.7,1,0,0,0,0,0,0.2317,0.01636,0.2111,0.009827,-0.005544,0,0,0,1,37.27,42.98,1,35,1,0.9105,0.3607,1,0,0,0
0.006944,160,94.88,72,4h 41m 10s,0.3677,1,fieldmask_kl002_e5,Field credit + field KL 0.02,107,62.38,9.9e-07,107,0.2033,1455,45.79,2d 11h 2m 13s,156.4,157.7,1,0,0,0,0,0,0.1738,0.02393,0.1425,0.01031,-0.003002,0,0,0,1,37.27,42.96,1,33.25,1,0.8902,0.1606,1,0,0,0
0,129,92.46,69,4h 43m 47s,0.3711,1,fieldmask_kl002_e5,Field credit + field KL 0.02,108,44.82,9.9e-07,108,0.2786,1455,45.79,2d 10h 59m 26s,156.7,157.7,1,0,0,0,0,0,0.3299,0.0177,0.3047,0.009827,-0.002276,0,0,0,1,37.27,42.96,1,31.34,1,0.8011,0.2869,1,0,0,0
0,138,92.18,71,4h 46m 24s,0.3746,1,fieldmask_kl002_e5,Field credit + field KL 0.02,109,24.8,9.9e-07,109,0.3914,1455,45.79,2d 10h 56m 39s,156.7,157.7,1,0,0,0,0,0,0.4445,0.01532,0.4274,0.008911,-0.007099,0,0,0,1,37.92,43.74,1,32.18,1,0.9295,0.1717,1,0,0,0
0,130,89.72,69,4h 49m 4s,0.378,1,fieldmask_kl002_e5,Field credit + field KL 0.02,110,55.66,9.9e-07,110,0.2616,1455,45.79,2d 10h 54m 36s,160.2,157.7,1,0,0,0,0,0,0.2983,0.01257,0.2751,0.009094,0.001565,0,0,0,1,37.05,42.69,1,35.77,1,0.9721,0.1562,1,0,0,0
0,135,93.21,72,4h 51m 42s,0.3814,1,fieldmask_kl002_e5,Field credit + field KL 0.02,111,16.02,9.9e-07,111,0.3077,1455,45.79,2d 10h 52m 1s,157.6,157.7,1,0,0,0,0,0,0.2693,0.0199,0.2499,0.009644,-0.01015,0,0,0,1,36.83,42.4,1,32.74,1,0.9122,0.1524,1,0,0,0
0,138,91.92,69,4h 54m 18s,0.3849,1,fieldmask_kl002_e5,Field credit + field KL 0.02,112,34.07,9.9e-07,112,0.3192,1455,45.79,2d 10h 48m 58s,155.4,157.7,1,0,0,0,0,0,0.4243,0.02051,0.3932,0.009583,0.001062,0,0,0,1,36.9,42.55,1,32.89,1,0.8896,0.2247,1,0,0,0
0,141,92.09,70,4h 56m 54s,0.3883,1,fieldmask_kl002_e5,Field credit + field KL 0.02,113,24.44,9.9e-07,113,0.2863,1455,45.79,2d 10h 45m 56s,155.3,157.6,1,0,0,0,0,0,0.2931,0.02222,0.2616,0.01099,-0.001661,0,0,0,1,38.14,44.06,1,31.43,1,0.9397,0.2022,1,0,0,0
0,133,94.03,69,4h 59m 29s,0.3918,1,fieldmask_kl002_e5,Field credit + field KL 0.02,114,18.75,9.8e-07,114,0.1775,1455,45.79,2d 10h 42m 54s,155.4,157.6,1,0,0,0,0,0,0.1017,0.03442,0.06343,0.01099,-0.007187,0,0,0,1,36.9,42.54,1,32.3,1,0.9132,0.4073,1,0,0,0
0,139,92.19,72,5h 2m 8s,0.3952,1,fieldmask_kl002_e5,Field credit + field KL 0.02,115,36.37,9.8e-07,115,0.2745,1455,45.79,2d 10h 40m 26s,158.1,157.6,1,0,0,0,0,0,0.197,0.02686,0.1576,0.01093,0.001609,0,0,0,1,36.83,42.42,1,32.86,1,0.8547,0.3747,1,0,0,0
0,141,90.52,70,5h 4m 46s,0.3986,1,fieldmask_kl002_e5,Field credit + field KL 0.02,116,37.4,9.8e-07,116,0.2444,1455,45.79,2d 10h 37m 56s,157.9,157.6,1,0,0,0,0,0,0.1852,0.01965,0.1475,0.01038,0.007651,0,0,0,1,36.68,42.28,1,32.82,1,0.9311,0.1198,1,0,0,0
0,134,96.29,71,5h 7m 24s,0.4021,1,fieldmask_kl002_e5,Field credit + field KL 0.02,117,31.7,9.8e-07,117,0.1495,1455,45.79,2d 10h 35m 21s,157.6,157.6,1,0,0,0,0,0,0.1576,0.03247,0.12,0.01221,-0.007115,0,0,0,1,37.56,43.31,1,32.68,1,0.916,0.3466,1,0,0,0
0,134,92.94,72,5h 10m 2s,0.4055,1,fieldmask_kl002_e5,Field credit + field KL 0.02,118,38.77,9.8e-07,118,0.199,1455,45.79,2d 10h 32m 53s,158.2,157.6,1,0,0,0,0,0,0.2614,0.01459,0.2326,0.01086,0.003302,0,0,0,1,37.63,43.39,1,34.17,1,0.7839,0.273,1,0,0,0
0,136,96.92,72,5h 12m 38s,0.4089,1,fieldmask_kl002_e5,Field credit + field KL 0.02,119,44.36,9.8e-07,119,0.1453,1455,45.79,2d 10h 29m 50s,155.1,157.6,1,0,0,0,0,0,0.2115,0.02417,0.178,0.01068,-0.001358,0,0,0,1,37.63,43.39,1,31.91,1,0.7911,0.3364,1,0,0,0
0,140,98.67,72,5h 15m 16s,0.4124,1,fieldmask_kl002_e5,Field credit + field KL 0.02,120,52.33,9.8e-07,120,0.113,1455,45.79,2d 10h 27m 21s,158.1,157.6,1,0,0,0,0,0,0.2189,0.02405,0.187,0.01202,-0.004189,0,0,0,1,38.07,43.96,1,31.62,1,0.9532,0.3571,1,0,0,0
0,139,98.52,71,5h 17m 50s,0.4158,1,fieldmask_kl002_e5,Field credit + field KL 0.02,121,52.06,9.8e-07,121,0.1072,1455,45.79,2d 10h 23m 60s,153.3,157.6,1,0,0,0,0,0,0.1157,0.01929,0.08525,0.01147,-0.0003275,0,0,0,1,37.19,42.87,1,32.26,1,0.8929,0.2421,1,0,0,0
0,143,96.94,72,5h 20m 28s,0.4192,1,fieldmask_kl002_e5,Field credit + field KL 0.02,122,57.59,9.8e-07,122,0.1135,1455,45.79,2d 10h 21m 27s,157.8,157.6,1,0,0,0,0,0,0.1468,0.02307,0.1146,0.01111,-0.001958,0,0,0,1,38.29,44.21,1,32.41,1,0.8876,0.05824,1,0,0,0
0,135,97.54,71,5h 23m 4s,0.4227,1,fieldmask_kl002_e5,Field credit + field KL 0.02,123,70.32,9.8e-07,123,0.1162,1455,45.79,2d 10h 18m 29s,155.5,157.6,1,0,0,0,0,0,0.08268,0.02393,0.04236,0.01306,0.003339,0,0,0,1,37.19,42.93,1,32.24,1,0.9316,0.1976,1,0,0,0
0,144,101.4,71,5h 25m 45s,0.4261,1,fieldmask_kl002_e5,Field credit + field KL 0.02,124,78.92,9.8e-07,124,0.08218,1455,45.79,2d 10h 16m 36s,161.4,157.6,1,0,0,0,0,0,0.1079,0.0166,0.07315,0.01056,0.007597,0,0,0,1,38.36,44.33,1,32.99,1,0.9698,0.2474,1,0,0,0
0,135,101.7,71,5h 28m 24s,0.4296,1,fieldmask_kl002_e5,Field credit + field KL 0.02,125,40.96,9.8e-07,125,0.1122,1455,45.79,2d 10h 14m 13s,158.8,157.6,1,0,0,0,0,0,0.07218,0.02185,0.04545,0.01062,-0.005741,0,0,0,1,37.41,43.18,1,32.27,1,0.8474,0.3296,1,0,0,0
0,139,102.2,76,5h 31m 0s,0.433,1,fieldmask_kl002_e5,Field credit + field KL 0.02,126,45.46,9.8e-07,126,0.09533,1455,45.79,2d 10h 11m 17s,155.6,157.6,1,0,0,0,0,0,0.09561,0.01648,0.06493,0.01208,0.002116,0,0,0,1,37.41,43.18,1,32.31,1,0.9213,0.266,1,0,0,0
0,144,101.2,72,5h 33m 37s,0.4364,1,fieldmask_kl002_e5,Field credit + field KL 0.02,127,28.56,9.8e-07,127,0.04982,1455,45.79,2d 10h 8m 27s,156.1,157.6,1,0,0,0,0,0,0.06962,0.02222,0.03789,0.01111,-0.001594,0,0,0,1,38,43.9,1,32.28,1,0.8265,0.1854,1,0,0,0
0,141,102,76,5h 36m 16s,0.4399,1,fieldmask_kl002_e5,Field credit + field KL 0.02,128,32.62,9.8e-07,128,0.05375,1455,45.79,2d 10h 6m 6s,159,157.6,1,0,0,0,0,0,0.06894,0.02441,0.02979,0.01117,0.003563,0,0,0,1,36.17,41.67,1,32.2,1,0.8946,0.3395,1,0,0,0
0,141,102.9,69,5h 38m 53s,0.4433,1,fieldmask_kl002_e5,Field credit + field KL 0.02,129,96.9,9.8e-07,129,0.03808,1455,45.79,2d 10h 3m 26s,157.2,157.6,1,0,0,0,0,0,0.04298,0.0119,0.02276,0.01141,-0.003095,0,0,0,1,38,43.88,1,33.16,1,0.9356,0.1202,1,0,0,0
0,145,103.9,70,5h 41m 27s,0.4467,1,fieldmask_kl002_e5,Field credit + field KL 0.02,130,41.35,9.8e-07,130,0.05436,1455,45.79,2d 10h 0m 7s,153.3,157.6,1,0,0,0,0,0,0.05332,0.01489,0.02069,0.01147,0.006268,0,0,0,1,37.34,43.12,1,32.54,1,0.8642,0.1955,1,0,0,0
0,145,105,80,5h 44m 4s,0.4502,1,fieldmask_kl002_e5,Field credit + field KL 0.02,131,33.9,9.8e-07,131,0.01822,1455,45.79,2d 9h 57m 30s,157.4,157.6,1,0,0,0,0,0,-0.01041,0.01013,-0.02855,0.01172,-0.005985,0.00227,0,0,1,38.43,44.47,1,32.44,1,0.8437,0.447,1,0.02778,-0.001736,0
0,147,104.9,73,5h 46m 47s,0.4536,1,fieldmask_kl002_e5,Field credit + field KL 0.02,132,54.63,9.8e-07,132,0.04658,1455,45.79,2d 9h 55m 47s,162.8,157.6,1,0,0,0,0,0,0.06276,0.01428,0.03452,0.01141,0.002543,0,0,0,1,37.56,43.39,1,32.57,1,0.811,0.03875,1,0,0,0
0,147,108.9,84,5h 49m 27s,0.457,1,fieldmask_kl002_e5,Field credit + field KL 0.02,133,63.31,9.8e-07,133,0.04235,1455,45.79,2d 9h 53m 29s,159.4,157.6,1,0,0,0,0,0,0.05443,0.004303,0.03636,0.01257,-0.000725,0.001918,0,0,1,38.58,44.56,1,32.48,1,0.8966,0.2055,1,0.02778,-0.005208,0
0,140,104.9,77,5h 52m 7s,0.4605,1,fieldmask_kl002_e5,Field credit + field KL 0.02,134,80.31,9.8e-07,134,0.02483,1455,45.79,2d 9h 51m 14s,159.7,157.7,1,0,0,0,0,0,0.02404,0.02271,-0.009744,0.01111,-2.606e-05,0,0,0,1,37.19,42.88,1,32.11,1,0.8864,0.1196,1,0,0,0
0,137,108.5,76,5h 54m 47s,0.4639,1,fieldmask_kl002_e5,Field credit + field KL 0.02,135,67.49,9.8e-07,135,0.02042,1455,45.79,2d 9h 49m 1s,159.9,157.7,1,0,0,0,0,0,0.02089,0.01007,0.004262,0.01282,-0.006259,0,0,0,1,37.78,43.65,1,33.45,1,0.8878,0.1117,1,0,0,0
0,146,106.9,82,5h 57m 24s,0.4674,1,fieldmask_kl002_e5,Field credit + field KL 0.02,136,53.51,9.8e-07,136,0.06961,1455,45.79,2d 9h 46m 19s,156.9,157.7,1,0,0,0,0,0,0.06997,0.008301,0.04886,0.01093,6.936e-05,0.00181,0,0,1,38.51,44.51,1,32.33,1,0.9198,0.2636,1,0.02778,-0.003472,0
0,152,107.3,74,6h 0m 4s,0.4708,1,fieldmask_kl002_e5,Field credit + field KL 0.02,137,52.93,9.8e-07,137,0.04756,1455,45.79,2d 9h 43m 59s,159.2,157.7,1,0,0,0,0,0,0.01515,0.01221,-0.01205,0.01294,0.002048,0,0,0,1,37.34,43.1,1,32.93,1,0.8829,0.1218,1,0,0,0
0,151,106.7,79,6h 2m 43s,0.4742,1,fieldmask_kl002_e5,Field credit + field KL 0.02,138,38.92,9.8e-07,138,0.03707,1455,45.79,2d 9h 41m 33s,158.7,157.7,1,0,0,0,0,0,0.0638,0.008972,0.04853,0.01282,-0.006524,0,0,0,1,38.14,44.1,1,33.59,1,0.9052,0.1934,1,0,0,0
0,153,111.4,87,6h 5m 22s,0.4777,1,fieldmask_kl002_e5,Field credit + field KL 0.02,139,56.91,9.8e-07,139,0.04143,1455,45.79,2d 9h 39m 8s,158.1,157.7,1,0,0,0,0,0,0.005037,0.006714,-0.01735,0.01337,0.001064,0.001239,0,0,1,39.02,45.13,1,32.03,1,0.8915,0.04786,1,0.02778,-0.01562,0
0,142,109.3,81,6h 8m 5s,0.4811,1,fieldmask_kl002_e5,Field credit + field KL 0.02,140,55.93,9.8e-07,140,0.03514,1455,45.79,2d 9h 37m 21s,161.3,157.8,1,0,0,0,0,0,0.04615,0.01318,0.02282,0.01221,-0.002064,0,0,0,1,37.41,43.18,1,32.85,1,0.9834,0.1094,1,0,0,0
0,159,108.9,81,6h 10m 47s,0.4845,1,fieldmask_kl002_e5,Field credit + field KL 0.02,141,82.15,9.8e-07,141,0.02685,1455,45.79,2d 9h 35m 23s,160.5,157.8,1,0,0,0,0,0,0.0306,0.01526,-5.377e-05,0.01276,0.002442,0.0001968,0,0,1,39.45,45.68,1,33.42,1,0.9686,0.1162,1,0.02778,-0.02604,0
0,159,110.1,79,6h 13m 26s,0.488,1,fieldmask_kl002_e5,Field credit + field KL 0.02,142,54.2,9.8e-07,142,0.03404,1455,45.79,2d 9h 32m 52s,158.3,157.8,1,0,0,0,0,0,0.01607,0.01807,-0.00996,0.01196,-0.004174,0.0001763,0,0,1,39.16,45.35,1,32.5,1,0.9072,0.2268,1,0.02778,-0.0191,0
0,138,108,83,6h 16m 5s,0.4914,1,fieldmask_kl002_e5,Field credit + field KL 0.02,143,85.08,9.8e-07,143,0.03577,1455,45.79,2d 9h 30m 26s,158.7,157.8,1,0,0,0,0,0,0.09471,0.01263,0.07532,0.01263,-0.005883,0,0,0,1,37.41,43.2,1,32.46,1,0.9605,0.1336,1,0,0,0
0,151,108.4,77,6h 18m 46s,0.4948,1,fieldmask_kl002_e5,Field credit + field KL 0.02,144,102.1,9.8e-07,144,0.04294,1455,45.79,2d 9h 28m 20s,160.8,157.8,1,0,0,0,0,0,0.02163,0.02051,-0.01482,0.01282,0.003118,0,0,0,1,37.7,43.53,1,33.12,1,0.9582,0.1221,1,0,0,0
0,143,107.6,81,6h 21m 27s,0.4983,1,fieldmask_kl002_e5,Field credit + field KL 0.02,145,120.9,9.8e-07,145,0.05093,1455,45.79,2d 9h 26m 8s,160.5,157.8,1,0,0,0,0,0,0.06623,0.02588,0.02057,0.01154,0.008242,0,0,0,1,38,43.92,1,33.06,1,0.7037,0.5099,1,0,0,0
0,140,105.8,80,6h 24m 8s,0.5017,1,fieldmask_kl002_e5,Field credit + field KL 0.02,146,78.75,9.8e-07,146,0.08031,1455,45.79,2d 9h 24m 4s,161.3,157.9,1,0,0,0,0,0,0.07271,0.02222,0.02572,0.01208,0.01269,0,0,0,1,37.78,43.65,1,33.11,1,0.9491,0.3711,1,0,0,0
0,138,106.9,77,6h 26m 45s,0.5052,1,fieldmask_kl002_e5,Field credit + field KL 0.02,147,97.21,9.8e-07,147,0.03365,1455,45.79,2d 9h 21m 15s,156.3,157.9,1,0,0,0,0,0,0.07955,0.01929,0.04565,0.01221,0.002407,0,0,0,1,37.27,43,1,32.58,1,0.9148,0.2448,1,0,0,0
0,157,106.7,77,6h 29m 26s,0.5086,1,fieldmask_kl002_e5,Field credit + field KL 0.02,148,75.3,9.7e-07,148,0.04006,1455,45.79,2d 9h 19m 4s,160.5,157.9,1,0,0,0,0,0,0.02908,0.03149,-0.01235,0.0119,-0.001967,0,0,0,1,37.63,43.45,1,33.78,1,0.9954,0.2712,1,0,0,0
0,139,104.6,75,6h 32m 9s,0.512,1,fieldmask_kl002_e5,Field credit + field KL 0.02,149,74.15,9.7e-07,149,0.05284,1455,45.79,2d 9h 17m 13s,162.9,157.9,1,0,0,0,0,0,0.01272,0.02332,-0.01664,0.01263,-0.006587,0,0,0,1,37.63,43.47,1,32.67,1,0.9579,0.2259,1,0,0,0
0,139,107.4,80,6h 34m 46s,0.5155,1,fieldmask_kl002_e5,Field credit + field KL 0.02,150,68.83,9.7e-07,150,0.08722,1455,45.79,2d 9h 14m 25s,156.4,157.9,1,0,0,0,0,0,0.07444,0.0188,0.0406,0.01288,0.002165,0,0,0,1,36.97,42.63,1,32.41,1,0.9751,0.2851,1,0,0,0
0,159,106.4,83,6h 37m 24s,0.5189,1,fieldmask_kl002_e5,Field credit + field KL 0.02,151,43.08,9.7e-07,151,0.08861,1455,45.79,2d 9h 11m 54s,158.4,157.9,1,0,0,0,0,0,0.08438,0.03027,0.04003,0.01263,0.0007693,0.0006664,0,0,1,38.43,44.45,1,33.76,1,0.9265,0.1252,1,0.02778,-0.001736,0
0,134,106.9,79,6h 40m 3s,0.5223,1,fieldmask_kl002_e5,Field credit + field KL 0.02,152,70.75,9.7e-07,152,0.1085,1455,45.79,2d 9h 9m 21s,158.1,157.9,1,0,0,0,0,0,-0.01473,0.02307,-0.04394,0.01331,-0.007169,0,0,0,1,36.61,42.16,1,32.21,1,0.9369,0.215,1,0,0,0
0,147,107.3,77,6h 42m 43s,0.5258,1,fieldmask_kl002_e5,Field credit + field KL 0.02,153,184.3,9.7e-07,153,0.04033,1455,45.79,2d 9h 7m 0s,159.6,157.9,1,0,0,0,0,0,0.01248,0.01709,-0.01905,0.01227,0.002571,-0.0004074,0,0,1,38.58,44.58,1,31.68,1,0.85,0.3114,1,0.02778,-0.005208,0
0,138,104.8,78,6h 45m 21s,0.5292,1,fieldmask_kl002_e5,Field credit + field KL 0.02,154,69.75,9.7e-07,154,0.04776,1455,45.79,2d 9h 4m 21s,157.5,157.9,1,0,0,0,0,0,0.1119,0.01904,0.07652,0.01294,0.003415,0,0,0,1,37.92,43.76,1,32.49,1,0.9751,0.1811,1,0,0,0
0,142,108.7,86,6h 48m 2s,0.5326,1,fieldmask_kl002_e5,Field credit + field KL 0.02,155,49.69,9.7e-07,155,0.1086,1455,45.79,2d 9h 2m 10s,160.8,157.9,1,0,0,0,0,0,0.2008,0.03015,0.1594,0.01294,-0.001679,0,0,0,1,37.63,43.47,1,31.76,1,0.7981,0.2561,1,0,0,0
0,158,106.7,83,6h 50m 45s,0.5361,1,fieldmask_kl002_e5,Field credit + field KL 0.02,156,86.01,9.7e-07,156,0.0796,1455,45.79,2d 9h 0m 15s,162.8,158,1,0,0,0,0,0,0.1234,0.02966,0.07803,0.01318,0.002503,0,0,0,1,37.41,43.14,1,32.55,1,0.9825,0.09855,1,0,0,0
0,138,104.5,77,6h 53m 26s,0.5395,1,fieldmask_kl002_e5,Field credit + field KL 0.02,157,79.91,9.7e-07,157,0.0171,1455,45.79,2d 8h 58m 6s,161.2,158,1,0,0,0,0,0,-0.01897,0.02185,-0.05539,0.01331,0.001263,0,0,0,1,37.92,43.78,1,34.01,1,0.9269,0.2619,1,0,0,0
0,128,99.55,72,6h 56m 3s,0.543,1,fieldmask_kl002_e5,Field credit + field KL 0.02,158,59.22,9.7e-07,158,0.05916,1455,45.79,2d 8h 55m 17s,155.9,158,1,0,0,0,0,0,0.03058,0.0108,0.009676,0.01343,-0.00333,0,0,0,1,37.19,42.85,1,32.87,1,0.9381,0.2488,1,0,0,0
0,132,103,80,6h 58m 39s,0.5464,1,fieldmask_kl002_e5,Field credit + field KL 0.02,159,40.21,9.7e-07,159,0.06145,1455,45.79,2d 8h 52m 20s,155.3,158,1,0,0,0,0,0,0.06934,0.01178,0.03944,0.01312,0.005006,0,0,0,1,37.48,43.22,1,32.57,1,0.8882,0.0491,1,0,0,0
0,134,102.5,74,7h 1m 15s,0.5498,1,fieldmask_kl002_e5,Field credit + field KL 0.02,160,60.5,9.7e-07,160,0.04164,1455,45.79,2d 8h 49m 29s,156.1,158,1,0,0,0,0,0,-0.003883,0.01544,-0.03669,0.01361,0.003756,0,0,0,1,37.48,43.28,1,32.25,1,0.9189,0.1505,1,0,0,0
0,136,101.4,71,7h 3m 51s,0.5533,1,fieldmask_kl002_e5,Field credit + field KL 0.02,161,37.5,9.7e-07,161,0.01857,1455,45.79,2d 8h 46m 39s,156.2,158,1,0,0,0,0,0,0.0331,0.01331,0.005433,0.01343,0.0009381,0,0,0,1,36.54,42.07,1,32.96,1,0.8478,0.1388,1,0,0,0
0,136,101.5,79,7h 6m 30s,0.5567,1,fieldmask_kl002_e5,Field credit + field KL 0.02,162,54.27,9.7e-07,162,0.02533,1455,45.79,2d 8h 44m 4s,158.1,158,1,0,0,0,0,0,0.03755,0.01428,0.005686,0.01398,0.003609,0,0,0,1,37.48,43.22,1,31.67,1,0.8606,0.1793,1,0,0,0
0,135,101.9,74,7h 9m 13s,0.5601,1,fieldmask_kl002_e5,Field credit + field KL 0.02,163,87.59,9.7e-07,163,0.04983,1455,45.79,2d 8h 42m 8s,162.9,158,1,0,0,0,0,0,0.04167,0.01135,0.01393,0.01282,0.003568,0,0,0,1,37.12,42.83,1,31.39,1,0.953,0.2679,1,0,0,0
0,144,103.8,78,7h 11m 47s,0.5636,1,fieldmask_kl002_e5,Field credit + field KL 0.02,164,50.29,9.7e-07,164,0.02955,1455,45.79,2d 8h 38m 59s,153.7,158,1,0,0,0,0,0,0.06571,0.01282,0.03606,0.01501,0.00182,0,0,0,1,37.41,43.16,1,32.04,1,0.8959,0.208,1,0,0,0
0,134,102.1,71,7h 14m 23s,0.567,1,fieldmask_kl002_e5,Field credit + field KL 0.02,165,111.8,9.7e-07,165,0.04592,1455,45.79,2d 8h 36m 7s,155.8,158,1,0,0,0,0,0,0.05326,0.01001,0.02473,0.01282,0.005703,0,0,0,1,37.63,43.45,1,32.64,1,0.9817,0.1434,1,0,0,0
0,151,103.5,74,7h 16m 58s,0.5704,1,fieldmask_kl002_e5,Field credit + field KL 0.02,166,147.3,9.7e-07,166,0.05428,1455,45.79,2d 8h 33m 1s,154.1,157.9,1,0,0,0,0,0,0.02481,0.01831,-0.004696,0.01312,-0.002172,0.0002435,0,0,1,38.87,44.96,1,34.06,1,0.9177,0.0672,1,0.02778,-0.01215,0
0,149,103,73,7h 19m 38s,0.5739,1,fieldmask_kl002_e5,Field credit + field KL 0.02,167,140.7,9.7e-07,167,0.04736,1455,45.79,2d 8h 30m 40s,159.2,158,1,0,0,0,0,0,0.01418,0.01941,-0.01619,0.01373,-0.002771,0,0,0,1,36.9,42.54,1,32.98,1,0.9074,0.1367,1,0,0,0
0,139,101.7,73,7h 22m 13s,0.5773,1,fieldmask_kl002_e5,Field credit + field KL 0.02,168,106.5,9.7e-07,168,0.038,1455,45.79,2d 8h 27m 43s,154.3,157.9,1,0,0,0,0,0,0.0138,0.009827,-0.005491,0.01294,-0.003473,0,0,0,1,37.48,43.26,1,32.31,1,0.9881,0.08356,1,0,0,0
0,130,99.96,71,7h 24m 48s,0.5808,1,fieldmask_kl002_e5,Field credit + field KL 0.02,169,107.3,9.7e-07,169,0.03809,1455,45.79,2d 8h 24m 39s,154.3,157.9,1,0,0,0,0,0,0.04521,0.01398,0.02482,0.01428,-0.007869,0,0,0,1,36.46,42.01,1,31.98,1,0.91,0.2151,1,0,0,0
0,147,98.44,75,7h 27m 26s,0.5842,1,fieldmask_kl002_e5,Field credit + field KL 0.02,170,121.4,9.7e-07,170,0.05383,1455,45.79,2d 8h 22m 6s,158.3,157.9,1,0,0,0,0,0,0.01301,0.01544,-0.01837,0.01471,0.001233,0,0,0,1,36.1,41.5,1,32.39,1,0.9248,0.1469,1,0,0,0
0,141,100.3,72,7h 30m 4s,0.5876,1,fieldmask_kl002_e5,Field credit + field KL 0.02,171,66.37,9.7e-07,171,0.0539,1455,45.79,2d 8h 19m 30s,157.8,157.9,1,0,0,0,0,0,0.04776,0.01483,0.0196,0.01422,-0.0008945,0,0,0,1,37.05,42.67,1,33.21,1,0.9058,0.1774,1,0,0,0
0,138,97.43,70,7h 32m 40s,0.5911,1,fieldmask_kl002_e5,Field credit + field KL 0.02,172,49.08,9.7e-07,172,0.07252,1455,45.79,2d 8h 16m 31s,154.7,157.9,1,0,0,0,0,0,0.06629,0.01086,0.03433,0.01367,0.007418,0,0,0,1,36.83,42.42,1,32.73,1,0.9413,0.2646,1,0,0,0
0,133,95.94,73,7h 35m 15s,0.5945,1,fieldmask_kl002_e5,Field credit + field KL 0.02,173,59.29,9.7e-07,173,0.05178,1455,45.79,2d 8h 13m 35s,155.2,157.9,1,0,0,0,0,0,0.04478,0.01288,0.028,0.01477,-0.01087,0,0,0,1,37.56,43.32,1,32.01,1,0.9346,0.0949,1,0,0,0
0,142,96.86,71,7h 37m 54s,0.5979,1,fieldmask_kl002_e5,Field credit + field KL 0.02,174,56.39,9.7e-07,174,0.08467,1455,45.79,2d 8h 11m 4s,158.4,157.9,1,0,0,0,0,0,0.08952,0.01746,0.05076,0.01263,0.008669,0,0,0,1,37.34,43.04,1,32.22,1,0.9407,0.08855,1,0,0,0
0,144,96.59,72,7h 40m 35s,0.6014,1,fieldmask_kl002_e5,Field credit + field KL 0.02,175,94.29,9.6e-07,175,0.06332,1455,45.79,2d 8h 8m 49s,160.7,157.9,1,0,0,0,0,0,-0.0211,0.0199,-0.05699,0.01172,0.004273,0,0,0,1,37.56,43.36,1,33.79,1,0.9735,0.2295,1,0,0,0
0,133,95.72,68,7h 43m 11s,0.6048,1,fieldmask_kl002_e5,Field credit + field KL 0.02,176,46.09,9.6e-07,176,0.08919,1455,45.79,2d 8h 5m 55s,155.4,157.9,1,0,0,0,0,0,0.1203,0.0199,0.0816,0.01361,0.005241,0,0,0,1,37.56,43.31,1,32.22,1,0.9395,0.2146,1,0,0,0
0,133,97.86,72,7h 45m 45s,0.6082,1,fieldmask_kl002_e5,Field credit + field KL 0.02,177,71.44,9.6e-07,177,0.07605,1455,45.79,2d 8h 2m 51s,154.1,157.9,1,0,0,0,0,0,0.08194,0.02161,0.04441,0.01331,0.002623,0,0,0,1,37.56,43.31,1,32.86,1,0.9271,0.3166,1,0,0,0
0,142,97.53,69,7h 48m 20s,0.6117,1,fieldmask_kl002_e5,Field credit + field KL 0.02,178,104.7,9.6e-07,178,0.0763,1455,45.79,2d 7h 59m 54s,154.9,157.9,1,0,0,0,0,0,0.09187,0.02063,0.06194,0.01367,-0.004365,0,0,0,1,37.48,43.26,1,32.52,1,0.8556,0.1704,1,0,0,0
0,143,100.6,71,7h 50m 55s,0.6151,1,fieldmask_kl002_e5,Field credit + field KL 0.02,179,66.26,9.6e-07,179,0.06699,1455,45.79,2d 7h 56m 57s,154.8,157.9,1,0,0,0,0,0,0.1077,0.02063,0.07032,0.0119,0.004891,0,0,0,1,38.14,44.02,1,32.54,1,0.9052,0.3663,1,0,0,0
0,145,100.6,75,7h 53m 33s,0.6186,1,fieldmask_kl002_e5,Field credit + field KL 0.02,180,65.96,9.6e-07,180,0.09064,1455,45.79,2d 7h 54m 16s,157.2,157.8,1,0,0,0,0,0,0.08968,0.01965,0.05493,0.01312,0.001973,0,0,0,1,37.41,43.16,1,35.22,1,0.8306,0.1434,1,0,0,0
0,156,96.99,68,7h 56m 8s,0.622,1,fieldmask_kl002_e5,Field credit + field KL 0.02,181,37.49,9.6e-07,181,0.04919,1455,45.79,2d 7h 51m 20s,154.8,157.8,1,0,0,0,0,0,0.02925,0.02222,-0.003,0.01282,-0.002176,-0.0006126,0,0,1,39.24,45.41,1,31.57,1,0.8887,0.1823,1,0.02778,-0.02083,0
0,137,99.52,73,7h 58m 45s,0.6254,1,fieldmask_kl002_e5,Field credit + field KL 0.02,182,88.06,9.6e-07,182,0.08805,1455,45.79,2d 7h 48m 39s,157.2,157.8,1,0,0,0,0,0,0.01288,0.02112,-0.01558,0.01282,-0.005481,0,0,0,1,37.41,43.14,1,32.04,1,0.9459,0.3388,1,0,0,0
0,133,98.53,71,8h 1m 23s,0.6289,1,fieldmask_kl002_e5,Field credit + field KL 0.02,183,55.49,9.6e-07,183,0.06435,1455,45.79,2d 7h 45m 58s,157,157.8,1,0,0,0,0,0,0.05413,0.02185,0.02457,0.01257,-0.004861,0,0,0,1,37.05,42.71,1,32.52,1,0.9176,0.2975,1,0,0,0
0,144,99.2,70,8h 4m 2s,0.6323,1,fieldmask_kl002_e5,Field credit + field KL 0.02,184,31.09,9.6e-07,184,0.08494,1455,45.79,2d 7h 43m 33s,159.5,157.8,1,0,0,0,0,0,0.01503,0.01721,-0.01397,0.01337,-0.001585,0,0,0,1,38.36,44.33,1,32.8,1,0.9735,0.303,1,0,0,0
0,144,103.1,75,8h 6m 38s,0.6357,1,fieldmask_kl002_e5,Field credit + field KL 0.02,185,66.87,9.6e-07,185,0.05901,1455,45.79,2d 7h 40m 38s,155,157.8,1,0,0,0,0,0,0.06787,0.03442,0.01132,0.01245,0.009677,0,0,0,1,38.07,43.94,1,32.63,1,0.9205,0.1619,1,0,0,0
0,145,98.83,71,8h 9m 19s,0.6392,1,fieldmask_kl002_e5,Field credit + field KL 0.02,186,64.85,9.6e-07,186,0.08307,1455,45.79,2d 7h 38m 23s,160.2,157.8,1,0,0,0,0,0,0.07841,0.02222,0.0471,0.01166,-0.002563,0,0,0,1,37.7,43.53,1,35.22,1,0.9342,0.2505,1,0,0,0
0,139,96.26,73,8h 11m 52s,0.6426,1,fieldmask_kl002_e5,Field credit + field KL 0.02,187,35.14,9.6e-07,187,0.1297,1455,45.79,2d 7h 35m 13s,152.7,157.8,1,0,0,0,0,0,0.05669,0.03027,0.02019,0.01349,-0.007263,0,0,0,1,37.27,42.98,1,32.5,1,0.9722,0.2258,1,0,0,0
0,143,101.2,68,8h 14m 31s,0.646,1,fieldmask_kl002_e5,Field credit + field KL 0.02,188,103,9.6e-07,188,0.09246,1455,45.79,2d 7h 32m 47s,159.2,157.8,1,0,0,0,0,0,0.04179,0.0238,0.0002341,0.01361,0.004142,0,0,0,1,37.63,43.39,1,32.66,1,0.9309,0.31,1,0,0,0
0,144,100.4,73,8h 17m 11s,0.6495,1,fieldmask_kl002_e5,Field credit + field KL 0.02,189,54.11,9.6e-07,189,0.08465,1455,45.79,2d 7h 30m 19s,159.2,157.8,1,0,0,0,0,0,0.03843,0.03027,-0.001771,0.01312,-0.003195,0,0,0,1,36.76,42.34,1,33.17,1,0.9407,0.1422,1,0,0,0
0,144,96.94,69,8h 19m 51s,0.6529,1,fieldmask_kl002_e5,Field credit + field KL 0.02,190,61.86,9.6e-07,190,0.05709,1455,45.79,2d 7h 27m 55s,159.5,157.8,1,0,0,0,0,0,0.06524,0.02393,0.02226,0.01337,0.005687,0,0,0,1,38.36,44.31,1,34.37,1,0.9605,0.2829,1,0,0,0
0,136,102,73,8h 22m 26s,0.6564,1,fieldmask_kl002_e5,Field credit + field KL 0.02,191,54.45,9.6e-07,191,0.1003,1455,45.79,2d 7h 25m 1s,155.2,157.8,1,0,0,0,0,0,0.07499,0.03687,0.02749,0.01556,-0.004931,0,0,0,1,37.34,43.08,1,31.69,1,0.9693,0.1488,1,0,0,0
0,147,102.1,69,8h 25m 2s,0.6598,1,fieldmask_kl002_e5,Field credit + field KL 0.02,192,98.93,9.6e-07,192,0.05145,1455,45.79,2d 7h 22m 11s,155.7,157.8,1,0,0,0,0,0,0.04408,0.01917,0.01468,0.01398,-0.003099,-0.0006414,0,0,1,38.43,44.37,1,32.4,1,0.9293,0.1846,1,0.02778,-0.001736,0
0,147,104.3,76,8h 27m 44s,0.6632,1,fieldmask_kl002_e5,Field credit + field KL 0.02,193,74.25,9.6e-07,193,0.06486,1455,45.79,2d 7h 20m 0s,161.6,157.8,1,0,0,0,0,0,0.08604,0.02332,0.04345,0.01361,0.005662,0,0,0,1,37.27,42.98,1,33.02,1,0.881,0.1873,1,0,0,0
0,146,104.2,72,8h 30m 26s,0.6667,1,fieldmask_kl002_e5,Field credit + field KL 0.02,194,86.21,9.6e-07,194,0.06416,1455,45.79,2d 7h 17m 50s,161.8,157.9,1,0,0,0,0,0,0.0935,0.02942,0.05126,0.0144,-0.001575,0,0,0,1,37.05,42.71,1,36.81,1,0.9328,0.198,1,0,0,0
0,143,105,72,8h 33m 3s,0.6701,1,fieldmask_kl002_e5,Field credit + field KL 0.02,195,72.59,9.6e-07,195,0.07328,1455,45.79,2d 7h 15m 3s,156,157.9,1,0,0,0,0,0,0.1083,0.01843,0.07726,0.01367,-0.001029,0,0,0,1,37.85,43.67,1,31.97,1,0.98,0.4062,1,0,0,0
0,146,104,75,8h 35m 41s,0.6735,1,fieldmask_kl002_e5,Field credit + field KL 0.02,196,73.77,9.6e-07,196,0.06433,1455,45.79,2d 7h 12m 30s,158.4,157.9,1,0,0,0,0,0,0.06805,0.02222,0.03334,0.01404,-0.001058,-0.0004842,0,0,1,38.51,44.51,1,33.52,1,0.9455,0.09744,1,0.02778,-0.003472,0
0,142,103.4,72,8h 38m 20s,0.677,1,fieldmask_kl002_e5,Field credit + field KL 0.02,197,82.96,9.6e-07,197,0.0635,1455,45.79,2d 7h 9m 59s,158.7,157.9,1,0,0,0,0,0,0.08748,0.02502,0.05076,0.01483,-0.003137,0,0,0,1,38,43.84,1,32.29,1,0.9158,0.1563,1,0,0,0
0,132,104,68,8h 40m 58s,0.6804,1,fieldmask_kl002_e5,Field credit + field KL 0.02,198,42.11,9.5e-07,198,0.05755,1455,45.79,2d 7h 7m 20s,157.4,157.9,1,0,0,0,0,0,0.01752,0.02576,-0.02806,0.01599,0.003838,0,0,0,1,37.41,43.16,1,32.08,1,0.9351,0.1515,1,0,0,0
0,137,100.8,75,8h 43m 31s,0.6838,1,fieldmask_kl002_e5,Field credit + field KL 0.02,199,55.25,9.5e-07,199,0.07078,1455,45.79,2d 7h 4m 14s,153.1,157.8,1,0,0,0,0,0,0.08144,0.02466,0.03791,0.01508,0.00379,0,0,0,1,37.78,43.61,1,32.38,1,0.9697,0.1323,1,0,0,0
0,146,105.4,68,8h 46m 9s,0.6873,1,fieldmask_kl002_e5,Field credit + field KL 0.02,200,46.99,9.5e-07,200,0.07648,1455,45.79,2d 7h 1m 35s,157.4,157.8,1,0,0,0,0,0,0.06825,0.03149,0.01521,0.01489,0.006645,0,0,0,1,37.19,42.91,1,31.46,1,0.9349,0.1574,1,0,0,0
0,145,106.9,72,8h 48m 46s,0.6907,1,fieldmask_kl002_e5,Field credit + field KL 0.02,201,64.02,9.5e-07,201,0.0373,1455,45.79,2d 6h 58m 53s,156.9,157.8,1,0,0,0,0,0,0.04454,0.02502,0.005287,0.01337,0.002035,-0.00117,0,0,1,38.43,44.39,1,33.48,1,0.9091,0.3029,1,0.02778,-0.001736,0
0,145,100.5,75,8h 51m 23s,0.6942,1,fieldmask_kl002_e5,Field credit + field KL 0.02,202,78.71,9.5e-07,202,0.08634,1455,45.79,2d 6h 56m 8s,156.2,157.8,1,0,0,0,0,0,0.1183,0.02576,0.08803,0.01453,-0.01,0,0,0,1,36.9,42.54,1,32.87,1,0.9741,0.1239,1,0,0,0
0,142,98.42,73,8h 54m 2s,0.6976,1,fieldmask_kl002_e5,Field credit + field KL 0.02,203,39.59,9.5e-07,203,0.1437,1455,45.79,2d 6h 53m 40s,159.3,157.8,1,0,0,0,0,0,0.1795,0.01672,0.1495,0.01233,0.0009868,0,0,0,1,36.76,42.34,1,33.85,1,0.8505,0.3026,1,0,0,0
0,142,100.1,69,8h 56m 41s,0.701,1,fieldmask_kl002_e5,Field credit + field KL 0.02,204,62.41,9.5e-07,204,0.0849,1455,45.79,2d 6h 51m 5s,158,157.8,1,0,0,0,0,0,-0.01029,0.02441,-0.03894,0.01404,-0.009803,0,0,0,1,38,43.86,1,32.19,1,0.8315,0.274,1,0,0,0
0,144,99.56,74,8h 59m 22s,0.7045,1,fieldmask_kl002_e5,Field credit + field KL 0.02,205,56.61,9.5e-07,205,0.07451,1455,45.79,2d 6h 48m 52s,161.6,157.9,1,0,0,0,0,0,0.1087,0.02502,0.07615,0.01489,-0.007389,0,0,0,1,37.48,43.26,1,33.84,1,0.9379,0.07885,1,0,0,0
0,137,99.19,66,9h 1m 60s,0.7079,1,fieldmask_kl002_e5,Field credit + field KL 0.02,206,51.27,9.5e-07,206,0.07513,1455,45.79,2d 6h 46m 11s,157,157.9,1,0,0,0,0,0,0.07517,0.0249,0.03421,0.01447,0.001589,0,0,0,1,36.76,42.36,1,33.47,1,0.9762,0.2032,1,0,0,0
0,153,100.6,75,9h 4m 37s,0.7113,1,fieldmask_kl002_e5,Field credit + field KL 0.02,207,49.27,9.5e-07,207,0.08073,1455,45.79,2d 6h 43m 28s,156.4,157.9,1,0,0,0,-0.002707,0,0.01262,0.02612,-0.01829,0.01459,-0.005863,-0.001235,0,0,1,39.02,45.09,1,32.13,1,0.9076,0.1283,1,0.02778,-0.01562,0
0,146,102.1,73,9h 7m 17s,0.7148,1,fieldmask_kl002_e5,Field credit + field KL 0.02,208,59.89,9.5e-07,208,0.08266,1455,45.79,2d 6h 41m 2s,159.4,157.9,1,0,0,0,0,0,0.06315,0.02185,0.02341,0.01288,0.005015,0,0,0,1,36.97,42.65,1,34.19,1,0.892,0.235,1,0,0,0
0,142,100.2,72,9h 9m 51s,0.7182,1,fieldmask_kl002_e5,Field credit + field KL 0.02,209,88.55,9.5e-07,209,0.07247,1455,45.79,2d 6h 38m 5s,154.4,157.9,1,0,0,0,0,0,0.04005,0.03442,-0.007044,0.01483,-0.002158,0,0,0,1,37.12,42.87,1,31.74,1,0.973,0.2858,1,0,0,0
0,143,100.9,73,9h 12m 33s,0.7216,1,fieldmask_kl002_e5,Field credit + field KL 0.02,210,85.85,9.5e-07,210,0.08515,1455,45.79,2d 6h 35m 49s,161.3,157.9,1,0,0,0,0,0,0.06546,0.02515,0.02879,0.0144,-0.002879,0,0,0,1,37.85,43.75,1,32.15,1,0.8518,0.4283,1,0,0,0
0,136,103,71,9h 15m 10s,0.7251,1,fieldmask_kl002_e5,Field credit + field KL 0.02,211,49.11,9.5e-07,211,0.1177,1455,45.79,2d 6h 33m 9s,157.2,157.9,1,0,0,0,0,0,0.1404,0.02563,0.1024,0.01447,-0.002095,0,0,0,1,37.78,43.63,1,32.7,1,0.9569,0.2208,1,0,0,0
0.006944,160,104.5,77,9h 17m 48s,0.7285,1,fieldmask_kl002_e5,Field credit + field KL 0.02,212,58.05,9.5e-07,212,0.1343,1455,45.79,2d 6h 30m 27s,156.9,157.9,1,0,0,0,0,0,0.1386,0.02979,0.09196,0.01385,0.002987,0,0,0,1,37.7,43.49,1,31.96,1,0.9249,0.3514,1,0,0,0
0,138,103.5,71,9h 20m 29s,0.732,1,fieldmask_kl002_e5,Field credit + field KL 0.02,213,77.36,9.5e-07,213,0.09793,1455,45.79,2d 6h 28m 12s,161.5,157.9,1,0,0,0,0,0,0.1813,0.02698,0.1407,0.01367,-8.247e-05,0,0,0,1,37.7,43.49,1,33.34,1,0.8861,0.2573,1,0,0,0
0,143,102.8,70,9h 23m 5s,0.7354,1,fieldmask_kl002_e5,Field credit + field KL 0.02,214,93.17,9.5e-07,214,0.06713,1455,45.79,2d 6h 25m 23s,155.6,157.9,1,0,0,0,0,0,0.1791,0.0238,0.1413,0.01471,-0.0007225,0,0,0,1,38.29,44.23,1,31.97,1,0.8537,0.1939,1,0,0,0
0,157,104.2,71,9h 25m 45s,0.7388,1,fieldmask_kl002_e5,Field credit + field KL 0.02,215,89.18,9.5e-07,215,0.06629,1455,45.79,2d 6h 22m 56s,159.4,157.9,1,0,0,0,0,0,0.05208,0.02454,0.01407,0.01532,-0.00264,0.000793,0,0,1,39.31,45.5,1,32.59,1,0.9383,0.3896,1,0.08333,-0.04514,0
0,150,104.8,72,9h 28m 26s,0.7423,1,fieldmask_kl002_e5,Field credit + field KL 0.02,216,62.53,9.5e-07,216,0.1097,1455,45.79,2d 6h 20m 38s,160.9,157.9,1,0,0,0,0,0,0.06237,0.01807,0.02784,0.01385,0.002604,0,0,0,1,37.92,43.79,1,33.24,1,0.9787,0.2473,1,0,0,0
0,139,102.9,73,9h 31m 8s,0.7457,1,fieldmask_kl002_e5,Field credit + field KL 0.02,217,102.2,9.5e-07,217,0.1296,1455,45.79,2d 6h 18m 23s,161.5,157.9,1,0,0,0,0,0,0.1579,0.02698,0.1063,0.01483,0.009832,0,0,0,1,38,43.86,1,32.4,1,0.9496,0.2968,1,0,0,0
0,152,104.3,71,9h 33m 46s,0.7491,1,fieldmask_kl002_e5,Field credit + field KL 0.02,218,53.23,9.5e-07,218,0.09098,1455,45.79,2d 6h 15m 42s,157.1,157.9,1,0,0,0,0,0,0.09419,0.02966,0.05544,0.01544,-0.006721,0.0003679,0,0,1,38.87,44.98,1,33.01,1,0.9593,0.3333,1,0.05556,-0.02257,0
0,144,105,74,9h 36m 25s,0.7526,1,fieldmask_kl002_e5,Field credit + field KL 0.02,219,41.52,9.5e-07,219,0.1496,1455,45.79,2d 6h 13m 14s,159.3,157.9,1,0,0,0,0,0,0.07389,0.03369,0.02002,0.01532,0.00486,0,0,0,1,38.07,43.96,1,32.09,1,0.9497,0.2682,1,0,0,0
0,148,104.3,73,9h 39m 3s,0.756,1,fieldmask_kl002_e5,Field credit + field KL 0.02,220,48.54,9.4e-07,220,0.1236,1455,45.79,2d 6h 10m 33s,157.1,157.9,1,0,0,0,0,0,0.1431,0.03003,0.09318,0.01624,0.002737,0.0008712,0,0,1,38.65,44.7,1,32.73,1,0.9703,0.1592,1,0.02778,-0.006944,0
0,142,106.7,75,9h 41m 45s,0.7595,1,fieldmask_kl002_e5,Field credit + field KL 0.02,221,77.17,9.4e-07,221,0.1084,1455,45.79,2d 6h 8m 22s,162.5,157.9,1,0,0,0,0,0,0.1382,0.0332,0.08623,0.01599,0.002801,0,0,0,1,38.21,44.21,1,31.84,1,0.9662,0.1271,1,0,0,0
0,154,106.6,74,9h 44m 24s,0.7629,1,fieldmask_kl002_e5,Field credit + field KL 0.02,222,44.33,9.4e-07,222,0.1005,1455,45.79,2d 6h 5m 45s,157.9,157.9,1,0,0,0,0,0,0.1149,0.03442,0.06764,0.01599,-0.003167,0,0,0,1,37.12,42.81,1,32.33,1,0.8897,0.08859,1,0,0,0
0,142,106.2,74,9h 47m 5s,0.7663,1,fieldmask_kl002_e5,Field credit + field KL 0.02,223,56.13,9.4e-07,223,0.08534,1455,45.79,2d 6h 3m 24s,160.6,158,1,0,0,0,0,0,0.1567,0.021,0.114,0.01508,0.006605,0,0,0,1,37.92,43.8,1,33.92,1,0.9289,0.1712,1,0,0,0
0,140,104.8,76,9h 49m 47s,0.7698,1,fieldmask_kl002_e5,Field credit + field KL 0.02,224,50.96,9.4e-07,224,0.1301,1455,45.79,2d 6h 1m 10s,162.1,158,1,0,0,0,0,0,0.0659,0.02563,0.02069,0.01349,0.006078,0,0,0,1,36.61,42.18,1,33.21,1,0.9827,0.3125,1,0,0,0
0,146,105.5,73,9h 52m 26s,0.7732,1,fieldmask_kl002_e5,Field credit + field KL 0.02,225,51.62,9.4e-07,225,0.1145,1455,45.79,2d 5h 58m 40s,159.2,158,1,0,0,0,0,0,0.07839,0.02344,0.04287,0.01575,-0.003665,0,0,0,1,38,43.9,1,32.34,1,0.9138,0.3609,1,0,0,0
0,138,106.1,76,9h 55m 9s,0.7766,1,fieldmask_kl002_e5,Field credit + field KL 0.02,226,50.12,9.4e-07,226,0.1153,1455,45.79,2d 5h 56m 27s,162.3,158,1,0,0,0,0,0,0.1146,0.02502,0.07419,0.01532,6.577e-05,0,0,0,1,37.92,43.82,1,35.33,1,0.9658,0.06941,1,0,0,0
0,140,106.9,76,9h 57m 46s,0.7801,1,fieldmask_kl002_e5,Field credit + field KL 0.02,227,74.51,9.4e-07,227,0.1351,1455,45.79,2d 5h 53m 44s,156.7,158,1,0,0,0,0,0,0.1356,0.02356,0.1012,0.01611,-0.00526,0,0,0,1,37.56,43.38,1,32.19,1,0.8932,0.1904,1,0,0,0
0.006944,160,108,76,10h 0m 28s,0.7835,1,fieldmask_kl002_e5,Field credit + field KL 0.02,228,38.22,9.4e-07,228,0.1263,1455,45.79,2d 5h 51m 28s,161.7,158,1,0,0,0,0,0,0.08211,0.02795,0.04029,0.0166,-0.002734,0,0,0,1,38.36,44.33,1,32.67,1,0.9755,0.1703,1,0,0,0
0.006944,160,111.5,69,10h 3m 7s,0.7869,1,fieldmask_kl002_e5,Field credit + field KL 0.02,229,26.21,9.4e-07,229,0.08848,1455,45.79,2d 5h 48m 53s,158.3,158,1,0,0,0,0,0,0.2214,0.02527,0.1818,0.01556,-0.001754,0.0005694,0,0,1,38.43,44.45,1,33.05,1,0.9404,0.1816,1,0.02778,-0.001736,0
0,149,106.7,77,10h 5m 46s,0.7904,1,fieldmask_kl002_e5,Field credit + field KL 0.02,230,40.12,9.4e-07,230,0.158,1455,45.79,2d 5h 46m 22s,158.9,158,1,0,0,0,0.0006167,0,0.1621,0.03076,0.1112,0.0166,0.002999,0,0,0,1,37.56,43.35,1,32.23,1,0.9381,0.191,1,0,0,0
0,136,104.2,71,10h 8m 22s,0.7938,1,fieldmask_kl002_e5,Field credit + field KL 0.02,231,41.56,9.4e-07,231,0.1874,1455,45.79,2d 5h 43m 33s,155.7,158,1,0,0,0,0,0,0.1175,0.02307,0.08236,0.01483,-0.002799,0,0,0,1,37.78,43.63,1,31.58,1,0.9541,0.3307,1,0,0,0
0,154,106,72,10h 10m 58s,0.7973,1,fieldmask_kl002_e5,Field credit + field KL 0.02,232,48.32,9.4e-07,232,0.1989,1455,45.79,2d 5h 40m 45s,155.8,158,1,0,0,0,-0.0004302,0,0.3659,0.03638,0.317,0.01648,-0.003315,-0.0002213,0,0,1,39.09,45.25,1,32.34,1,0.9532,0.1646,1,0.02778,-0.01736,0
0,155,109.7,76,10h 13m 37s,0.8007,1,fieldmask_kl002_e5,Field credit + field KL 0.02,233,66.5,9.4e-07,233,0.1547,1455,45.79,2d 5h 38m 10s,158.4,158,1,0,0,0,0,0,0.05724,0.02637,0.02384,0.01447,-0.007426,0,0,0,1,37.78,43.65,1,32.33,1,0.8552,0.4839,1,0,0,0
0,146,102.8,74,10h 16m 13s,0.8041,1,fieldmask_kl002_e5,Field credit + field KL 0.02,234,22.77,9.4e-07,234,0.2011,1455,45.79,2d 5h 35m 22s,155.9,158,1,0,0,0,0,0,0.2648,0.03394,0.2125,0.01587,0.002571,0,0,0,1,36.97,42.67,1,31.84,1,0.9176,0.2194,1,0,0,0
0.006944,160,104.7,71,10h 18m 52s,0.8076,1,fieldmask_kl002_e5,Field credit + field KL 0.02,235,69.08,9.4e-07,235,0.2258,1455,45.79,2d 5h 32m 50s,158.9,158,1,0,0,0,0,0,0.3784,0.03296,0.3318,0.01746,-0.003761,0,0,0,1,37.34,43.04,1,34.03,1,0.9233,0.104,1,0,0,0
0,150,101.6,72,10h 21m 31s,0.811,1,fieldmask_kl002_e5,Field credit + field KL 0.02,236,31.81,9.4e-07,236,0.1478,1455,45.79,2d 5h 30m 16s,158.4,158,1,0,0,0,0,0,0.04389,0.03491,-0.01486,0.01404,0.01053,-0.0007363,0,0,1,38.8,44.92,1,31.52,1,0.9326,0.2973,1,0.02778,-0.01042,0
0,140,99.44,73,10h 24m 8s,0.8144,1,fieldmask_kl002_e5,Field credit + field KL 0.02,237,33.05,9.4e-07,237,0.1109,1455,45.79,2d 5h 27m 34s,156.9,158,1,0,0,0,0.0003752,0,0.07945,0.03113,0.0297,0.01636,0.001886,0,0,0,1,37.48,43.26,1,32.6,1,0.9105,0.2005,1,0,0,0
0.006944,160,99.78,72,10h 26m 43s,0.8179,1,fieldmask_kl002_e5,Field credit + field KL 0.02,238,36.53,9.4e-07,238,0.277,1455,45.79,2d 5h 24m 40s,154.5,158,1,0,0,0,-0.0005608,0,0.2047,0.04224,0.1506,0.01721,-0.004697,0,0,0,1,36.17,41.62,1,33.05,1,0.9087,0.2758,1,0,0,0
0,149,101.8,67,10h 29m 23s,0.8213,1,fieldmask_kl002_e5,Field credit + field KL 0.02,239,42.59,9.3e-07,239,0.1809,1455,45.79,2d 5h 22m 14s,160,158,1,0,0,0,0.001109,0,0.2444,0.03833,0.1914,0.01526,-0.001662,0,0,0,1,36.76,42.32,1,34.18,1,0.7969,0.02965,1,0,0,0
0,134,100.1,74,10h 32m 1s,0.8247,1,fieldmask_kl002_e5,Field credit + field KL 0.02,240,28.93,9.3e-07,240,0.1655,1455,45.79,2d 5h 19m 33s,157.1,158,1,0,0,0,0,0,0.1545,0.02795,0.1064,0.01611,0.004124,0,0,0,1,37.63,43.45,1,32.73,1,0.9892,0.118,1,0,0,0
0.006944,160,102.8,66,10h 34m 42s,0.8282,1,fieldmask_kl002_e5,Field credit + field KL 0.02,241,51.24,9.3e-07,241,0.1535,1455,45.79,2d 5h 17m 10s,160.7,158,1,0,0,0,0,0,0.1477,0.02942,0.103,0.01685,-0.001536,0,0,0,1,38.07,43.96,1,35,1,0.9444,0.1642,1,0,0,0
0,134,97.29,66,10h 37m 19s,0.8316,1,fieldmask_kl002_e5,Field credit + field KL 0.02,242,35.28,9.3e-07,242,0.2284,1455,45.79,2d 5h 14m 29s,157.2,158,1,0,0,0,0,0,0.2111,0.02661,0.1578,0.01685,0.009888,0,0,0,1,37.63,43.45,1,32.39,1,0.9797,0.1761,1,0,0,0
0,150,99.67,67,10h 39m 60s,0.8351,1,fieldmask_kl002_e5,Field credit + field KL 0.02,243,41.35,9.3e-07,243,0.1643,1455,45.79,2d 5h 12m 5s,160.3,158,1,0,0,0,0,0,0.1768,0.02893,0.134,0.01562,-0.001713,0,0,0,1,37.19,42.88,1,32.22,1,0.9518,0.1726,1,0,0,0
0,135,99.03,72,10h 42m 36s,0.8385,1,fieldmask_kl002_e5,Field credit + field KL 0.02,244,63.05,9.3e-07,244,0.1229,1455,45.79,2d 5h 9m 20s,156.4,158,1,0,0,0,0,0,0.06938,0.03784,0.003878,0.01721,0.01044,0,0,0,1,37.7,43.53,1,32.17,1,0.9658,0.2872,1,0,0,0
0,146,98.71,69,10h 45m 15s,0.8419,1,fieldmask_kl002_e5,Field credit + field KL 0.02,245,43.93,9.3e-07,245,0.1544,1455,45.79,2d 5h 6m 44s,158.1,158,1,0,0,0,0,0,0.09977,0.03369,0.04479,0.01575,0.005542,0,0,0,1,37.19,42.91,1,34.34,1,0.9783,0.1574,1,0,0,0
0,157,97.44,69,10h 47m 55s,0.8454,1,fieldmask_kl002_e5,Field credit + field KL 0.02,246,34.2,9.3e-07,246,0.1124,1455,45.79,2d 5h 4m 17s,159.9,158,1,0,0,0,0,0,0.1434,0.03113,0.09793,0.01477,-0.0003989,0,0,0,1,37.19,42.91,1,32.69,1,0.9478,0.1047,1,0,0,0
0.006944,160,102,63,10h 50m 32s,0.8488,1,fieldmask_kl002_e5,Field credit + field KL 0.02,247,45.95,9.3e-07,247,0.08725,1455,45.79,2d 5h 1m 33s,156.5,158,1,0,0,0,0,0,0.0006145,0.02942,-0.03162,0.01575,-0.01223,-0.0007021,0,0,1,38.58,44.61,1,33.03,1,0.892,0.4452,1,0.02778,-0.005208,0
0,154,103.1,74,10h 53m 14s,0.8522,1,fieldmask_kl002_e5,Field credit + field KL 0.02,248,48.61,9.3e-07,248,0.08112,1455,45.79,2d 4h 59m 14s,161.7,158,1,0,0,0,0,0,0.06003,0.0238,0.018,0.01624,0.001994,0,0,0,1,37.05,42.69,1,32.85,1,0.8441,0.3912,1,0,0,0
0,143,104.7,75,10h 55m 54s,0.8557,1,fieldmask_kl002_e5,Field credit + field KL 0.02,249,37.58,9.3e-07,249,0.1747,1455,45.79,2d 4h 56m 46s,159.9,158,1,0,0,0,0.003678,0,0.08296,0.02832,0.03571,0.01685,-0.001592,0,0,0,1,37.63,43.45,1,35.06,1,0.9417,0.3479,1,0,0,0
0,139,102,69,10h 58m 28s,0.8591,1,fieldmask_kl002_e5,Field credit + field KL 0.02,250,61.24,9.3e-07,250,0.07377,1455,45.79,2d 4h 53m 49s,153.8,158,1,0,0,0,0,0,0.03901,0.03027,-0.008423,0.0166,0.0005602,0,0,0,1,38,43.92,1,31.72,1,0.8906,0.3109,1,0,0,0
0.006944,160,105.9,76,11h 1m 10s,0.8625,1,fieldmask_kl002_e5,Field credit + field KL 0.02,251,29.81,9.3e-07,251,0.1323,1455,45.79,2d 4h 51m 29s,161.4,158,1,0,0,0,-0.001412,0,0.1421,0.02222,0.11,0.01624,-0.003883,-0.001102,0,0,1,39.53,45.76,1,31.99,1,0.9276,0.2986,1,0.05556,-0.04514,0.02778
0,157,103.3,68,11h 3m 50s,0.866,1,fieldmask_kl002_e5,Field credit + field KL 0.02,252,37.17,9.3e-07,252,0.1059,1455,45.79,2d 4h 49m 2s,160,158.1,1,0,0,0,0,0,0.07227,0.02075,0.03154,0.01733,0.002645,0,0,0,1,37.92,43.82,1,32.24,1,0.9576,0.4946,1,0,0,0
0.006944,160,102.7,71,11h 6m 28s,0.8694,1,fieldmask_kl002_e5,Field credit + field KL 0.02,253,29.39,9.3e-07,253,0.09083,1455,45.79,2d 4h 46m 21s,157.1,158.1,1,0,0,0,-0.0006618,0,0.06554,0.02698,0.02095,0.0166,0.00234,-0.0006618,0,0,1,39.53,45.78,1,32.14,1,0.9538,0.268,1,0.02778,-0.02778,0.02778
0,159,101.1,72,11h 9m 8s,0.8729,1,fieldmask_kl002_e5,Field credit + field KL 0.02,254,45.73,9.3e-07,254,0.0502,1455,45.79,2d 4h 43m 52s,159.7,158.1,1,0,0,0,0,0,0.07429,0.02808,0.03738,0.01636,-0.007523,0,0,0,1,37.19,42.92,1,32.17,1,0.9583,0.2118,1,0,0,0
0,130,100.6,71,11h 11m 46s,0.8763,1,fieldmask_kl002_e5,Field credit + field KL 0.02,255,42.55,9.3e-07,255,0.08817,1455,45.79,2d 4h 41m 14s,157.6,158.1,1,0,0,0,0,0,0.1069,0.02234,0.06453,0.01758,0.00249,0,0,0,1,36.83,42.44,1,32.01,1,0.9818,0.187,1,0,0,0
0,144,101.8,62,11h 14m 24s,0.8797,1,fieldmask_kl002_e5,Field credit + field KL 0.02,256,45.18,9.3e-07,256,0.0892,1455,45.79,2d 4h 38m 39s,158.3,158.1,1,0,0,0,0,0,0.02889,0.02014,-0.01673,0.01624,0.009239,0,0,0,1,37.27,42.98,1,32.46,1,0.9134,0.5738,1,0,0,0
0,136,99.66,70,11h 17m 1s,0.8832,1,fieldmask_kl002_e5,Field credit + field KL 0.02,257,42.6,9.2e-07,257,0.0424,1455,45.79,2d 4h 35m 55s,156.5,158.1,1,0,0,0,0,0,0.04897,0.03052,-0.005503,0.01892,0.005032,0,0,0,1,36.68,42.28,1,31.91,1,0.9502,0.02616,1,0,0,0
0.006944,160,101.1,67,11h 19m 37s,0.8866,1,fieldmask_kl002_e5,Field credit + field KL 0.02,258,43.74,9.2e-07,258,0.05209,1455,45.79,2d 4h 33m 6s,155.4,158.1,1,0,0,0,0.001907,0,0.06046,0.02002,0.02315,0.01611,-0.002635,0.001907,0,0,1,39.53,45.78,1,31.39,1,0.9287,0.1891,1,0.02778,-0.02778,0.02778
0,142,104.6,75,11h 22m 16s,0.89,1,fieldmask_kl002_e5,Field credit + field KL 0.02,259,40.14,9.2e-07,259,0.06632,1455,45.79,2d 4h 30m 31s,158.4,158.1,1,0,0,0,0,0,0.09751,0.01721,0.0625,0.01831,-0.0005154,0,0,0,1,37.7,43.53,1,32.55,1,0.9235,0.297,1,0,0,0
0.006944,160,104,74,11h 24m 54s,0.8935,1,fieldmask_kl002_e5,Field credit + field KL 0.02,260,69.6,9.2e-07,260,0.0934,1455,45.79,2d 4h 27m 54s,157.9,158.1,1,0,0,0,0,0,0.1556,0.02332,0.1164,0.01843,-0.002559,0,0,0,1,37.85,43.71,1,32.32,1,0.9403,0.1953,1,0,0,0
0.006944,160,103.7,70,11h 27m 33s,0.8969,1,fieldmask_kl002_e5,Field credit + field KL 0.02,261,61.1,9.2e-07,261,0.05501,1455,45.79,2d 4h 25m 19s,158.3,158.1,1,0,0,0,-0.0005095,0,0.04312,0.02454,0.004778,0.01807,-0.003243,-0.0005095,0,0,1,39.53,45.76,1,31.51,1,0.9147,0.3035,1,0.02778,-0.02778,0.02778
0,135,102.5,69,11h 30m 11s,0.9003,1,fieldmask_kl002_e5,Field credit + field KL 0.02,262,29.2,9.2e-07,262,0.08864,1455,45.79,2d 4h 22m 43s,158.1,158.1,1,0,0,0,0,0,0.1555,0.01965,0.1179,0.01794,-1.077e-05,0,0,0,1,37.48,43.26,1,31.38,1,0.7823,0.1578,1,0,0,0
0,135,101.2,73,11h 32m 46s,0.9038,1,fieldmask_kl002_e5,Field credit + field KL 0.02,263,50.44,9.2e-07,263,0.08408,1455,45.79,2d 4h 19m 50s,154.2,158,1,0,0,0,0,0,0.05799,0.02808,0.01932,0.01782,-0.007226,0,0,0,1,37.7,43.55,1,32.18,1,0.9549,0.3334,1,0,0,0
0,147,102.8,73,11h 35m 28s,0.9072,1,fieldmask_kl002_e5,Field credit + field KL 0.02,264,38.58,9.2e-07,264,0.056,1455,45.79,2d 4h 17m 30s,162,158.1,1,0,0,0,0,0,0.03516,0.02551,-0.001645,0.01831,-0.007016,0,0,0,1,37.19,42.88,1,32.83,1,0.9247,0.2798,1,0,0,0
0.006944,160,103.7,74,11h 38m 8s,0.9107,1,fieldmask_kl002_e5,Field credit + field KL 0.02,265,28.97,9.2e-07,265,0.1034,1455,45.79,2d 4h 15m 2s,160,158.1,1,0,0,0,0.001807,0,0.1269,0.02271,0.08481,0.01794,-0.00215,0.001807,0,0,1,39.53,45.74,1,32.66,1,0.8796,0.2255,1,0.02778,-0.02778,0.02778
0,156,104.1,82,11h 40m 49s,0.9141,1,fieldmask_kl002_e5,Field credit + field KL 0.02,266,60.3,9.2e-07,266,0.07661,1455,45.79,2d 4h 12m 34s,159.9,158.1,1,0,0,0,0,0,0.122,0.0188,0.08369,0.0177,0.001764,0,0,0,1,37.12,42.77,1,31.72,1,0.9067,0.4581,1,0,0,0
0,150,106.9,73,11h 43m 29s,0.9175,1,fieldmask_kl002_e5,Field credit + field KL 0.02,267,82.36,9.2e-07,267,0.0921,1455,45.79,2d 4h 10m 7s,160.1,158.1,1,0,0,0,0,0,0.09897,0.02356,0.05604,0.01819,0.001187,0,0,0,1,37.7,43.53,1,32.25,1,0.8667,0.3325,1,0,0,0
0,146,102.8,70,11h 46m 4s,0.921,1,fieldmask_kl002_e5,Field credit + field KL 0.02,268,43.22,9.2e-07,268,0.08808,1455,45.79,2d 4h 7m 17s,155,158.1,1,0,0,0,0,0,0.1114,0.03198,0.05479,0.01831,0.006305,0,0,0,1,37.85,43.67,1,31.75,1,0.9609,0.06132,1,0,0,0
0,152,105.8,76,11h 48m 47s,0.9244,1,fieldmask_kl002_e5,Field credit + field KL 0.02,269,32.31,9.2e-07,269,0.05006,1455,45.79,2d 4h 4m 57s,161.9,158.1,1,0,0,0,0,0,0.02961,0.03857,-0.02018,0.02063,-0.009415,0,0,0,1,36.97,42.61,1,33.95,1,0.956,0.1104,1,0,0,0
0,148,102.7,76,11h 51m 26s,0.9278,1,fieldmask_kl002_e5,Field credit + field KL 0.02,270,83.36,9.2e-07,270,0.07841,1455,45.79,2d 4h 2m 26s,159.4,158.1,1,0,0,0,0,0,0.08754,0.02356,0.04433,0.0188,0.0008483,0,0,0,1,38.36,44.35,1,32.01,1,0.8856,0.3341,1,0,0,0
0,156,102.7,73,11h 54m 6s,0.9313,1,fieldmask_kl002_e5,Field credit + field KL 0.02,271,54.68,9.2e-07,271,0.07957,1455,45.79,2d 3h 59m 55s,159.4,158.1,1,0,0,0,0,0,0.08131,0.01746,0.03515,0.02051,0.008197,0,0,0,1,37.27,42.94,1,32.56,1,0.8949,0.1367,1,0,0,0
0.006944,160,104.9,76,11h 56m 47s,0.9347,1,fieldmask_kl002_e5,Field credit + field KL 0.02,272,65.95,9.2e-07,272,0.08491,1455,45.79,2d 3h 57m 30s,161,158.1,1,0,0,0,-0.00104,0,0.1012,0.01459,0.06262,0.01831,0.007722,-0.00104,0,0,1,39.53,45.76,1,34.18,1,0.8396,0.2571,1,0.02778,-0.02778,0.02778
0,140,104.7,80,11h 59m 28s,0.9381,1,fieldmask_kl002_e5,Field credit + field KL 0.02,273,67.88,9.2e-07,273,0.06496,1455,45.79,2d 3h 55m 3s,160.1,158.1,1,0,0,0,0,0,0.04637,0.02686,-0.00286,0.02063,0.001748,0,0,0,1,37.05,42.69,1,33.9,1,0.9465,0.05918,1,0,0,0
0,140,103.6,70,12h 2m 8s,0.9416,1,fieldmask_kl002_e5,Field credit + field KL 0.02,274,37.53,9.2e-07,274,0.065,1455,45.79,2d 3h 52m 34s,159.9,158.1,1,0,0,0,0,0,0.06128,0.01855,0.01816,0.01917,0.005402,0,0,0,1,37.78,43.63,1,31.94,1,0.9855,0.1162,1,0,0,0
0,135,104.5,74,12h 4m 50s,0.945,1,fieldmask_kl002_e5,Field credit + field KL 0.02,275,72.03,9.1e-07,275,0.05882,1455,45.79,2d 3h 50m 10s,161,158.1,1,0,0,0,0,0,0.05001,0.01794,0.01149,0.01831,0.00227,0,0,0,1,37.7,43.49,1,33.02,1,0.9194,0.3203,1,0,0,0
0,141,107.3,75,12h 7m 27s,0.9485,1,fieldmask_kl002_e5,Field credit + field KL 0.02,276,62,9.1e-07,276,0.07844,1455,45.79,2d 3h 47m 27s,156.7,158.1,1,0,0,0,0,0,0.06786,0.01636,0.03504,0.01855,-0.002091,0,0,0,1,37.7,43.49,1,32.54,1,0.9691,0.2527,1,0,0,0
0,138,106.8,88,12h 10m 5s,0.9519,1,fieldmask_kl002_e5,Field credit + field KL 0.02,277,45.88,9.1e-07,277,0.05127,1455,45.79,2d 3h 44m 49s,158,158.1,1,0,0,0,0,0,0.09366,0.01611,0.05378,0.01941,0.004357,0,0,0,1,37.41,43.16,1,32.37,1,0.9195,0.4129,1,0,0,0
0,156,109.8,81,12h 12m 45s,0.9553,1,fieldmask_kl002_e5,Field credit + field KL 0.02,278,67.79,9.1e-07,278,0.06392,1455,45.79,2d 3h 42m 21s,160.1,158.1,1,0,0,0,0,0,0.0468,0.01483,0.01545,0.01794,-0.001429,0,0,0,1,37.78,43.61,1,32.4,1,0.9209,0.3946,1,0,0,0
0.006944,160,108.7,83,12h 15m 21s,0.9588,1,fieldmask_kl002_e5,Field credit + field KL 0.02,279,45.02,9.1e-07,279,0.06495,1455,45.79,2d 3h 39m 33s,155.6,158.1,1,0,0,0,0,0,0.1189,0.02112,0.07527,0.01917,0.003326,0,0,0,1,37.12,42.81,1,31.55,1,0.8978,0.4024,1,0,0,0
0.006944,160,113.2,82,12h 18m 5s,0.9622,1,fieldmask_kl002_e5,Field credit + field KL 0.02,280,44.14,9.1e-07,280,0.0391,1455,45.79,2d 3h 37m 17s,162.9,158.2,1,0,0,0,0,0,0.04266,0.01733,0.007565,0.01831,-0.0003707,-0.0001766,0,0,1,39.45,45.68,1,33.94,1,0.9636,0.1341,1,0.02778,-0.02604,0
0,151,110.7,86,12h 20m 49s,0.9656,1,fieldmask_kl002_e5,Field credit + field KL 0.02,281,37.05,9.1e-07,281,0.06238,1455,45.79,2d 3h 35m 4s,163.8,158.2,1,0,0,0,0,0,0.04733,0.02161,3.501e-05,0.01794,0.005264,0.002483,0,0,1,38.8,44.82,1,33.81,1,0.9564,0.46,1,0.02778,-0.01042,0
0,146,109.5,77,12h 23m 27s,0.9691,1,fieldmask_kl002_e5,Field credit + field KL 0.02,282,50.45,9.1e-07,282,0.08157,1455,45.79,2d 3h 32m 28s,158.3,158.2,1,0,0,0,0,0,0.01096,0.01312,-0.02635,0.01904,0.005147,0,0,0,1,37.78,43.65,1,31.9,1,0.8693,0.4052,1,0,0,0
0,159,110.9,73,12h 26m 8s,0.9725,1,fieldmask_kl002_e5,Field credit + field KL 0.02,283,56.96,9.1e-07,283,0.07664,1455,45.79,2d 3h 30m 1s,160.6,158.2,1,0,0,0,0,0,0.07778,0.01361,0.05643,0.01721,-0.009471,0,0,0,1,37.85,43.71,1,31.81,1,0.916,0.3181,1,0,0,0
0,148,112.7,83,12h 28m 47s,0.9759,1,fieldmask_kl002_e5,Field credit + field KL 0.02,284,38.05,9.1e-07,284,0.103,1455,45.79,2d 3h 27m 26s,158.7,158.2,1,0,0,0,0,0,0.0732,0.02075,0.03762,0.01636,0.0002791,-0.001809,0,0,1,38.65,44.68,1,33.58,1,0.9555,0.2739,1,0.02778,-0.006944,0
0,152,110.7,85,12h 31m 22s,0.9794,1,fieldmask_kl002_e5,Field credit + field KL 0.02,285,57.51,9.1e-07,285,0.06785,1455,45.79,2d 3h 24m 35s,154.8,158.2,1,0,0,0,0,0,0.06463,0.02026,0.03385,0.0188,-0.00732,-0.0009628,0,0,1,38.94,45.05,1,31.77,1,0.9747,0.2642,1,0.02778,-0.01389,0
0,151,109.4,84,12h 34m 3s,0.9828,1,fieldmask_kl002_e5,Field credit + field KL 0.02,286,52,9.1e-07,286,0.1313,1455,45.79,2d 3h 22m 6s,159.6,158.2,1,0,0,0,0,0,0.144,0.03149,0.0954,0.0188,-0.0017,0,0,0,1,38,43.88,1,32.49,1,0.9442,0.1536,1,0,0,0
0,149,110.3,78,12h 36m 47s,0.9863,1,fieldmask_kl002_e5,Field credit + field KL 0.02,287,42.29,9.1e-07,287,0.1114,1455,45.79,2d 3h 19m 54s,163.8,158.2,1,0,0,0,0,0,0.1591,0.02551,0.1171,0.01904,-0.002558,0,0,0,1,37.56,43.35,1,33.04,1,0.9208,0.4019,1,0,0,0
0,149,109,74,12h 39m 25s,0.9897,1,fieldmask_kl002_e5,Field credit + field KL 0.02,288,37.87,9.1e-07,288,0.1504,1455,45.79,2d 3h 17m 12s,157.1,158.2,1,0,0,0,0,0,0.1563,0.02185,0.1112,0.01892,0.004309,0,0,0,1,38,43.88,1,32.18,1,0.9694,0.4598,1,0,0,0
0,144,109,80,12h 42m 1s,0.9931,1,fieldmask_kl002_e5,Field credit + field KL 0.02,289,68.91,9.1e-07,289,0.1239,1455,45.79,2d 3h 14m 27s,156,158.2,1,0,0,0,0,0,0.04875,0.01843,0.01221,0.01721,0.0008936,0,0,0,1,38.36,44.31,1,32.7,1,0.9566,0.4665,1,0,0,0
0,146,110.3,81,12h 44m 49s,0.9966,1,fieldmask_kl002_e5,Field credit + field KL 0.02,290,39.93,9.1e-07,290,0.1621,1455,45.79,2d 3h 12m 25s,166.9,158.2,1,0,0,0,0,0,0.08582,0.03271,0.03128,0.0199,0.003705,-0.001774,0,0,1,38.43,44.41,1,34.74,1,0.9776,0.1697,1,0.02778,-0.001736,0
0,150,110.5,83,12h 47m 25s,1,1,fieldmask_kl002_e5,Field credit + field KL 0.02,291,41.6,9e-07,291,0.1625,1455,45.79,2d 3h 9m 40s,155.8,158.2,1,0,0,0,0,0,0.1454,0.03442,0.09761,0.02014,-0.005775,-0.000959,0,0,1,38.8,44.88,1,32.02,1,0.9645,0.3099,1,0.02778,-0.01042,0
0,145,110.5,77,3m 17s,1.003,2,fieldmask_kl002_e5,Field credit + field KL 0.02,292,50.47,9e-07,1,0.169,1455,44.38,2d 15h 32m 46s,196.4,196.7,1,0,0,0,0,0,0.1649,0.03223,0.1135,0.01746,0.00245,-0.0007108,0,0,1,38.42,44.38,1,35.61,1,0.9583,0.2098,1,0.02778,-0.001736,0
0,160,108.4,83,5m 59s,1.007,2,fieldmask_kl002_e5,Field credit + field KL 0.02,293,53.99,9e-07,2,0.1981,1455,45.76,2d 9h 56m 43s,160.2,179.5,1,0,0,0,0,0,0.1303,0.03418,0.07385,0.01965,-0.000821,0.003402,0,0,1,39.53,45.76,1,38.36,1,0.9352,0.1053,1,0.02778,-0.02778,0.02778
0,159,107.9,78,8m 44s,1.01,2,fieldmask_kl002_e5,Field credit + field KL 0.02,294,61.5,9e-07,3,0.2291,1455,45.76,2d 8h 20m 55s,164.8,174.7,1,0,0,0,0,0,0.2444,0.03491,0.1836,0.02002,0.005858,0,0,0,1,37.48,43.24,1,38.79,1,0.9186,0.1776,1,0,0,0
0,153,110.2,78,11m 30s,1.014,2,fieldmask_kl002_e5,Field credit + field KL 0.02,295,54.7,9e-07,4,0.1448,1455,45.76,2d 7h 35m 36s,165.5,172.5,1,0,0,0,0,0,0.1433,0.02563,0.1022,0.01929,-0.002163,-0.001633,0,0,1,39.02,45.13,1,38.37,1,0.8322,0.372,1,0.02778,-0.01562,0
0.006944,160,110.7,82,14m 16s,1.017,2,fieldmask_kl002_e5,Field credit + field KL 0.02,296,43.82,9e-07,5,0.1954,1455,45.76,2d 7h 6m 37s,165.4,171.2,1,0,0,0,0,0,0.2161,0.02881,0.1645,0.01855,0.004209,0,0,0,1,38,43.88,1,38.27,1,0.916,0.4216,1,0,0,0
0.006944,160,109.9,83,17m 1s,1.021,2,fieldmask_kl002_e5,Field credit + field KL 0.02,297,59.14,9e-07,6,0.1494,1455,45.76,2d 6h 43m 36s,164.5,170.1,1,0,0,0,0,0,0.1383,0.0415,0.07634,0.01929,0.001127,0,0,0,1,38.21,44.15,1,34.56,1,0.9659,0.1443,1,0,0,0
0,144,114.1,82,19m 46s,1.024,2,fieldmask_kl002_e5,Field credit + field KL 0.02,298,54.02,9e-07,7,0.197,1455,45.76,2d 6h 26m 5s,164.5,169.4,1,0,0,0,0,0,0.2205,0.0376,0.1635,0.0188,0.0005688,0,0,0,1,38.29,44.25,1,39.12,1,0.8808,0.3618,1,0,0,0
0,150,112.1,79,22m 25s,1.027,2,fieldmask_kl002_e5,Field credit + field KL 0.02,299,37.41,9e-07,8,0.2117,1455,45.76,2d 6h 0m 11s,159.5,168.2,1,0,0,0,0,0,0.222,0.03064,0.1719,0.01965,-0.0001324,-8.995e-05,0,0,1,38.8,44.84,1,34.45,1,0.9149,0.2247,1,0.02778,-0.01042,0
0,151,109.8,81,25m 8s,1.031,2,fieldmask_kl002_e5,Field credit + field KL 0.02,300,40.61,9e-07,9,0.1357,1455,45.76,2d 5h 45m 29s,162.4,167.6,1,0,0,0,0,0,0.1742,0.03394,0.1208,0.01917,-0.002034,0.00228,0,0,1,38.87,44.97,1,36.41,1,0.9125,0.263,1,0.02778,-0.01215,0
0,150,111.1,71,27m 48s,1.034,2,fieldmask_kl002_e5,Field credit + field KL 0.02,301,125.8,9e-07,10,0.1371,1455,45.76,2d 5h 28m 28s,159.9,166.8,1,0,0,0,0,0,0.1551,0.03442,0.1018,0.021,-0.002085,0,0,0,1,38.07,43.94,1,34.36,1,0.9375,0.04035,1,0,0,0
0,148,112,86,30m 32s,1.038,2,fieldmask_kl002_e5,Field credit + field KL 0.02,302,68.83,9e-07,11,0.1272,1455,45.76,2d 5h 19m 36s,163.1,166.5,1,0,0,0,0,0,0.1039,0.03015,0.06028,0.02026,-0.006757,0,0,0,1,37.7,43.51,1,38.33,1,0.9529,0.4039,1,0,0,0
0.006944,160,112,78,33m 14s,1.041,2,fieldmask_kl002_e5,Field credit + field KL 0.02,303,42.59,9e-07,12,0.1531,1455,45.76,2d 5h 10m 19s,162.1,166.2,1,0,0,0,0,0,0.1936,0.03589,0.1279,0.01965,0.00932,0.0007899,0,0,1,39.53,45.76,1,34.69,1,0.9745,0.3187,1,0.05556,-0.03993,0.02778
0.006944,160,114,83,35m 58s,1.045,2,fieldmask_kl002_e5,Field credit + field KL 0.02,304,44.47,9e-07,13,0.1003,1455,45.76,2d 5h 4m 20s,163.6,166,1,0,0,0,0,0,0.07537,0.03064,0.03066,0.01917,-0.005095,0,0,0,1,37.92,43.78,1,39.13,1,0.9673,0.08966,1,0,0,0
0,153,113.4,86,38m 47s,1.048,2,fieldmask_kl002_e5,Field credit + field KL 0.02,305,50.34,9e-07,14,0.07369,1455,45.76,2d 5h 5m 55s,168.8,166.2,1,0,0,0,0,0,0.1159,0.0249,0.07052,0.01855,0.001898,0,0,0,1,38.07,43.98,1,38.32,1,0.8299,0.4012,1,0,0,0
0,151,111.7,82,41m 36s,1.052,2,fieldmask_kl002_e5,Field credit + field KL 0.02,306,88.74,8.9e-07,15,0.1098,1455,45.76,2d 5h 6m 31s,168.5,166.4,1,0,0,0,0,0,0.1279,0.02246,0.08809,0.01917,-0.002077,0.000234,0,0,1,38.87,44.92,1,36.6,1,0.8566,0.2725,1,0.02778,-0.01215,0
0,159,113.2,86,44m 22s,1.055,2,fieldmask_kl002_e5,Field credit + field KL 0.02,307,44.28,8.9e-07,16,0.08505,1455,45.76,2d 5h 3m 38s,165.7,166.4,1,0,0,0,0,0,0.05395,0.02588,0.01652,0.01892,-0.007373,0,0,0,1,38.36,44.27,1,35.45,1,0.9447,0.3485,1,0,0,0
0,150,111.3,73,47m 14s,1.058,2,fieldmask_kl002_e5,Field credit + field KL 0.02,308,39.3,8.9e-07,17,0.1085,1455,45.76,2d 5h 7m 22s,171.8,166.7,1,0,0,0,0,0,0.1907,0.0188,0.1527,0.02063,-0.0004309,-0.0009272,0,0,1,38.8,44.88,1,38.3,1,0.8652,0.2086,1,0.02778,-0.01042,0
0,151,111.2,86,49m 57s,1.062,2,fieldmask_kl002_e5,Field credit + field KL 0.02,309,37.77,8.9e-07,18,0.08994,1455,45.76,2d 4h 59m 43s,161.7,166.5,1,0,0,0,0,0,0.09899,0.02136,0.05102,0.01965,0.00696,0,0,0,1,38.07,43.98,1,38.9,1,0.9092,0.1827,1,0,0,0
0.01389,160,109.6,83,52m 42s,1.065,2,fieldmask_kl002_e5,Field credit + field KL 0.02,310,42.89,8.9e-07,19,0.0983,1455,45.76,2d 4h 55m 48s,164.9,166.4,1,0,0,0,-0.003417,0,0.08552,0.02026,0.06434,0.01831,-0.01056,-0.003417,0,0,1,39.53,45.76,1,37.55,1,0.8621,0.5071,1,0.02778,-0.02778,0.02778
0,146,109.2,86,55m 22s,1.069,2,fieldmask_kl002_e5,Field credit + field KL 0.02,311,84.36,8.9e-07,20,0.0573,1455,45.76,2d 4h 46m 33s,159.3,166.1,1,0,0,0,0,0,0.07578,0.02966,0.02464,0.02002,0.002004,-0.0005473,0,0,1,38.51,44.51,1,35.5,1,0.9624,0.262,1,0.02778,-0.003472,0
0,156,107.2,84,58m 2s,1.072,2,fieldmask_kl002_e5,Field credit + field KL 0.02,312,45.25,8.9e-07,21,0.07763,1455,45.76,2d 4h 39m 7s,160.6,165.8,1,0,0,0,0,0,0.1519,0.02747,0.1015,0.021,0.005184,-0.003218,0,0,1,39.24,45.37,1,34.61,1,0.9481,0.2572,1,0.02778,-0.02083,0
0,153,106.7,87,1h 0m 41s,1.076,2,fieldmask_kl002_e5,Field credit + field KL 0.02,313,51.41,8.9e-07,22,0.05184,1455,45.76,2d 4h 30m 23s,158.6,165.5,1,0,0,0,0,0,0.09978,0.02673,0.05719,0.02002,-0.004163,0,0,0,1,38.14,44.06,1,35.26,1,0.9723,0.09372,1,0,0,0
0,130,105.4,81,1h 3m 22s,1.079,2,fieldmask_kl002_e5,Field credit + field KL 0.02,314,68.98,8.9e-07,23,0.1597,1455,45.76,2d 4h 23m 25s,160.1,165.3,1,0,0,0,0,0,0.118,0.02551,0.07125,0.02051,0.000693,0,0,0,1,37.34,43.06,1,34.45,1,0.9232,0.2789,1,0,0,0
0,133,104.3,80,1h 6m 7s,1.082,2,fieldmask_kl002_e5,Field credit + field KL 0.02,315,62.81,8.9e-07,24,0.112,1455,45.76,2d 4h 20m 43s,165,165.3,1,0,0,0,0,0,0.08898,0.02185,0.04723,0.01941,0.0004902,0,0,0,1,37.12,42.77,1,36.48,1,0.9473,0.3158,1,0,0,0
0,132,103.9,75,1h 8m 49s,1.086,2,fieldmask_kl002_e5,Field credit + field KL 0.02,316,47.87,8.9e-07,25,0.1114,1455,45.76,2d 4h 15m 10s,161.2,165.2,1,0,0,0,0,0,0.1785,0.01929,0.1375,0.02014,0.001584,0,0,0,1,37.19,42.91,1,35.55,1,0.9648,0.4869,1,0,0,0
0,143,101.5,72,1h 11m 31s,1.089,2,fieldmask_kl002_e5,Field credit + field KL 0.02,317,109.2,8.9e-07,26,0.04608,1455,45.76,2d 4h 10m 25s,162.1,165,1,0,0,0,0,0,0.05502,0.01721,0.01826,0.02002,-0.0004765,0,0,0,1,38.29,44.23,1,34.25,1,0.9435,0.2987,1,0,0,0
0,127,101.5,83,1h 14m 11s,1.093,2,fieldmask_kl002_e5,Field credit + field KL 0.02,318,68.42,8.9e-07,27,0.04916,1455,45.76,2d 4h 4m 10s,159.5,164.9,1,0,0,0,0,0,0.07266,0.01965,0.03817,0.021,-0.006155,0,0,0,1,36.97,42.65,1,36.61,1,0.9832,0.09481,1,0,0,0
0,136,100.6,75,1h 16m 52s,1.096,2,fieldmask_kl002_e5,Field credit + field KL 0.02,319,38.17,8.9e-07,28,0.1324,1455,45.76,2d 3h 58m 39s,160.4,164.7,1,0,0,0,0,0,0.09292,0.02185,0.04895,0.01965,0.002465,0,0,0,1,37.78,43.57,1,35.79,1,0.8623,0.4073,1,0,0,0
0,138,100,70,1h 19m 31s,1.1,2,fieldmask_kl002_e5,Field credit + field KL 0.02,320,35.85,8.9e-07,29,0.08199,1455,45.76,2d 3h 52m 10s,158.6,164.5,1,0,0,0,0,0,0.08778,0.02563,0.0412,0.02002,0.000923,0,0,0,1,37.56,43.3,1,35.67,1,0.9648,0.08682,1,0,0,0
0,136,98.88,75,1h 22m 12s,1.103,2,fieldmask_kl002_e5,Field credit + field KL 0.02,321,60.22,8.8e-07,30,0.058,1455,45.76,2d 3h 47m 11s,160.6,164.4,1,0,0,0,0,0,0.05125,0.0177,0.01753,0.02026,-0.004242,0,0,0,1,37.05,42.71,1,35.84,1,0.9788,0.4277,1,0,0,0
0,139,99.93,73,1h 24m 52s,1.107,2,fieldmask_kl002_e5,Field credit + field KL 0.02,322,67.96,8.8e-07,31,0.06957,1455,45.76,2d 3h 41m 46s,159.6,164.3,1,0,0,0,0,0,0.05686,0.02405,0.01731,0.02014,-0.00464,0,0,0,1,37.19,42.9,1,34.37,1,0.9701,0.2721,1,0,0,0
0,127,97.9,78,1h 27m 30s,1.11,2,fieldmask_kl002_e5,Field credit + field KL 0.02,323,85.41,8.8e-07,32,0.06372,1455,45.76,2d 3h 35m 8s,157.4,164.1,1,0,0,0,0,0,0.03869,0.02063,0.007155,0.02112,-0.01021,0,0,0,1,37.12,42.83,1,36.01,1,0.9537,0.4423,1,0,0,0
0,132,98.26,73,1h 30m 6s,1.113,2,fieldmask_kl002_e5,Field credit + field KL 0.02,324,74.11,8.8e-07,33,0.1027,1455,45.76,2d 3h 28m 7s,156.2,163.8,1,0,0,0,0,0,0.04407,0.02332,0.005165,0.02051,-0.004914,0,0,0,1,37.48,43.2,1,33.5,1,0.9507,0.3058,1,0,0,0
0,130,95.68,71,1h 32m 42s,1.117,2,fieldmask_kl002_e5,Field credit + field KL 0.02,325,83.49,8.8e-07,34,0.07468,1455,45.76,2d 3h 20m 46s,155.1,163.6,1,0,0,0,0,0,0.05557,0.01904,0.01201,0.02185,0.002665,0,0,0,1,37.34,43.04,1,34.2,1,0.9556,0.3856,1,0,0,0
0,122,97.75,80,1h 35m 20s,1.12,2,fieldmask_kl002_e5,Field credit + field KL 0.02,326,80.68,8.8e-07,35,0.06078,1455,45.76,2d 3h 15m 10s,156,163.4,1,0,0,0,0,0,0.1091,0.02563,0.06784,0.02063,-0.00504,0,0,0,1,36.76,42.36,1,34.25,1,0.8885,0.1971,1,0,0,0
0,130,100.1,80,1h 37m 59s,1.124,2,fieldmask_kl002_e5,Field credit + field KL 0.02,327,50.47,8.8e-07,36,0.109,1455,45.76,2d 3h 10m 14s,158.7,163.3,1,0,0,0,0,0,0.1204,0.0166,0.07735,0.02136,0.005082,0,0,0,1,37.27,42.98,1,34.9,1,0.9587,0.4182,1,0,0,0
0,120,97.6,76,1h 40m 35s,1.127,2,fieldmask_kl002_e5,Field credit + field KL 0.02,328,26.63,8.8e-07,37,0.06187,1455,45.76,2d 3h 3m 44s,155.5,163.1,1,0,0,0,0,0,0.03834,0.02576,-0.003562,0.02222,-0.006077,0,0,0,1,36.61,42.2,1,36.59,1,0.917,0.1115,1,0,0,0
0,127,98.3,71,1h 43m 19s,1.131,2,fieldmask_kl002_e5,Field credit + field KL 0.02,329,42.49,8.8e-07,38,0.07706,1455,45.76,2d 3h 1m 23s,163.3,163.1,1,0,0,0,0,0,0.06658,0.02466,0.02828,0.02063,-0.006988,0,0,0,1,37.12,42.81,1,34.48,1,0.9085,0.3676,1,0,0,0
0,147,100.1,75,1h 45m 58s,1.134,2,fieldmask_kl002_e5,Field credit + field KL 0.02,330,30.41,8.8e-07,39,0.06006,1455,45.76,2d 2h 56m 53s,158.9,163,1,0,0,0,0,0,0.06749,0.02393,0.02179,0.02026,0.002492,-0.0009859,0,0,1,38.58,44.64,1,35.28,1,0.9769,0.3401,1,0.02778,-0.005208,0
0,130,100.1,70,1h 48m 36s,1.137,2,fieldmask_kl002_e5,Field credit + field KL 0.02,331,63.49,8.8e-07,40,0.0847,1455,45.76,2d 2h 51m 36s,157.2,162.9,1,0,0,0,0,0,0.04917,0.02161,0.01481,0.02063,-0.007885,0,0,0,1,36.9,42.51,1,34.84,1,0.9107,0.4154,1,0,0,0
0,128,100.1,74,1h 51m 14s,1.141,2,fieldmask_kl002_e5,Field credit + field KL 0.02,332,47.39,8.8e-07,41,0.03083,1455,45.76,2d 2h 46m 36s,157.6,162.8,1,0,0,0,0,0,0.0382,0.0188,0.008368,0.02063,-0.009594,0,0,0,1,36.39,41.87,1,33.52,1,0.8906,0.2769,1,0,0,0
0,134,100.3,74,1h 53m 51s,1.144,2,fieldmask_kl002_e5,Field credit + field KL 0.02,333,110.5,8.8e-07,42,0.111,1455,45.76,2d 2h 41m 21s,156.7,162.6,1,0,0,0,0,0,0.1292,0.02625,0.08403,0.02051,-0.001582,0,0,0,1,37.56,43.36,1,32.62,1,0.8976,0.2623,1,0,0,0
0,139,101.2,76,1h 56m 33s,1.148,2,fieldmask_kl002_e5,Field credit + field KL 0.02,334,36.4,8.8e-07,43,0.06361,1455,45.76,2d 2h 38m 35s,161.8,162.6,1,0,0,0,0,0,0.0376,0.02222,0.001883,0.02002,-0.006519,0,0,0,1,36.83,42.42,1,36.85,1,0.8586,0.3612,1,0,0,0
0,132,102.2,74,1h 59m 17s,1.151,2,fieldmask_kl002_e5,Field credit + field KL 0.02,335,66.69,8.7e-07,44,0.05474,1455,45.76,2d 2h 36m 23s,163.4,162.7,1,0,0,0,0,0,0.03128,0.01929,-0.005122,0.01965,-0.002536,0,0,0,1,37.41,43.16,1,37.49,1,0.979,0.2858,1,0,0,0
0,157,103,72,2h 1m 59s,1.155,2,fieldmask_kl002_e5,Field credit + field KL 0.02,336,65.83,8.7e-07,45,0.07314,1455,45.76,2d 2h 33m 24s,161.5,162.6,1,0,0,0,0,0,0.0456,0.02332,-0.00336,0.01965,0.00883,-0.002838,0,0,1,39.31,45.5,1,37.3,1,0.9554,0.4875,1,0.05556,-0.02431,0
0,156,100.8,68,2h 4m 41s,1.158,2,fieldmask_kl002_e5,Field credit + field KL 0.02,337,80.29,8.7e-07,46,0.02874,1455,45.76,2d 2h 30m 24s,161.2,162.6,1,0,0,0,0,0,0.02767,0.02185,-0.01088,0.021,-0.003278,-0.001024,0,0,1,39.24,45.37,1,34.78,1,0.9769,0.1009,1,0.02778,-0.02083,0
0,132,100.9,85,2h 7m 20s,1.162,2,fieldmask_kl002_e5,Field credit + field KL 0.02,338,51.35,8.7e-07,47,0.07136,1455,45.76,2d 2h 26m 13s,158.5,162.6,1,0,0,0,0,0,0.04727,0.01721,0.002626,0.02026,0.007167,0,0,0,1,36.76,42.36,1,34.51,1,0.9747,0.2178,1,0,0,0
0,135,104.6,80,2h 9m 59s,1.165,2,fieldmask_kl002_e5,Field credit + field KL 0.02,339,44.71,8.7e-07,48,0.04425,1455,45.76,2d 2h 22m 10s,158.7,162.5,1,0,0,0,0,0,0.08641,0.02441,0.03688,0.0199,0.005221,0,0,0,1,37.56,43.33,1,34.62,1,0.9424,0.3706,1,0,0,0
0,150,102.2,73,2h 12m 38s,1.168,2,fieldmask_kl002_e5,Field credit + field KL 0.02,340,76.17,8.7e-07,49,0.05797,1455,45.76,2d 2h 18m 11s,158.7,162.4,1,0,0,0,0,0,0.0267,0.02502,-0.01944,0.01965,0.001462,0,0,0,1,36.46,42.01,1,36.09,1,0.9447,0.1772,1,0,0,0
0,122,100.7,80,2h 15m 17s,1.172,2,fieldmask_kl002_e5,Field credit + field KL 0.02,341,64.55,8.7e-07,50,0.04929,1455,45.76,2d 2h 14m 14s,158.7,162.3,1,0,0,0,0,0,0.02683,0.02417,-0.0134,0.02112,-0.00506,0,0,0,1,36.46,41.97,1,34.13,1,0.9845,0.1219,1,0,0,0
0,135,100.1,75,2h 18m 6s,1.175,2,fieldmask_kl002_e5,Field credit + field KL 0.02,342,51.13,8.7e-07,51,0.07056,1455,45.76,2d 2h 14m 0s,168.9,162.5,1,0,0,0,0,0,0.05435,0.02161,0.01229,0.02136,-0.000907,0,0,0,1,36.17,41.64,1,44.55,1,0.9347,0.06108,1,0,0,0
0,135,102.7,72,2h 20m 48s,1.179,2,fieldmask_kl002_e5,Field credit + field KL 0.02,343,94.02,8.7e-07,52,0.06577,1455,45.76,2d 2h 10m 47s,160.7,162.5,1,0,0,0,0,0,0.03543,0.02454,-0.01038,0.021,0.0002803,0,0,0,1,37.7,43.53,1,35.35,1,0.9504,0.3098,1,0,0,0
0,134,100.6,80,2h 23m 26s,1.182,2,fieldmask_kl002_e5,Field credit + field KL 0.02,344,35.73,8.7e-07,53,0.06684,1455,45.76,2d 2h 6m 43s,158.1,162.4,1,0,0,0,0,0,0.01764,0.02563,-0.01628,0.02075,-0.01247,0,0,0,1,37.63,43.47,1,35.36,1,0.961,0.1295,1,0,0,0
0,160,101.6,76,2h 26m 10s,1.186,2,fieldmask_kl002_e5,Field credit + field KL 0.02,345,51.96,8.7e-07,54,0.05806,1455,45.76,2d 2h 4m 32s,163.5,162.4,1,0,0,0,0,0,0.03399,0.03931,-0.01507,0.02124,-0.01149,0,0,0,1,36.46,42.03,1,37.36,1,0.9557,0.1551,1,0,0,0
0,129,99.95,73,2h 28m 52s,1.189,2,fieldmask_kl002_e5,Field credit + field KL 0.02,346,49.53,8.7e-07,55,0.09492,1455,45.76,2d 2h 1m 41s,161.6,162.4,1,0,0,0,0,0,0.07838,0.02734,0.02934,0.02063,0.001063,0,0,0,1,37.05,42.73,1,38.57,1,0.9292,0.3708,1,0,0,0
0,134,102.1,77,2h 31m 34s,1.192,2,fieldmask_kl002_e5,Field credit + field KL 0.02,347,56.86,8.7e-07,56,0.09388,1455,45.76,2d 1h 58m 42s,161.1,162.4,1,0,0,0,0,0,0.05205,0.03027,0.0114,0.02173,-0.01135,0,0,0,1,37.34,43.08,1,33.99,1,0.8388,0.207,1,0,0,0
0,142,102.2,79,2h 34m 14s,1.196,2,fieldmask_kl002_e5,Field credit + field KL 0.02,348,61.07,8.7e-07,57,0.09832,1455,45.76,2d 1h 55m 23s,160.1,162.4,1,0,0,0,0,0,0.1875,0.02734,0.138,0.02124,0.0008556,0,0,0,1,37.41,43.16,1,35.52,1,0.8754,0.2111,1,0,0,0
0,133,101.6,75,2h 36m 59s,1.199,2,fieldmask_kl002_e5,Field credit + field KL 0.02,349,28.06,8.6e-07,58,0.05084,1455,45.76,2d 1h 53m 32s,164.7,162.4,1,0,0,0,0,0,0.003115,0.03931,-0.05458,0.02063,-0.002246,0,0,0,1,37.27,43,1,35.88,1,0.9303,0.1071,1,0,0,0
0,154,103.8,75,2h 39m 38s,1.203,2,fieldmask_kl002_e5,Field credit + field KL 0.02,350,57.44,8.6e-07,59,0.1023,1455,45.76,2d 1h 49m 41s,158.4,162.3,1,0,0,0,0,0,0.06487,0.04443,-0.002487,0.01965,0.003273,0,0,0,1,38.07,44,1,37.79,1,0.9663,0.2039,1,0,0,0
0,140,103.3,76,2h 42m 20s,1.206,2,fieldmask_kl002_e5,Field credit + field KL 0.02,351,67.82,8.6e-07,60,0.05348,1455,45.76,2d 1h 46m 47s,161.3,162.3,1,0,0,0,0,0,0.05882,0.02588,0.01968,0.02063,-0.007365,0,0,0,1,38.07,43.94,1,33.96,1,0.9796,0.2527,1,0,0,0
0,141,100.6,74,2h 45m 2s,1.21,2,fieldmask_kl002_e5,Field credit + field KL 0.02,352,48.27,8.6e-07,61,0.06625,1455,45.76,2d 1h 44m 13s,162.5,162.3,1,0,0,0,0,0,0.0411,0.02979,-0.008493,0.02124,-0.001433,0,0,0,1,38.14,44.06,1,35.73,1,0.9265,0.188,1,0,0,0
0,133,103.2,74,2h 47m 40s,1.213,2,fieldmask_kl002_e5,Field credit + field KL 0.02,353,53.83,8.6e-07,62,0.01165,1455,45.76,2d 1h 40m 4s,157.2,162.3,1,0,0,0,0,0,0.05075,0.02417,0.01013,0.021,-0.004541,0,0,0,1,37.19,42.9,1,33.39,1,0.8708,0.3933,1,0,0,0
0,135,104.5,77,2h 50m 22s,1.216,2,fieldmask_kl002_e5,Field credit + field KL 0.02,354,79.04,8.6e-07,63,0.08174,1455,45.76,2d 1h 37m 16s,161.6,162.2,1,0,0,0,0,0,0.1195,0.03198,0.06242,0.02075,0.004395,0,0,0,1,36.68,42.22,1,34.18,1,0.9631,0.2863,1,0,0,0
0,137,103.1,73,2h 53m 5s,1.22,2,fieldmask_kl002_e5,Field credit + field KL 0.02,355,58.84,8.6e-07,64,0.07281,1455,45.76,2d 1h 34m 49s,161.3,162.3,1,0,0,0,0,0,0.0578,0.03198,0.005265,0.02063,-7.632e-05,0,0,0,1,37.34,43.08,1,35.87,1,0.9217,0.1466,1,0,0,0
0.006944,160,105.1,77,2h 55m 53s,1.223,2,fieldmask_kl002_e5,Field credit + field KL 0.02,356,61.42,8.6e-07,65,0.0793,1455,45.76,2d 1h 33m 48s,164.5,162.4,1,0,0,0,0,0,0.06709,0.03223,0.01943,0.02112,-0.005679,0,0,0,1,36.68,42.28,1,35.62,1,0.9142,0.03567,1,0,0,0
0,152,104.5,78,2h 58m 35s,1.227,2,fieldmask_kl002_e5,Field credit + field KL 0.02,357,61.2,8.6e-07,66,0.03405,1455,45.76,2d 1h 31m 2s,161.7,162.4,1,0,0,0,0,0,0.008957,0.02856,-0.04583,0.01904,0.007185,0,0,0,1,38.29,44.19,1,34.78,1,0.9159,0.5932,1,0,0,0
0,135,105.3,78,3h 1m 19s,1.23,2,fieldmask_kl002_e5,Field credit + field KL 0.02,358,96.01,8.6e-07,67,0.06923,1455,45.76,2d 1h 28m 41s,163.3,162.4,1,0,0,0,0,0,0.04599,0.03979,-0.007511,0.02124,-0.007538,0,0,0,1,36.9,42.55,1,36.14,1,0.9748,0.1022,1,0,0,0
0,133,103.7,75,3h 3m 58s,1.234,2,fieldmask_kl002_e5,Field credit + field KL 0.02,359,60.31,8.6e-07,68,0.1052,1455,45.76,2d 1h 25m 0s,158.3,162.3,1,0,0,0,0,0,0.08692,0.0332,0.03059,0.02112,0.002009,0,0,0,1,36.76,42.36,1,34.62,1,0.9571,0.1862,1,0,0,0
0,144,108,76,3h 6m 36s,1.237,2,fieldmask_kl002_e5,Field credit + field KL 0.02,360,49.26,8.6e-07,69,0.08556,1455,45.76,2d 1h 21m 19s,158.1,162.3,1,0,0,0,0,0,0.1273,0.04053,0.07224,0.02014,-0.005645,0,0,0,1,37.48,43.26,1,35.82,1,0.9572,0.3049,1,0,0,0
0,145,108.5,87,3h 9m 19s,1.241,2,fieldmask_kl002_e5,Field credit + field KL 0.02,361,44.18,8.6e-07,70,0.08832,1455,45.76,2d 1h 18m 46s,162.3,162.3,1,0,0,0,0,0,0.1291,0.02502,0.08718,0.02173,-0.003915,-0.000915,0,0,1,38.43,44.43,1,36.22,1,0.9739,0.2145,1,0.02778,-0.001736,0
0,142,106.5,83,3h 12m 5s,1.244,2,fieldmask_kl002_e5,Field credit + field KL 0.02,362,78.33,8.5e-07,71,0.07433,1455,45.76,2d 1h 16m 53s,165.1,162.3,1,0,0,0,0,0,0.02213,0.03564,-0.03569,0.02112,0.001061,0,0,0,1,38.14,44.1,1,36.43,1,0.8889,0.2228,1,0,0,0
0,141,104.3,77,3h 14m 42s,1.247,2,fieldmask_kl002_e5,Field credit + field KL 0.02,363,39.52,8.5e-07,72,0.08766,1455,45.76,2d 1h 12m 57s,157.1,162.2,1,0,0,0,0,0,0.07391,0.04004,0.005126,0.02161,0.007133,0,0,0,1,38.14,44.06,1,36.06,1,0.9004,0.2022,1,0,0,0
0.006944,160,108.2,73,3h 17m 28s,1.251,2,fieldmask_kl002_e5,Field credit + field KL 0.02,364,60.94,8.5e-07,73,0.127,1455,45.76,2d 1h 11m 9s,165.6,162.3,1,0,0,0,0,0,0.06761,0.03833,0.01148,0.01965,-0.001851,0,0,0,1,38.36,44.29,1,35.69,1,0.8884,0.3477,1,0,0,0
0,155,109.2,69,3h 20m 10s,1.254,2,fieldmask_kl002_e5,Field credit + field KL 0.02,365,87.73,8.5e-07,74,0.1021,1455,45.76,2d 1h 8m 31s,162.1,162.3,1,0,0,0,0,0,0.1674,0.03198,0.1141,0.02112,0.0002826,0,0,0,1,37.41,43.16,1,34.45,1,0.965,0.1127,1,0,0,0
0,147,109.1,79,3h 22m 54s,1.258,2,fieldmask_kl002_e5,Field credit + field KL 0.02,366,42.48,8.5e-07,75,0.1259,1455,45.76,2d 1h 6m 11s,163.4,162.3,1,0,0,0,0,0,0.2583,0.0332,0.2004,0.0199,0.004798,0,0,0,1,37.63,43.45,1,35.4,1,0.9107,0.1578,1,0,0,0
0,151,107.8,76,3h 25m 32s,1.261,2,fieldmask_kl002_e5,Field credit + field KL 0.02,367,46.93,8.5e-07,76,0.1358,1455,45.76,2d 1h 2m 27s,157.6,162.3,1,0,0,0,0,0,0.07705,0.03271,0.01829,0.02063,0.004876,0.000544,0,0,1,38.87,45,1,33.63,1,0.94,0.3658,1,0.02778,-0.01215,0
0,154,107.4,79,3h 28m 14s,1.265,2,fieldmask_kl002_e5,Field credit + field KL 0.02,368,78.4,8.5e-07,77,0.159,1455,45.76,2d 0h 59m 41s,161.7,162.3,1,0,0,0,0,0,0.2242,0.03931,0.1636,0.01941,0.001479,0.0003825,0,0,1,39.09,45.27,1,35.53,1,0.9231,0.2342,1,0.02778,-0.01736,0
0.006944,160,108.8,79,3h 30m 57s,1.268,2,fieldmask_kl002_e5,Field credit + field KL 0.02,369,76.16,8.5e-07,78,0.1155,1455,45.76,2d 0h 57m 4s,162.2,162.3,1,0,0,0,0,0,0.1591,0.03296,0.1123,0.01965,-0.00585,0,0,0,1,38.29,44.25,1,35.79,1,0.935,0.3203,1,0,0,0
0,136,107.8,79,3h 33m 37s,1.271,2,fieldmask_kl002_e5,Field credit + field KL 0.02,370,43.96,8.5e-07,79,0.1174,1455,45.76,2d 0h 53m 47s,159.5,162.2,1,0,0,0,0,0,0.1784,0.04199,0.1172,0.0199,-0.0006306,0,0,0,1,37.78,43.59,1,33.9,1,0.9469,0.1421,1,0,0,0
0,151,111.2,78,3h 36m 26s,1.275,2,fieldmask_kl002_e5,Field credit + field KL 0.02,371,51.72,8.5e-07,80,0.1515,1455,45.76,2d 0h 52m 37s,168.8,162.3,1,0,0,0,0,0,0.08093,0.04492,0.02555,0.01965,-0.01044,0.001239,0,0,1,38.87,44.96,1,36.55,1,0.8294,0.2762,1,0.02778,-0.01215,0
0,146,111.2,81,3h 39m 6s,1.278,2,fieldmask_kl002_e5,Field credit + field KL 0.02,372,37.66,8.5e-07,81,0.1019,1455,45.76,2d 0h 49m 26s,159.9,162.3,1,0,0,0,0,0,0.2106,0.03882,0.1607,0.02026,-0.009247,0,0,0,1,37.34,43.06,1,34.64,1,0.8776,0.08686,1,0,0,0
0,155,111.6,75,3h 41m 45s,1.282,2,fieldmask_kl002_e5,Field credit + field KL 0.02,373,37.44,8.5e-07,82,0.1188,1455,45.76,2d 0h 46m 3s,158.9,162.3,1,0,0,0,0,0,0.1167,0.0481,0.04828,0.02051,0.004111,-0.004288,0,0,1,39.16,45.31,1,35.23,1,0.9911,0.2139,1,0.02778,-0.0191,0
0.006944,160,113.9,80,3h 44m 29s,1.285,2,fieldmask_kl002_e5,Field credit + field KL 0.02,374,73.41,8.5e-07,83,0.05419,1455,45.79,2d 0h 43m 47s,163.8,162.3,1,0,0,0,0,0,0.0825,0.03369,0.03619,0.01782,-0.003832,-0.00137,0,0,1,39.53,45.79,1,34.86,1,0.9551,0.5311,1,0.08333,-0.04514,0.02778
0,158,113.8,83,3h 47m 15s,1.289,2,fieldmask_kl002_e5,Field credit + field KL 0.02,375,48.09,8.4e-07,84,0.09981,1455,45.79,2d 0h 41m 44s,164.9,162.3,1,0,0,0,0,0,0.0908,0.04321,0.02159,0.02002,0.005154,0.000825,0,0,1,39.38,45.58,1,34.98,1,0.9439,0.2705,1,0.02778,-0.02431,0
0.02083,160,116.1,80,3h 49m 55s,1.292,2,fieldmask_kl002_e5,Field credit + field KL 0.02,376,47.01,8.4e-07,85,0.08172,1455,45.81,2d 0h 38m 33s,159.7,162.3,1,0,0,0,9.852e-05,0,0.08939,0.04248,0.02825,0.02112,-0.002072,-0.0004837,0,0,1,39.53,45.81,1,34.83,1,0.9481,0.1794,1,0.05556,-0.03819,0.02778
0.006944,160,109.9,90,3h 52m 35s,1.296,2,fieldmask_kl002_e5,Field credit + field KL 0.02,377,31.87,8.4e-07,86,0.137,1455,45.81,2d 0h 35m 23s,159.8,162.3,1,0,0,0,0,0,0.08057,0.03345,0.03393,0.02075,-0.007562,0,0,0,1,38.07,44,1,34.99,1,0.9414,0.1211,1,0,0,0
0,150,112.9,83,3h 55m 16s,1.299,2,fieldmask_kl002_e5,Field credit + field KL 0.02,378,60.66,8.4e-07,87,0.08415,1455,45.81,2d 0h 32m 32s,161.2,162.3,1,0,0,0,0,0,0.09122,0.03882,0.03301,0.02063,-0.00124,0,0,0,1,37.85,43.73,1,35.8,1,0.9122,0.3458,1,0,0,0
0.006944,160,113.6,78,3h 58m 1s,1.302,2,fieldmask_kl002_e5,Field credit + field KL 0.02,379,60.33,8.4e-07,88,0.06115,1455,45.81,2d 0h 30m 18s,164.2,162.3,1,0,0,0,0.0001874,0,0.08854,0.04346,0.01761,0.0199,0.005555,0.001829,0,0,1,39.53,45.72,1,36.52,1,0.8768,0.3928,1,0.05556,-0.03819,0.02778
0.006944,160,113,80,4h 0m 44s,1.306,2,fieldmask_kl002_e5,Field credit + field KL 0.02,380,64.94,8.4e-07,89,0.09581,1455,45.81,2d 0h 27m 40s,162.3,162.3,1,0,0,0,-0.0003777,0,0.05738,0.0415,-0.006259,0.01965,0.003238,-0.0003777,0,0,1,39.53,45.72,1,36.68,1,0.9351,0.4196,1,0.02778,-0.02778,0.02778
0,159,112.4,73,4h 3m 27s,1.309,2,fieldmask_kl002_e5,Field credit + field KL 0.02,381,64.74,8.4e-07,90,0.08999,1455,45.81,2d 0h 25m 13s,162.8,162.3,1,0,0,0,0,0,0.1852,0.04443,0.1145,0.02051,0.008238,-0.002458,0,0,1,38.87,44.92,1,36.05,1,0.9362,0.3737,1,0.05556,-0.0191,0
0.006944,160,112.9,87,4h 6m 13s,1.313,2,fieldmask_kl002_e5,Field credit + field KL 0.02,382,53.5,8.4e-07,91,0.08646,1455,45.81,2d 0h 23m 12s,165.5,162.3,1,0,0,0,0,0,0.07761,0.04004,0.02643,0.02002,-0.006769,-0.002111,0,0,1,39.53,45.76,1,37.06,1,0.9471,0.1602,1,0.02778,-0.02778,0.02778
0,146,112.1,83,4h 8m 57s,1.316,2,fieldmask_kl002_e5,Field credit + field KL 0.02,383,35.47,8.4e-07,92,0.06976,1455,45.81,2d 0h 20m 52s,164,162.4,1,0,0,0,0,0,0.04716,0.03125,0.007665,0.02124,-0.0107,-0.002292,0,0,1,38.43,44.47,1,36.95,1,0.9318,0.3257,1,0.02778,-0.001736,0
0.006944,160,111.5,84,4h 11m 38s,1.32,2,fieldmask_kl002_e5,Field credit + field KL 0.02,384,61.55,8.4e-07,93,0.1014,1455,45.81,2d 0h 17m 51s,160.4,162.3,1,0,0,0,0,0,0.07627,0.04541,0.01696,0.02124,-0.007344,0,0,0,1,37.85,43.65,1,35.82,1,0.9401,0.1403,1,0,0,0
0,141,111.8,84,4h 14m 24s,1.323,2,fieldmask_kl002_e5,Field credit + field KL 0.02,385,77.89,8.4e-07,94,0.09792,1455,45.81,2d 0h 15m 48s,165.4,162.4,1,0,0,0,0,0,0.1242,0.03711,0.07331,0.02112,-0.0073,0,0,0,1,38.14,44.02,1,35.37,1,0.9442,0.1739,1,0,0,0
0.01389,160,111.5,82,4h 17m 2s,1.326,2,fieldmask_kl002_e5,Field credit + field KL 0.02,386,37.91,8.4e-07,95,0.09196,1455,45.81,2d 0h 12m 19s,157.9,162.3,1,0,0,0,0.002036,0,0.09374,0.03931,0.03844,0.02136,-0.009442,0.002036,0,0,1,39.53,45.76,1,35.33,1,0.9545,0.1794,1,0.02778,-0.02778,0.02778
0,160,112,84,4h 19m 46s,1.33,2,fieldmask_kl002_e5,Field credit + field KL 0.02,387,54.1,8.4e-07,96,0.1369,1455,45.81,2d 0h 9m 55s,163.6,162.4,1,0,0,0,0,0,0.06516,0.0415,0.009816,0.02051,-0.005263,-0.001401,0,0,1,39.53,45.8,1,35.81,1,0.9436,0.06129,1,0.05556,-0.04514,0.02778
0.006944,160,112.2,83,4h 22m 24s,1.333,2,fieldmask_kl002_e5,Field credit + field KL 0.02,388,74.47,8.3e-07,97,0.08352,1455,45.81,2d 0h 6m 26s,157.6,162.3,1,0,0,0,0,0,0.1547,0.03442,0.1045,0.02075,-0.004937,0,0,0,1,37.92,43.82,1,34.46,1,0.9211,0.2505,1,0,0,0
0,156,112.8,82,4h 25m 7s,1.337,2,fieldmask_kl002_e5,Field credit + field KL 0.02,389,70.12,8.3e-07,98,0.07388,1455,45.81,2d 0h 3m 44s,161.8,162.3,1,0,0,0,0,0,0.0386,0.03833,-0.01314,0.021,-0.007586,0,0,0,1,37.41,43.18,1,36.61,1,0.9609,0.1021,1,0,0,0
0,153,111.1,70,4h 27m 50s,1.34,2,fieldmask_kl002_e5,Field credit + field KL 0.02,390,56.66,8.3e-07,99,0.05259,1455,45.81,2d 0h 1m 9s,162.6,162.3,1,0,0,0,0,0,0.05182,0.03491,-0.001413,0.02136,-0.003898,0.0008563,0,0,1,39.02,45.13,1,35.27,1,0.9726,0.1831,1,0.05556,-0.02778,0
0,150,113.3,87,4h 30m 31s,1.344,2,fieldmask_kl002_e5,Field credit + field KL 0.02,391,45.67,8.3e-07,100,0.05753,1455,45.81,1d 23h 58m 23s,161.7,162.3,1,0,0,0,0,0,0.08037,0.03931,0.01953,0.0199,0.00257,-0.0009267,0,0,1,38.8,44.88,1,36.45,1,0.9294,0.395,1,0.02778,-0.01042,0
0,157,113.5,84,4h 33m 14s,1.347,2,fieldmask_kl002_e5,Field credit + field KL 0.02,392,54.14,8.3e-07,101,0.03448,1455,45.81,1d 23h 55m 46s,162.5,162.3,1,0,0,0,0,0,0.008937,0.03882,-0.04432,0.01904,-0.003699,-0.0009064,0,0,1,39.31,45.5,1,34.56,1,0.9766,0.5022,1,0.05556,-0.02951,0
0,158,115.5,79,4h 35m 55s,1.351,2,fieldmask_kl002_e5,Field credit + field KL 0.02,393,69.6,8.3e-07,102,0.03552,1455,45.81,1d 23h 52m 45s,160.3,162.3,1,0,0,0,0,0,0.03638,0.04102,-0.01696,0.01904,-0.005443,-0.001283,0,0,1,39.31,45.46,1,34.85,1,0.9757,0.3059,1,0.05556,-0.03993,0
0,153,113.9,86,4h 38m 40s,1.354,2,fieldmask_kl002_e5,Field credit + field KL 0.02,394,102,8.3e-07,103,0.04774,1455,45.81,1d 23h 50m 34s,165,162.3,1,0,0,0,0,0,0.02108,0.03369,-0.03466,0.02002,0.002923,-0.0008926,0,0,1,38.87,44.96,1,36.06,1,0.9071,0.4771,1,0.02778,-0.01215,0
0,152,113.5,78,4h 41m 25s,1.357,2,fieldmask_kl002_e5,Field credit + field KL 0.02,395,55.78,8.3e-07,104,0.0817,1455,45.81,1d 23h 48m 14s,164.2,162.4,1,0,0,0,0,0,0.03469,0.0354,-0.02116,0.021,-0.002717,0.002176,0,0,1,38.58,44.62,1,37.11,1,0.9654,0.1937,1,0.02778,-0.005208,0
0.006944,160,113.3,72,4h 44m 7s,1.361,2,fieldmask_kl002_e5,Field credit + field KL 0.02,396,49.39,8.3e-07,105,0.03367,1455,45.81,1d 23h 45m 35s,162.3,162.4,1,0,0,0,0,0,-0.009009,0.0376,-0.06415,0.02014,-0.002598,0,0,0,1,37.63,43.43,1,35.4,1,0.975,0.1523,1,0,0,0
0.006944,160,114.7,81,4h 46m 50s,1.364,2,fieldmask_kl002_e5,Field credit + field KL 0.02,397,46.67,8.3e-07,106,0.04348,1455,45.81,1d 23h 42m 51s,161.9,162.4,1,0,0,0,0,0,0.06031,0.03784,0.0003114,0.01965,0.00753,-0.005025,0,0,1,38.8,44.88,1,36.23,1,0.9264,0.405,1,0.02778,-0.01042,0
0,146,111.2,83,4h 49m 36s,1.368,2,fieldmask_kl002_e5,Field credit + field KL 0.02,398,74.1,8.3e-07,107,0.08,1455,45.81,1d 23h 40m 45s,165.5,162.4,1,0,0,0,0,0,0.0772,0.04126,0.01433,0.01965,0.001343,0.0006113,0,0,1,38.51,44.49,1,37.54,1,0.9033,0.2199,1,0.02778,-0.003472,0
0,137,112.3,85,4h 52m 12s,1.371,2,fieldmask_kl002_e5,Field credit + field KL 0.02,399,30.95,8.3e-07,108,0.06052,1455,45.81,1d 23h 37m 3s,155.7,162.3,1,0,0,0,0,0,0.1046,0.0354,0.04606,0.02112,0.002023,0,0,0,1,37.85,43.67,1,35.12,1,0.877,0.3462,1,0,0,0
0.006944,160,112.5,80,4h 54m 54s,1.375,2,fieldmask_kl002_e5,Field credit + field KL 0.02,400,43,8.2e-07,109,0.07088,1455,45.81,1d 23h 34m 22s,162.2,162.3,1,0,0,0,0,0,0.08319,0.03784,0.01936,0.02026,0.005719,0,0,0,1,38.07,43.92,1,35.74,1,0.9192,0.1865,1,0,0,0
0.006944,160,112.8,80,4h 57m 41s,1.378,2,fieldmask_kl002_e5,Field credit + field KL 0.02,401,45,8.2e-07,110,0.07157,1455,45.81,1d 23h 32m 18s,165.9,162.4,1,0,0,0,0,0,0.04531,0.04004,-0.01355,0.01965,0.0003697,-0.001201,0,0,1,38.73,44.78,1,36.31,1,0.9665,0.1933,1,0.02778,-0.008681,0
0.006944,160,111.9,90,5h 0m 22s,1.381,2,fieldmask_kl002_e5,Field credit + field KL 0.02,402,41.48,8.2e-07,111,0.06506,1455,45.81,1d 23h 29m 28s,161.2,162.4,1,0,0,0,0,0,0.09066,0.03198,0.03925,0.02075,-0.001324,0,0,0,1,37.78,43.59,1,34.92,1,0.9084,0.1902,1,0,0,0
0.006944,160,111.4,85,5h 3m 4s,1.385,2,fieldmask_kl002_e5,Field credit + field KL 0.02,403,32.05,8.2e-07,112,0.07408,1455,45.81,1d 23h 26m 39s,161.2,162.4,1,0,0,0,0,0,0.04837,0.03833,-0.005094,0.02063,-0.005494,0,0,0,1,38.36,44.29,1,36.3,1,0.9268,0.2901,1,0,0,0
0,155,110,78,5h 5m 45s,1.388,2,fieldmask_kl002_e5,Field credit + field KL 0.02,404,65.44,8.2e-07,113,0.06302,1455,45.81,1d 23h 23m 41s,160.3,162.3,1,0,0,0,0,0,0.06425,0.0459,-0.001444,0.0199,-0.00339,0.003286,0,0,1,39.16,45.27,1,36.17,1,0.9417,0.2951,1,0.02778,-0.0191,0
0,159,108.6,81,5h 8m 33s,1.392,2,fieldmask_kl002_e5,Field credit + field KL 0.02,405,44.95,8.2e-07,114,0.03292,1455,45.81,1d 23h 21m 50s,167.6,162.4,1,0,0,0,0,0,0.03135,0.03369,-0.0225,0.01904,-0.0009087,0.002023,0,0,1,39.45,45.68,1,38.95,1,0.9905,0.521,1,0.05556,-0.02951,0
0,152,106.4,76,5h 11m 15s,1.395,2,fieldmask_kl002_e5,Field credit + field KL 0.02,406,83.96,8.2e-07,115,0.06954,1455,45.81,1d 23h 19m 6s,161.6,162.4,1,0,0,0,0,0,0.06783,0.0376,0.008031,0.02112,0.001078,0,0,0,1,37.12,42.77,1,35.92,1,0.961,0.4086,1,0,0,0
0,144,106.5,81,5h 13m 57s,1.399,2,fieldmask_kl002_e5,Field credit + field KL 0.02,407,46.71,8.2e-07,116,0.08101,1455,45.81,1d 23h 16m 26s,162.2,162.4,1,0,0,0,0,0,0.08855,0.04102,0.03276,0.02173,-0.006949,0,0,0,1,37.63,43.43,1,35.5,1,0.9788,0.1606,1,0,0,0
0,143,108,69,5h 16m 44s,1.402,2,fieldmask_kl002_e5,Field credit + field KL 0.02,408,68.12,8.2e-07,117,0.07205,1455,45.81,1d 23h 14m 18s,165.9,162.4,1,0,0,0,0,0,0.06965,0.02979,0.008173,0.021,0.0107,0,0,0,1,38,43.88,1,35.8,1,0.9945,0.4098,1,0,0,0
0,151,105.9,80,5h 19m 21s,1.405,2,fieldmask_kl002_e5,Field credit + field KL 0.02,409,53.06,8.2e-07,118,0.04404,1455,45.81,1d 23h 10m 54s,157.3,162.4,1,0,0,0,0,0,0.059,0.03931,0.003267,0.021,-0.001383,-0.003192,0,0,1,38.87,44.97,1,34.79,1,0.926,0.3301,1,0.02778,-0.01215,0
0,143,108.2,80,5h 22m 5s,1.409,2,fieldmask_kl002_e5,Field credit + field KL 0.02,410,48.73,8.2e-07,119,0.05408,1455,45.81,1d 23h 8m 24s,163.3,162.4,1,0,0,0,0,0,0.02666,0.0332,-0.03036,0.02185,0.001963,0,0,0,1,38.07,44,1,34.66,1,0.865,0.3838,1,0,0,0
0,150,106.5,72,5h 24m 48s,1.412,2,fieldmask_kl002_e5,Field credit + field KL 0.02,411,81.79,8.2e-07,120,0.08288,1455,45.81,1d 23h 5m 46s,162.7,162.4,1,0,0,0,0,0,0.0808,0.03052,0.05102,0.02026,-0.02014,-0.0008618,0,0,1,38.8,44.9,1,34.99,1,0.9099,0.4372,1,0.02778,-0.01042,0
0.006944,160,107.1,81,5h 27m 26s,1.416,2,fieldmask_kl002_e5,Field credit + field KL 0.02,412,56.09,8.1e-07,121,0.06785,1455,45.81,1d 23h 2m 29s,157.9,162.4,1,0,0,0,0,0,0.1019,0.03198,0.05813,0.02014,-0.00728,-0.001071,0,0,1,38.43,44.43,1,36.15,1,0.9416,0.2586,1,0.02778,-0.001736,0
0,152,107.4,80,5h 30m 9s,1.419,2,fieldmask_kl002_e5,Field credit + field KL 0.02,413,52.84,8.1e-07,122,0.02231,1455,45.81,1d 22h 59m 45s,161.8,162.4,1,0,0,0,0,0,-0.005139,0.0376,-0.06948,0.02197,0.004769,0,0,0,1,37.27,43.02,1,35.04,1,0.9074,0.1013,1,0,0,0
0,145,105.8,72,5h 32m 50s,1.423,2,fieldmask_kl002_e5,Field credit + field KL 0.02,414,72.83,8.1e-07,123,0.05473,1455,45.81,1d 22h 56m 57s,161.4,162.4,1,0,0,0,0,0,0.1098,0.03589,0.05069,0.021,0.003343,-0.001168,0,0,1,38.43,44.45,1,35.4,1,0.9326,0.24,1,0.02778,-0.001736,0
0,140,107.4,73,5h 35m 34s,1.426,2,fieldmask_kl002_e5,Field credit + field KL 0.02,415,68.61,8.1e-07,124,0.05898,1455,45.81,1d 22h 54m 23s,162.9,162.4,1,0,0,0,0.002764,0,0.05461,0.02747,0.004442,0.021,-0.001062,0,0,0,1,37.7,43.55,1,35.66,1,0.9687,0.3044,1,0,0,0
0,151,107.3,78,5h 38m 19s,1.43,2,fieldmask_kl002_e5,Field credit + field KL 0.02,416,39.72,8.1e-07,125,0.04487,1455,45.81,1d 22h 52m 8s,165.3,162.4,1,0,0,0,0,0,0.0207,0.03271,-0.02057,0.02051,-0.01195,0,0,0,1,37.63,43.49,1,34.89,1,0.8428,0.4136,1,0,0,0
0,159,106.3,80,5h 41m 4s,1.433,2,fieldmask_kl002_e5,Field credit + field KL 0.02,417,62.48,8.1e-07,126,0.04317,1455,45.81,1d 22h 49m 46s,164.4,162.4,1,0,0,0,0,0,0.03715,0.03833,-0.02241,0.02222,-0.0009839,0,0,0,1,37.56,43.36,1,36.11,1,0.9392,0.2986,1,0,0,0
0,158,108.1,72,5h 43m 45s,1.436,2,fieldmask_kl002_e5,Field credit + field KL 0.02,418,47.51,8.1e-07,127,0.06625,1455,45.81,1d 22h 46m 54s,160.3,162.4,1,0,0,0,0,0,0.05087,0.03149,-0.006753,0.02234,0.003787,0,0,0,1,37.27,42.98,1,35.32,1,0.9527,0.2342,1,0,0,0
0,145,106.4,74,5h 46m 28s,1.44,2,fieldmask_kl002_e5,Field credit + field KL 0.02,419,56.59,8.1e-07,128,0.0666,1455,45.81,1d 22h 44m 14s,162.3,162.4,1,0,0,0,0,0,0.1218,0.02917,0.06308,0.02185,0.007747,0,0,0,1,38.29,44.23,1,37.06,1,0.9261,0.3919,1,0,0,0
0,146,107.1,72,5h 49m 11s,1.443,2,fieldmask_kl002_e5,Field credit + field KL 0.02,420,46.23,8.1e-07,129,0.06598,1455,45.81,1d 22h 41m 39s,162.8,162.4,1,0,0,0,0,0,0.102,0.02698,0.06297,0.01965,-0.007609,0,0,0,1,37.78,43.59,1,35.7,1,0.9065,0.2066,1,0,0,0
0,134,105.3,72,5h 51m 55s,1.447,2,fieldmask_kl002_e5,Field credit + field KL 0.02,421,42.32,8.1e-07,130,0.03267,1455,45.81,1d 22h 39m 2s,162.7,162.4,1,0,0,0,0,0,0.05126,0.02686,0.004212,0.02197,-0.001781,0,0,0,1,37.56,43.35,1,35.26,1,0.9121,0.2955,1,0,0,0
0.02083,160,109.8,65,5h 54m 35s,1.45,2,fieldmask_kl002_e5,Field credit + field KL 0.02,422,59.64,8.1e-07,131,0.03212,1455,45.81,1d 22h 36m 3s,160,162.4,1,0,0,0,0,0,0.03655,0.04126,-0.02817,0.02246,0.001001,0,0,0,1,38.07,44,1,35.96,1,0.8479,0.4954,1,0,0,0
0,152,108.4,67,5h 57m 21s,1.454,2,fieldmask_kl002_e5,Field credit + field KL 0.02,423,58.42,8.1e-07,132,0.05479,1455,45.81,1d 22h 33m 46s,165.4,162.4,1,0,0,0,0,0,0.04576,0.03125,-0.01813,0.02136,0.007076,0.004202,0,0,1,38.58,44.64,1,36.93,1,0.976,0.08307,1,0.02778,-0.005208,0
0,156,105.3,71,6h 0m 3s,1.457,2,fieldmask_kl002_e5,Field credit + field KL 0.02,424,41.98,8e-07,133,0.07218,1455,45.81,1d 22h 31m 2s,161.5,162.4,1,0,0,0,0,0,0.09237,0.02893,0.03629,0.02222,0.004929,0,0,0,1,37.41,43.18,1,36.48,1,0.9923,0.2813,1,0,0,0
0,141,106.8,65,6h 2m 45s,1.46,2,fieldmask_kl002_e5,Field credit + field KL 0.02,425,39.75,8e-07,134,0.04488,1455,45.81,1d 22h 28m 15s,161.5,162.4,1,0,0,0,0,0,0.03219,0.03491,-0.02046,0.02185,-0.004113,0,0,0,1,38.14,44.08,1,36.01,1,0.8518,0.1833,1,0,0,0
0,149,104.5,65,6h 5m 28s,1.464,2,fieldmask_kl002_e5,Field credit + field KL 0.02,426,87.61,8e-07,135,0.0552,1455,45.81,1d 22h 25m 40s,163,162.4,1,0,0,0,0,0,0.05453,0.03003,0.008618,0.02307,-0.007188,0,0,0,1,38,43.88,1,35.96,1,0.9169,0.1431,1,0,0,0
0,160,103.6,68,6h 8m 17s,1.467,2,fieldmask_kl002_e5,Field credit + field KL 0.02,427,52.81,8e-07,136,0.0292,1455,45.81,1d 22h 23m 49s,168.7,162.5,1,0,0,0,0,0,-0.002882,0.03052,-0.05765,0.02454,-0.000287,0,0,0,1,37.56,43.37,1,35.28,1,0.9127,0.3095,1,0,0,0
0,155,105.6,72,6h 11m 0s,1.471,2,fieldmask_kl002_e5,Field credit + field KL 0.02,428,64.25,8e-07,137,0.07528,1455,45.81,1d 22h 21m 9s,162.5,162.5,1,0,0,0,0,0,0.09782,0.02673,0.04784,0.02185,0.003093,-0.001696,0,0,1,39.16,45.33,1,36.08,1,0.9173,0.1747,1,0.02778,-0.0191,0
0.006944,160,105,64,6h 13m 44s,1.474,2,fieldmask_kl002_e5,Field credit + field KL 0.02,429,45.24,8e-07,138,0.03838,1455,45.81,1d 22h 18m 39s,163.9,162.5,1,0,0,0,0,0,0.103,0.03662,0.04331,0.02161,0.001178,0.0002506,0,0,1,39.24,45.43,1,37.46,1,0.9602,0.2301,1,0.02778,-0.02083,0
0,150,105.9,67,6h 16m 23s,1.478,2,fieldmask_kl002_e5,Field credit + field KL 0.02,430,38.98,8e-07,139,0.06191,1455,45.81,1d 22h 15m 32s,158.7,162.5,1,0,0,0,0,0,0.03364,0.03271,-0.01921,0.02173,-0.001596,0,0,0,1,38,43.9,1,34.63,1,0.8992,0.1062,1,0,0,0
0,140,104.5,71,6h 19m 10s,1.481,2,fieldmask_kl002_e5,Field credit + field KL 0.02,431,49.65,8e-07,140,0.06576,1455,45.81,1d 22h 13m 16s,165.9,162.5,1,0,0,0,0,0,0.03329,0.03198,-0.01647,0.02234,-0.004569,0,0,0,1,37.85,43.72,1,38.31,1,0.989,0.1446,1,0,0,0
0.01389,160,107.2,76,6h 22m 1s,1.485,2,fieldmask_kl002_e5,Field credit + field KL 0.02,432,66.11,8e-07,141,0.06631,1455,45.81,1d 22h 11m 37s,170.9,162.6,1,0,0,0,0,0,0.1019,0.02917,0.05664,0.02161,-0.005483,0,0,0,1,37.78,43.63,1,34.58,1,0.964,0.14,1,0,0,0
0,154,106.5,76,6h 24m 43s,1.488,2,fieldmask_kl002_e5,Field credit + field KL 0.02,433,52.75,8e-07,142,0.09621,1455,45.81,1d 22h 8m 53s,161.2,162.6,1,0,0,0,0,0,0.09016,0.02576,0.03439,0.02454,0.005785,-0.0003114,0,0,1,39.09,45.27,1,34.81,1,0.8782,0.3148,1,0.05556,-0.02083,0
0.01389,160,105.8,70,6h 27m 22s,1.491,2,fieldmask_kl002_e5,Field credit + field KL 0.02,434,57.44,8e-07,143,0.07208,1455,45.81,1d 22h 5m 43s,158.3,162.5,1,0,0,0,-0.001862,0,0.03123,0.03564,-0.01981,0.02161,-0.00249,-0.001862,0,0,1,39.53,45.76,1,35.7,1,0.9523,0.1573,1,0.02778,-0.02778,0.02778
0.01389,160,104.8,73,6h 30m 8s,1.495,2,fieldmask_kl002_e5,Field credit + field KL 0.02,435,55.18,8e-07,144,0.07681,1455,45.81,1d 22h 3m 24s,165.5,162.6,1,0,0,0,0,0,0.07324,0.03687,0.00554,0.02441,0.004597,0.001826,0,0,1,38.43,44.43,1,36.67,1,0.9615,0.1627,1,0.02778,-0.001736,0
0,155,104.8,79,6h 32m 52s,1.498,2,fieldmask_kl002_e5,Field credit + field KL 0.02,436,46.47,7.9e-07,145,0.09901,1455,45.81,1d 22h 0m 53s,163.5,162.6,1,0,0,0,0,0,0.02197,0.03857,-0.03179,0.0238,-0.008996,0.0003758,0,0,1,39.16,45.27,1,36.05,1,0.9459,0.5559,1,0.02778,-0.0191,0
0.006944,160,106,80,6h 35m 31s,1.502,2,fieldmask_kl002_e5,Field credit + field KL 0.02,437,55.9,7.9e-07,146,0.07719,1455,45.81,1d 21h 57m 45s,158.2,162.5,1,0,0,0,0,0,0.07336,0.03088,0.01772,0.02454,0.001495,-0.001278,0,0,1,38.58,44.59,1,34.42,1,0.9193,0.4519,1,0.02778,-0.005208,0
0.006944,160,104.5,79,6h 38m 11s,1.505,2,fieldmask_kl002_e5,Field credit + field KL 0.02,438,66.83,7.9e-07,147,0.08043,1455,45.81,1d 21h 54m 47s,159.7,162.5,1,0,0,0,0,0,0.0737,0.03809,0.002201,0.02466,0.008758,0,0,0,1,37.27,42.95,1,34.36,1,0.9156,0.2728,1,0,0,0
0,158,104.8,69,6h 40m 57s,1.509,2,fieldmask_kl002_e5,Field credit + field KL 0.02,439,82.49,7.9e-07,148,0.1023,1455,45.81,1d 21h 52m 31s,165.5,162.6,1,0,0,0,0,0,0.1972,0.03015,0.143,0.0238,0.001446,-0.001231,0,0,1,39.38,45.56,1,36.78,1,0.9647,0.3118,1,0.02778,-0.02431,0
0,140,103.7,64,6h 43m 41s,1.512,2,fieldmask_kl002_e5,Field credit + field KL 0.02,440,107.3,7.9e-07,149,0.05935,1455,45.81,1d 21h 49m 53s,162.8,162.6,1,0,0,0,0,0,0.05078,0.04248,-0.01418,0.02307,-0.000599,0,0,0,1,37.78,43.57,1,36.36,1,0.9444,0.2589,1,0,0,0
0,149,106.6,69,6h 46m 27s,1.515,2,fieldmask_kl002_e5,Field credit + field KL 0.02,441,46.27,7.9e-07,150,0.07656,1455,45.81,1d 21h 47m 36s,165.8,162.6,1,0,0,0,0,0,0.03468,0.03711,-0.0155,0.02332,-0.008728,-0.001518,0,0,1,38.43,44.39,1,37.01,1,0.9459,0.3407,1,0.02778,-0.001736,0
0.006944,160,105.2,76,6h 49m 11s,1.519,2,fieldmask_kl002_e5,Field credit + field KL 0.02,442,53.41,7.9e-07,151,0.0442,1455,45.81,1d 21h 45m 1s,163.1,162.6,1,0,0,0,0,0,0.1153,0.0332,0.05164,0.02417,0.006282,0,0,0,1,37.78,43.61,1,38.21,1,0.9746,0.1893,1,0,0,0
0.02083,160,106.9,78,6h 51m 51s,1.522,2,fieldmask_kl002_e5,Field credit + field KL 0.02,443,66.15,7.9e-07,152,0.05798,1455,45.81,1d 21h 42m 4s,160.1,162.6,1,0,0,0,-0.0001374,0,-0.004087,0.02966,-0.04865,0.02405,-0.00887,-0.0001374,0,0,1,39.53,45.72,1,33.63,1,0.8904,0.2574,1,0.02778,-0.02778,0.02778
0,146,105.1,77,6h 54m 33s,1.526,2,fieldmask_kl002_e5,Field credit + field KL 0.02,444,47.6,7.9e-07,153,0.1086,1455,45.81,1d 21h 39m 20s,162,162.6,1,0,0,0,0,0,0.0701,0.03113,0.007914,0.02271,0.008352,0,0,0,1,38.36,44.33,1,36.73,1,0.9457,0.4002,1,0,0,0
0,139,104.7,74,6h 57m 12s,1.529,2,fieldmask_kl002_e5,Field credit + field KL 0.02,445,76.35,7.9e-07,154,0.1368,1455,45.81,1d 21h 36m 8s,157.7,162.5,1,0,0,0,0,0,0.2365,0.03857,0.1776,0.02417,-0.003827,0,0,0,1,38,43.9,1,34.06,1,0.9566,0.2752,1,0,0,0
0.006944,160,107.7,72,6h 59m 56s,1.533,2,fieldmask_kl002_e5,Field credit + field KL 0.02,446,63.2,7.9e-07,155,0.06791,1455,45.81,1d 21h 33m 39s,164.1,162.6,1,0,0,0,0,0,0.05465,0.03113,-0.008839,0.02356,0.008805,0,0,0,1,38.21,44.16,1,34.85,1,0.8152,0.2953,1,0,0,0
0.01389,160,106.8,81,7h 2m 38s,1.536,2,fieldmask_kl002_e5,Field credit + field KL 0.02,447,48.62,7.8e-07,156,0.1326,1455,45.81,1d 21h 30m 50s,161,162.5,1,0,0,0,-0.0003154,0,0.1018,0.0376,0.03385,0.02417,0.006849,-0.0003154,0,0,1,39.53,45.78,1,35.96,1,0.9271,0.1462,1,0.02778,-0.02778,0.02778
0,151,106.4,82,7h 5m 19s,1.54,2,fieldmask_kl002_e5,Field credit + field KL 0.02,448,46.89,7.8e-07,157,0.1578,1455,45.81,1d 21h 28m 2s,161.3,162.5,1,0,0,0,0,0,0.07807,0.03345,0.02546,0.02344,-0.004277,0,0,0,1,37.85,43.69,1,37.26,1,0.938,0.2965,1,0,0,0
0,133,101.7,63,7h 8m 4s,1.543,2,fieldmask_kl002_e5,Field credit + field KL 0.02,449,39.52,7.8e-07,158,0.09031,1455,45.81,1d 21h 25m 29s,163.6,162.6,1,0,0,0,0,0,0.1264,0.04126,0.06414,0.02441,-0.003448,0,0,0,1,37.56,43.35,1,34.03,1,0.9629,0.3009,1,0,0,0
0,152,105.6,70,7h 10m 50s,1.546,2,fieldmask_kl002_e5,Field credit + field KL 0.02,450,55.72,7.8e-07,159,0.05688,1455,45.81,1d 21h 23m 13s,166.3,162.6,1,0,0,0,0,0,0.07473,0.03638,0.02382,0.02393,-0.009385,0,0,0,1,38.14,44.08,1,36.12,1,0.9666,0.08772,1,0,0,0
0,159,108.2,74,7h 13m 36s,1.55,2,fieldmask_kl002_e5,Field credit + field KL 0.02,451,82.89,7.8e-07,160,0.08826,1455,45.81,1d 21h 20m 48s,164.7,162.6,1,0,0,0,0,0,0.09377,0.03833,0.02887,0.0249,0.00015,0.001522,0,0,1,38.43,44.43,1,35.14,1,0.8933,0.1753,1,0.02778,-0.001736,0
0,136,105.9,72,7h 16m 17s,1.553,2,fieldmask_kl002_e5,Field credit + field KL 0.02,452,51.94,7.8e-07,161,0.07671,1455,45.81,1d 21h 18m 1s,161.4,162.6,1,0,0,0,0,0,0.01255,0.03271,-0.03996,0.02356,-0.003762,0,0,0,1,37.7,43.53,1,36.24,1,0.9516,0.181,1,0,0,0
0,136,104.7,78,7h 19m 4s,1.557,2,fieldmask_kl002_e5,Field credit + field KL 0.02,453,33.75,7.8e-07,162,0.09789,1455,45.81,1d 21h 15m 46s,166.1,162.6,1,0,0,0,0,0,0.1469,0.04272,0.07357,0.02417,0.006433,0,0,0,1,37.78,43.63,1,35.03,1,0.8487,0.2304,1,0,0,0
0,159,105.2,74,7h 21m 49s,1.56,2,fieldmask_kl002_e5,Field credit + field KL 0.02,454,68.02,7.8e-07,163,0.07609,1455,45.81,1d 21h 13m 13s,162.1,162.6,1,0,0,0,0,0,0.07456,0.03223,0.01633,0.02307,0.00293,0,0,0,1,38.29,44.25,1,34,1,0.9441,0.349,1,0,0,0
0,137,103.3,77,7h 24m 30s,1.564,2,fieldmask_kl002_e5,Field credit + field KL 0.02,455,54.43,7.8e-07,164,0.05921,1455,45.81,1d 21h 10m 21s,158.6,162.6,1,0,0,0,0,0,0.07204,0.03931,0.01573,0.02551,-0.008509,0,0,0,1,37.85,43.73,1,34.85,1,0.9232,0.3041,1,0,0,0
0,141,103.1,76,7h 27m 10s,1.567,2,fieldmask_kl002_e5,Field credit + field KL 0.02,456,46.51,7.8e-07,165,0.08009,1455,45.81,1d 21h 7m 25s,158.8,162.6,1,0,0,0,0,0,0.06543,0.04785,-0.01328,0.02332,0.007538,0,0,0,1,37.7,43.53,1,36.4,1,0.9826,0.1802,1,0,0,0
0,140,104.4,76,7h 29m 51s,1.57,2,fieldmask_kl002_e5,Field credit + field KL 0.02,457,58.44,7.8e-07,166,0.1034,1455,45.81,1d 21h 4m 29s,158.9,162.6,1,0,0,0,0,0,0.1228,0.03198,0.05492,0.02283,0.01306,0,0,0,1,37.48,43.22,1,33.72,1,0.9565,0.09298,1,0,0,0
0,132,103.1,78,7h 32m 34s,1.574,2,fieldmask_kl002_e5,Field credit + field KL 0.02,458,63.47,7.7e-07,167,0.08492,1455,45.81,1d 21h 1m 50s,162.6,162.6,1,0,0,0,0,0,0.03247,0.03784,-0.04111,0.02417,0.01157,0,0,0,1,36.97,42.63,1,36.27,1,0.9282,0.1666,1,0,0,0
0.006944,160,104.9,73,7h 35m 18s,1.577,2,fieldmask_kl002_e5,Field credit + field KL 0.02,459,34.02,7.7e-07,168,0.09441,1455,45.81,1d 20h 59m 17s,161,162.6,1,0,0,0,-8.017e-05,0,0.08091,0.0376,0.009737,0.02295,0.01078,-8.017e-05,0,0,1,39.53,45.76,1,35.62,1,0.9588,0.1241,1,0.02778,-0.02778,0.02778
0,133,102.5,72,7h 37m 57s,1.581,2,fieldmask_kl002_e5,Field credit + field KL 0.02,460,54.53,7.7e-07,169,0.08797,1455,45.81,1d 20h 56m 16s,159,162.6,1,0,0,0,0,0,0.1253,0.04004,0.05765,0.02466,0.002926,0,0,0,1,37.34,43.1,1,35.77,1,0.8922,0.2715,1,0,0,0
0.006944,160,102.5,72,7h 40m 37s,1.584,2,fieldmask_kl002_e5,Field credit + field KL 0.02,461,62.61,7.7e-07,170,0.07439,1455,45.81,1d 20h 53m 15s,159.2,162.6,1,0,0,0,0.002843,0,0.06915,0.03491,0.007544,0.02527,-0.004256,0.002843,0,0,1,39.53,45.81,1,33.87,1,0.9527,0.1762,1,0.02778,-0.02778,0.02778
0,139,101.8,72,7h 43m 20s,1.588,2,fieldmask_kl002_e5,Field credit + field KL 0.02,462,42.96,7.7e-07,171,0.08527,1455,45.81,1d 20h 50m 34s,162.5,162.6,1,0,0,0,0,0,0.09435,0.03394,0.03404,0.02417,0.002211,0,0,0,1,37.34,43.1,1,35.97,1,0.9555,0.2538,1,0,0,0
0,132,100.1,74,7h 46m 2s,1.591,2,fieldmask_kl002_e5,Field credit + field KL 0.02,463,60.38,7.7e-07,172,0.1207,1455,45.81,1d 20h 47m 50s,161.6,162.6,1,0,0,0,0,0,0.06634,0.03613,-0.002919,0.02441,0.008718,0,0,0,1,36.76,42.34,1,34.16,1,0.9668,0.3163,1,0,0,0
0.006944,160,104.2,73,7h 48m 43s,1.595,2,fieldmask_kl002_e5,Field credit + field KL 0.02,464,59.96,7.7e-07,173,0.0768,1455,45.81,1d 20h 44m 57s,160.5,162.6,1,0,0,0,0,0,0.04312,0.04248,-0.04395,0.02405,0.02054,0,0,0,1,38,43.92,1,34.02,1,0.9711,0.1353,1,0,0,0
0.006944,160,104.2,77,7h 51m 25s,1.598,2,fieldmask_kl002_e5,Field credit + field KL 0.02,465,33.92,7.7e-07,174,0.08116,1455,45.81,1d 20h 42m 11s,161.5,162.6,1,0,0,0,0.004606,0,0.05455,0.03931,-0.01579,0.02417,-0.002341,0.004606,0,0,1,39.53,45.76,1,33.81,1,0.9362,0.1296,1,0.02778,-0.02778,0.02778
0,145,105.5,73,7h 54m 6s,1.601,2,fieldmask_kl002_e5,Field credit + field KL 0.02,466,54.73,7.7e-07,175,0.1127,1455,45.81,1d 20h 39m 19s,160.1,162.5,1,0,0,0,0,0,0.1094,0.0376,0.04562,0.02246,0.003733,0,0,0,1,36.68,42.28,1,35.34,1,0.9607,0.2735,1,0,0,0
0.006944,160,103.9,71,7h 56m 45s,1.605,2,fieldmask_kl002_e5,Field credit + field KL 0.02,467,59.56,7.7e-07,176,0.1214,1455,45.81,1d 20h 36m 16s,158.4,162.5,1,0,0,0,0.002854,0,0.08617,0.03369,0.02067,0.02234,0.00422,0.002393,0,0,1,39.53,45.78,1,33.71,1,0.9376,0.2939,1,0.05556,-0.0434,0.02778
0.006944,160,105,77,7h 59m 25s,1.608,2,fieldmask_kl002_e5,Field credit + field KL 0.02,468,43.19,7.7e-07,177,0.08033,1455,45.81,1d 20h 33m 23s,160.2,162.5,1,0,0,0,0.001344,0,0.05072,0.03064,7.52e-05,0.02441,-0.007099,0.001344,0,0,1,39.53,45.76,1,34.76,1,0.9076,0.3545,1,0.02778,-0.02778,0.02778
0,150,106.9,84,8h 2m 7s,1.612,2,fieldmask_kl002_e5,Field credit + field KL 0.02,469,58.96,7.6e-07,178,0.09087,1455,45.81,1d 20h 30m 37s,161.8,162.5,1,0,0,0,0,0,0.03781,0.03345,-0.0007755,0.02197,-0.01475,-0.002089,0,0,1,38.43,44.43,1,35.75,1,0.9023,0.2773,1,0.02778,-0.001736,0
0,145,107.5,73,8h 4m 50s,1.615,2,fieldmask_kl002_e5,Field credit + field KL 0.02,470,54.09,7.6e-07,179,0.077,1455,45.81,1d 20h 27m 59s,162.8,162.5,1,0,0,0,0,0,0.09364,0.04272,0.02983,0.02332,-0.002231,0,0,0,1,38.07,43.92,1,37.78,1,0.9366,0.455,1,0,0,0
0,137,105.6,77,8h 7m 33s,1.619,2,fieldmask_kl002_e5,Field credit + field KL 0.02,471,62.99,7.6e-07,180,0.1024,1455,45.81,1d 20h 25m 19s,162.7,162.5,1,0,0,0,0,0,0.1477,0.05591,0.07154,0.02136,-0.001111,0,0,0,1,37.78,43.65,1,34.91,1,0.8674,0.1846,1,0,0,0
0,156,107.3,74,8h 10m 19s,1.622,2,fieldmask_kl002_e5,Field credit + field KL 0.02,472,74.43,7.6e-07,181,0.1287,1455,45.81,1d 20h 22m 54s,165.2,162.5,1,0,0,0,0,0,0.07488,0.04614,-0.01025,0.02332,0.01567,0,0,0,1,37.85,43.67,1,36.54,1,0.9415,0.2531,1,0,0,0
0,151,104.5,79,8h 13m 4s,1.625,2,fieldmask_kl002_e5,Field credit + field KL 0.02,473,65.77,7.6e-07,182,0.1012,1455,45.81,1d 20h 20m 22s,164.3,162.5,1,0,0,0,0,0,0.09785,0.05127,0.02189,0.02283,0.001868,0,0,0,1,37.27,42.96,1,36.2,1,0.8625,0.3747,1,0,0,0
0,157,104.4,76,8h 15m 45s,1.629,2,fieldmask_kl002_e5,Field credit + field KL 0.02,474,120.3,7.6e-07,183,0.0862,1455,45.81,1d 20h 17m 32s,160.8,162.5,1,0,0,0,0,0,0.05159,0.04443,-0.006316,0.02307,-0.009599,0,0,0,1,36.97,42.65,1,35.42,1,0.9496,0.3714,1,0,0,0
0,157,108.2,76,8h 18m 28s,1.632,2,fieldmask_kl002_e5,Field credit + field KL 0.02,475,64.52,7.6e-07,184,0.07007,1455,45.81,1d 20h 14m 54s,163.1,162.5,1,0,0,0,0,0,0.04271,0.0415,-0.02755,0.02344,0.003912,0.001401,0,0,1,38.43,44.45,1,34.52,1,0.9505,0.3368,1,0.02778,-0.001736,0
0,144,107.4,72,8h 21m 8s,1.636,2,fieldmask_kl002_e5,Field credit + field KL 0.02,476,53.7,7.6e-07,185,0.02453,1455,45.81,1d 20h 11m 55s,159.1,162.5,1,0,0,0,0,0,-0.01956,0.03882,-0.07312,0.02246,-0.007727,0,0,0,1,38.36,44.39,1,34.9,1,0.9479,0.2069,1,0,0,0
0.006944,160,108.9,77,8h 23m 48s,1.639,2,fieldmask_kl002_e5,Field credit + field KL 0.02,477,66.53,7.6e-07,186,0.08864,1455,45.81,1d 20h 8m 60s,159.8,162.5,1,0,0,0,0,0,0.08886,0.0376,0.02861,0.02307,-0.0004205,0,0,0,1,36.97,42.67,1,34.5,1,0.9451,0.2881,1,0,0,0
0,143,105.3,74,8h 26m 24s,1.643,2,fieldmask_kl002_e5,Field credit + field KL 0.02,478,63.85,7.6e-07,187,0.09815,1455,45.81,1d 20h 5m 44s,155.7,162.5,1,0,0,0,0,0,0.09826,0.03979,0.02223,0.02307,0.01317,0,0,0,1,37.63,43.47,1,34.34,1,0.9333,0.2509,1,0,0,0
0,138,107.6,82,8h 29m 10s,1.646,2,fieldmask_kl002_e5,Field credit + field KL 0.02,479,76.3,7.6e-07,188,0.0258,1455,45.81,1d 20h 3m 21s,165.9,162.5,1,0,0,0,0,0,-0.000294,0.03027,-0.05965,0.0238,0.005281,0,0,0,1,37.41,43.16,1,35.02,1,0.8832,0.3687,1,0,0,0
0,145,106.6,67,8h 31m 50s,1.649,2,fieldmask_kl002_e5,Field credit + field KL 0.02,480,69.56,7.5e-07,189,0.05158,1455,45.81,1d 20h 0m 23s,159.1,162.5,1,0,0,0,0,0,0.05688,0.03247,-0.01038,0.02307,0.01172,0,0,0,1,37.63,43.45,1,35.33,1,0.9372,0.2035,1,0,0,0
0,147,110,83,8h 34m 28s,1.653,2,fieldmask_kl002_e5,Field credit + field KL 0.02,481,75.56,7.5e-07,190,0.04694,1455,45.81,1d 19h 57m 19s,158,162.5,1,0,0,0,0,0,0.04848,0.03113,-0.001439,0.02075,-0.001965,0,0,0,1,37.92,43.8,1,33.98,1,0.9368,0.3562,1,0,0,0
0,142,108.7,82,8h 37m 8s,1.656,2,fieldmask_kl002_e5,Field credit + field KL 0.02,482,78.29,7.5e-07,191,0.01977,1455,45.81,1d 19h 54m 26s,160.1,162.5,1,0,0,0,0,0,0.04702,0.03638,-0.01321,0.02307,0.0007842,0,0,0,1,38,43.84,1,37.09,1,0.9733,0.1878,1,0,0,0
0,150,108.3,79,8h 39m 50s,1.66,2,fieldmask_kl002_e5,Field credit + field KL 0.02,483,58.23,7.5e-07,192,0.0546,1455,45.81,1d 19h 51m 40s,161.4,162.4,1,0,0,0,0,0,0.1381,0.03613,0.07599,0.02161,0.005135,-0.0007131,0,0,1,38.65,44.68,1,33.84,1,0.8961,0.2091,1,0.02778,-0.006944,0
0,153,108.9,76,8h 42m 38s,1.663,2,fieldmask_kl002_e5,Field credit + field KL 0.02,484,53.55,7.5e-07,193,0.07357,1455,45.81,1d 19h 49m 24s,167.1,162.5,1,0,0,0,0,0,0.0786,0.02881,0.03005,0.02246,-0.00272,0,0,0,1,37.92,43.8,1,36.04,1,0.9194,0.2185,1,0,0,0
0.006944,160,110,83,8h 45m 25s,1.667,2,fieldmask_kl002_e5,Field credit + field KL 0.02,485,60.3,7.5e-07,194,0.05677,1455,45.81,1d 19h 47m 5s,166.7,162.5,1,0,0,0,0,0,0.04396,0.04126,-0.023,0.02246,0.003242,0,0,0,1,37.34,43.1,1,36.98,1,0.9492,0.2251,1,0,0,0
0.006944,160,108.5,84,8h 48m 6s,1.67,2,fieldmask_kl002_e5,Field credit + field KL 0.02,486,73.59,7.5e-07,195,0.03589,1455,45.81,1d 19h 44m 16s,160.8,162.5,1,0,0,0,-0.001929,0,0.06371,0.0249,0.02192,0.02246,-0.001719,-0.001929,0,0,1,39.53,45.78,1,35.3,1,0.9516,0.4468,1,0.02778,-0.02778,0.02778
0.01389,160,112.3,83,8h 50m 51s,1.674,2,fieldmask_kl002_e5,Field credit + field KL 0.02,487,145,7.5e-07,196,0.06296,1455,45.81,1d 19h 41m 43s,164,162.5,1,0,0,0,-0.001539,0,0.08218,0.02563,0.04279,0.02173,-0.005335,-0.0011,0,0,1,39.53,45.76,1,35,1,0.9402,0.1232,1,0.1111,-0.05903,0.02778
0,149,110.9,80,8h 53m 33s,1.677,2,fieldmask_kl002_e5,Field credit + field KL 0.02,488,92.62,7.5e-07,197,0.06516,1455,45.81,1d 19h 38m 59s,161.4,162.5,1,0,0,0,0,0,0.07037,0.03418,0.006239,0.02173,0.007058,0.001168,0,0,1,38.73,44.8,1,36.58,1,0.9315,0.1971,1,0.02778,-0.008681,0
0,154,111.5,77,8h 56m 14s,1.68,2,fieldmask_kl002_e5,Field credit + field KL 0.02,489,102.2,7.5e-07,198,0.044,1455,45.81,1d 19h 36m 10s,160.6,162.5,1,0,0,0,0,0,0.001628,0.02783,-0.05073,0.02246,0.002063,0,0,0,1,38,43.9,1,34.18,1,0.9272,0.179,1,0,0,0
0,157,112.1,79,8h 58m 54s,1.684,2,fieldmask_kl002_e5,Field credit + field KL 0.02,490,93.61,7.5e-07,199,0.05036,1455,45.81,1d 19h 33m 18s,160,162.5,1,0,0,0,0,0,0.0913,0.03564,0.03178,0.02222,-0.003294,0.004955,0,0,1,38.65,44.7,1,35.18,1,0.986,0.1639,1,0.05556,-0.01042,0
0.006944,160,112.3,78,9h 1m 40s,1.687,2,fieldmask_kl002_e5,Field credit + field KL 0.02,491,80.13,7.4e-07,200,0.05572,1455,45.81,1d 19h 30m 49s,164.9,162.5,1,0,0,0,0,0,0.04823,0.02454,-0.001041,0.02295,0.00488,-0.003097,0,0,1,38.65,44.76,1,35.66,1,0.9267,0.2221,1,0.02778,-0.006944,0
0,149,110.9,83,9h 4m 16s,1.691,2,fieldmask_kl002_e5,Field credit + field KL 0.02,492,105.4,7.4e-07,201,0.06571,1455,45.81,1d 19h 27m 36s,155.9,162.5,1,0,0,0,0,0,0.072,0.03076,0.02095,0.02234,-0.003453,0.001406,0,0,1,38.73,44.78,1,33.91,1,0.9054,0.3513,1,0.05556,-0.01215,0
0.006944,160,110.9,82,9h 6m 57s,1.694,2,fieldmask_kl002_e5,Field credit + field KL 0.02,493,68.31,7.4e-07,202,0.06526,1455,45.81,1d 19h 24m 45s,160.3,162.5,1,0,0,0,0.001188,0,0.08193,0.02441,0.02514,0.02234,0.008849,0,0,0,1,38,43.9,1,35.03,1,0.9371,0.196,1,0,0,0
0,148,108.8,78,9h 9m 43s,1.698,2,fieldmask_kl002_e5,Field credit + field KL 0.02,494,65.72,7.4e-07,203,0.07838,1455,45.81,1d 19h 22m 23s,166.2,162.5,1,0,0,0,0,0,0.03368,0.02026,-0.01006,0.02222,0.0002852,0.0009732,0,0,1,38.65,44.74,1,37.65,1,0.8879,0.3703,1,0.05556,-0.01389,0
0,158,113.9,81,9h 12m 28s,1.701,2,fieldmask_kl002_e5,Field credit + field KL 0.02,495,69.75,7.4e-07,204,0.07724,1455,45.81,1d 19h 19m 50s,162.8,162.5,1,0,0,0,-0.0001752,0,0.07373,0.03613,0.02113,0.02185,-0.00873,0.003522,0,0,1,38.87,44.94,1,34.25,1,0.8156,0.3234,1,0.02778,-0.01215,0
0.006944,160,111.6,69,9h 15m 9s,1.704,2,fieldmask_kl002_e5,Field credit + field KL 0.02,496,83.28,7.4e-07,205,0.03896,1455,45.81,1d 19h 17m 2s,160.9,162.5,1,0,0,0,-0.0001567,0,0.05003,0.02979,-0.005975,0.02405,0.002331,0,0,0,1,37.41,43.16,1,34.52,1,0.8938,0.09254,1,0,0,0
0,157,112.2,76,9h 17m 56s,1.708,2,fieldmask_kl002_e5,Field credit + field KL 0.02,497,122.1,7.4e-07,206,0.07304,1455,45.81,1d 19h 14m 38s,165.9,162.5,1,0,0,0,0,0,0.1011,0.02832,0.04988,0.02295,0.001181,-0.001229,0,0,1,39.02,45.15,1,37.78,1,0.9973,0.2547,1,0.05556,-0.02083,0
0.006944,160,112.2,83,9h 20m 36s,1.711,2,fieldmask_kl002_e5,Field credit + field KL 0.02,498,170.8,7.4e-07,207,0.05227,1455,45.81,1d 19h 11m 47s,160.4,162.5,1,0,0,0,0,0,0.02732,0.03113,-0.03069,0.02307,0.005325,-0.001516,0,0,1,39.02,45.19,1,34.5,1,0.8943,0.2423,1,0.02778,-0.01562,0
0,153,113.5,80,9h 23m 18s,1.715,2,fieldmask_kl002_e5,Field credit + field KL 0.02,499,77.16,7.4e-07,208,0.04849,1455,45.81,1d 19h 9m 1s,161.2,162.5,1,0,0,0,0,0,0.05857,0.02747,0.01326,0.02332,-0.005568,9.27e-05,0,0,1,39.02,45.17,1,33.75,1,0.8971,0.2559,1,0.05556,-0.01736,0
0.006944,160,110.3,81,9h 25m 58s,1.718,2,fieldmask_kl002_e5,Field credit + field KL 0.02,500,97.52,7.4e-07,209,0.04818,1455,45.81,1d 19h 6m 5s,159.2,162.5,1,0,0,0,0,0,0.094,0.02856,0.04519,0.02234,-0.002099,0,0,0,1,37.78,43.67,1,33.42,1,0.9813,0.3267,1,0,0,0
0.006944,160,111.3,83,9h 28m 37s,1.722,2,fieldmask_kl002_e5,Field credit + field KL 0.02,501,152.8,7.3e-07,210,0.04698,1455,45.81,1d 19h 3m 9s,159.1,162.5,1,0,0,0,0,0,0.02939,0.02686,-0.008827,0.02307,-0.01223,0.0005274,0,0,1,38.58,44.61,1,34.72,1,0.8541,0.4515,1,0.02778,-0.005208,0
0.006944,160,113,79,9h 31m 18s,1.725,2,fieldmask_kl002_e5,Field credit + field KL 0.02,502,85.83,7.3e-07,211,0.0559,1455,45.81,1d 19h 0m 18s,160.2,162.5,1,0,0,0,-0.0007086,0,0.1451,0.02942,0.1003,0.02417,-0.007436,-0.0007086,0,0,1,39.53,45.78,1,35.28,1,0.8546,0.2454,1,0.02778,-0.02778,0.02778
0,151,113.3,82,9h 33m 57s,1.729,2,fieldmask_kl002_e5,Field credit + field KL 0.02,503,73.1,7.3e-07,212,0.09063,1455,45.81,1d 18h 57m 21s,158.5,162.4,1,0,0,0,0,0,0.05903,0.03027,0.002287,0.02246,0.004008,0,0,0,1,37.78,43.61,1,31.84,1,0.9802,0.4066,1,0,0,0
0.01389,160,111.4,79,9h 36m 35s,1.732,2,fieldmask_kl002_e5,Field credit + field KL 0.02,504,71.13,7.3e-07,213,0.06363,1455,45.81,1d 18h 54m 21s,158.2,162.4,1,0,0,0,0,0,0.02385,0.0332,-0.03352,0.02246,-0.0005025,0.002213,0,0,1,38.8,44.82,1,32.6,1,0.9099,0.3294,1,0.02778,-0.01042,0
0.02083,160,112.6,78,9h 39m 23s,1.735,2,fieldmask_kl002_e5,Field credit + field KL 0.02,505,58.52,7.3e-07,214,0.09289,1455,45.81,1d 18h 52m 2s,167.4,162.4,1,0,0,0,0,0,0.09816,0.0354,0.03571,0.02246,0.003365,0.001224,0,0,1,38.94,45.01,1,35.3,1,0.8256,0.2435,1,0.02778,-0.01389,0
0.006944,160,110.5,76,9h 42m 1s,1.739,2,fieldmask_kl002_e5,Field credit + field KL 0.02,506,74.04,7.3e-07,215,0.07291,1455,45.81,1d 18h 49m 1s,157.9,162.4,1,0,0,0,0,0,0.04289,0.03198,-0.01069,0.02332,-0.001714,0,0,0,1,38.14,44.04,1,34.36,1,0.9113,0.444,1,0,0,0
0.01389,160,110.3,81,9h 44m 41s,1.742,2,fieldmask_kl002_e5,Field credit + field KL 0.02,507,87.05,7.3e-07,216,0.04684,1455,45.81,1d 18h 46m 9s,159.8,162.4,1,0,0,0,-0.001637,0,0.05869,0.03027,0.02262,0.02295,-0.01509,-0.0004342,0,0,1,39.53,45.72,1,33.31,1,0.8862,0.2993,1,0.02778,-0.02778,0.02778
0,153,110.5,84,9h 47m 21s,1.746,2,fieldmask_kl002_e5,Field credit + field KL 0.02,508,48.05,7.3e-07,217,0.0465,1455,45.81,1d 18h 43m 16s,159.5,162.4,1,0,0,0,0,0,0.03377,0.02966,-0.00644,0.02307,-0.008811,-0.003717,0,0,1,38.87,44.92,1,33.83,1,0.9857,0.3343,1,0.02778,-0.01215,0
0,152,109.3,66,9h 50m 9s,1.749,2,fieldmask_kl002_e5,Field credit + field KL 0.02,509,115.5,7.3e-07,218,0.07513,1455,45.81,1d 18h 40m 54s,166.9,162.4,1,0,0,0,0,0,0.03301,0.02856,-0.02506,0.02295,0.005734,0.0008261,0,0,1,38.94,45.03,1,34.99,1,0.9385,0.3928,1,0.05556,-0.02431,0
0,143,110.2,79,9h 52m 57s,1.753,2,fieldmask_kl002_e5,Field credit + field KL 0.02,510,72.47,7.3e-07,219,0.04906,1455,45.81,1d 18h 38m 35s,167.3,162.4,1,0,0,0,0,0,0.0124,0.02563,-0.03244,0.0238,-0.004604,0,0,0,1,37.41,43.16,1,40.14,1,0.9649,0.3171,1,0,0,0
0,147,106,74,9h 55m 36s,1.756,2,fieldmask_kl002_e5,Field credit + field KL 0.02,511,36.6,7.3e-07,220,0.06779,1455,45.81,1d 18h 35m 41s,159.1,162.4,1,0,0,0,0,0,0.06458,0.0332,0.004236,0.02417,0.00351,-0.0005374,0,0,1,38.58,44.61,1,31.55,1,0.9391,0.1888,1,0.02778,-0.005208,0
0.006944,160,108.6,77,9h 58m 20s,1.759,2,fieldmask_kl002_e5,Field credit + field KL 0.02,512,92.22,7.2e-07,221,0.07925,1455,45.81,1d 18h 33m 4s,160,162.4,1,0,0,0,0.001805,0,0.04832,0.03687,-0.01155,0.02246,-0.003056,0.001797,0,0,1,39.53,45.78,1,33.47,1,0.9182,0.1854,1,0.08333,-0.0434,0.02778
0,138,106.9,76,10h 0m 57s,1.763,2,fieldmask_kl002_e5,Field credit + field KL 0.02,513,55.17,7.2e-07,222,0.04164,1455,45.81,1d 18h 29m 57s,156.1,162.4,1,0,0,0,0,0,-0.001306,0.02844,-0.04391,0.02393,-0.009761,0,0,0,1,37.19,42.9,1,31.9,1,0.8962,0.1306,1,0,0,0
0,153,107.4,78,10h 3m 44s,1.766,2,fieldmask_kl002_e5,Field credit + field KL 0.02,514,35.88,7.2e-07,223,0.09525,1455,45.81,1d 18h 27m 37s,167.3,162.4,1,0,0,0,0,0,0.1036,0.03931,0.04964,0.02271,-0.008006,0,0,0,1,37.78,43.65,1,32.5,1,0.9162,0.2096,1,0,0,0
0,150,105.7,77,10h 6m 26s,1.77,2,fieldmask_kl002_e5,Field credit + field KL 0.02,515,50.52,7.2e-07,224,0.1015,1455,45.81,1d 18h 24m 52s,161.6,162.4,1,0,0,0,0,0,0.1711,0.04028,0.1074,0.02307,0.0003505,0,0,0,1,38.29,44.23,1,32.53,1,0.974,0.3395,1,0,0,0
0,152,106.9,73,10h 9m 6s,1.773,2,fieldmask_kl002_e5,Field credit + field KL 0.02,516,48.22,7.2e-07,225,0.1038,1455,45.81,1d 18h 21m 57s,159.1,162.4,1,0,0,0,0,0,0.06189,0.04321,-0.005219,0.02441,0.001255,-0.001773,0,0,1,38.94,45.05,1,31.34,1,0.935,0.397,1,0.02778,-0.01389,0
0.006944,160,105.9,76,10h 11m 43s,1.777,2,fieldmask_kl002_e5,Field credit + field KL 0.02,517,84.93,7.2e-07,226,0.08341,1455,45.81,1d 18h 18m 55s,157.4,162.4,1,0,0,0,0,0,0.04702,0.03711,-0.02299,0.02271,0.009933,0.0002699,0,0,1,38.8,44.88,1,33.78,1,0.9731,0.1126,1,0.02778,-0.01042,0
0.006944,160,107.7,70,10h 14m 29s,1.78,2,fieldmask_kl002_e5,Field credit + field KL 0.02,518,63.14,7.2e-07,227,0.1343,1455,45.81,1d 18h 16m 27s,165.5,162.4,1,0,0,0,0,0,0.08824,0.0354,0.0232,0.02332,0.006324,0,0,0,1,37.7,43.55,1,33.12,1,0.9303,0.2522,1,0,0,0
0,151,108,76,10h 17m 13s,1.784,2,fieldmask_kl002_e5,Field credit + field KL 0.02,519,63.71,7.2e-07,228,0.1478,1455,45.81,1d 18h 13m 48s,162.8,162.4,1,0,0,0,0,0,0.1946,0.03882,0.1358,0.02222,-0.002253,0,0,0,1,38.07,43.98,1,36.21,1,0.9456,0.2127,1,0,0,0
0,146,109.5,68,10h 19m 56s,1.787,2,fieldmask_kl002_e5,Field credit + field KL 0.02,520,57,7.2e-07,229,0.09138,1455,45.81,1d 18h 11m 10s,162.9,162.4,1,0,0,0,0,0,0.1839,0.06104,0.09982,0.02075,0.00226,0,0,0,1,38.07,43.98,1,33.68,1,0.9554,0.1948,1,0,0,0
0.01389,160,110.2,73,10h 22m 35s,1.79,2,fieldmask_kl002_e5,Field credit + field KL 0.02,521,64.3,7.2e-07,230,0.04531,1455,45.81,1d 18h 8m 13s,158.5,162.4,1,0,0,0,0.000114,0,-0.006163,0.03394,-0.05665,0.02136,-0.007506,0.002578,0,0,1,39.53,45.78,1,34.2,1,0.935,0.2094,1,0.1111,-0.05208,0.02778
0.006944,160,107.9,72,10h 25m 16s,1.794,2,fieldmask_kl002_e5,Field credit + field KL 0.02,522,70.27,7.1e-07,231,0.1669,1455,45.81,1d 18h 5m 24s,160,162.4,1,0,0,0,0,0,0.1725,0.05371,0.0941,0.02246,0.0008254,0.00141,0,0,1,38.58,44.66,1,33.3,1,0.981,0.3529,1,0.05556,-0.008681,0
0.006944,160,111.4,87,10h 27m 55s,1.797,2,fieldmask_kl002_e5,Field credit + field KL 0.02,523,81.01,7.1e-07,232,0.1398,1455,45.81,1d 18h 2m 30s,159,162.4,1,0,0,0,0,0,0.1011,0.03564,0.03076,0.02136,0.01336,0,0,0,1,37.56,43.39,1,32.65,1,0.9864,0.1961,1,0,0,0
0,149,109.9,78,10h 30m 39s,1.801,2,fieldmask_kl002_e5,Field credit + field KL 0.02,524,85,7.1e-07,233,0.1148,1455,45.81,1d 17h 59m 55s,163.7,162.4,1,0,0,0,0,0,0.1537,0.05005,0.08652,0.02222,-0.005053,0,0,0,1,37.41,43.16,1,35.87,1,0.9098,0.5264,1,0,0,0
0.006944,160,115.3,76,10h 33m 24s,1.804,2,fieldmask_kl002_e5,Field credit + field KL 0.02,525,56.56,7.1e-07,234,0.1516,1455,45.81,1d 17h 57m 21s,164.3,162.4,1,0,0,0,0,0,0.2421,0.07178,0.1479,0.02197,0.0005098,0,0,0,1,37.7,43.55,1,32.65,1,0.9478,0.262,1,0,0,0
0,145,111.1,86,10h 36m 4s,1.808,2,fieldmask_kl002_e5,Field credit + field KL 0.02,526,67.5,7.1e-07,235,0.1221,1455,45.81,1d 17h 54m 30s,159.8,162.4,1,0,0,0,0,0,0.1654,0.05371,0.09358,0.02124,-0.003138,0,0,0,1,38,43.92,1,31.98,1,0.9191,0.1211,1,0,0,0
0.006944,160,110.4,82,10h 38m 45s,1.811,2,fieldmask_kl002_e5,Field credit + field KL 0.02,527,59.67,7.1e-07,236,0.1358,1455,45.81,1d 17h 51m 42s,160.1,162.4,1,0,0,0,0,0,0.1318,0.0498,0.05246,0.02185,0.006823,0.0008823,0,0,1,38.51,44.53,1,31.98,1,0.9645,0.3393,1,0.02778,-0.003472,0
0,153,112.2,73,10h 41m 24s,1.814,2,fieldmask_kl002_e5,Field credit + field KL 0.02,528,42.14,7.1e-07,237,0.1414,1455,45.81,1d 17h 48m 45s,158.2,162.4,1,0,0,0,0,0,0.166,0.04688,0.1012,0.02332,-0.005457,0,0,0,1,38.21,44.12,1,32.14,1,0.9285,0.2724,1,0,0,0
0.006944,160,111.3,70,10h 44m 1s,1.818,2,fieldmask_kl002_e5,Field credit + field KL 0.02,529,83.25,7.1e-07,238,0.1422,1455,45.81,1d 17h 45m 42s,156.8,162.4,1,0,0,0,0,0,0.2445,0.05371,0.1653,0.02283,0.003703,-0.001072,0,0,1,38.73,44.8,1,32.01,1,0.9053,0.3198,1,0.02778,-0.008681,0
0.006944,160,111.8,83,10h 46m 39s,1.821,2,fieldmask_kl002_e5,Field credit + field KL 0.02,530,64.07,7.1e-07,239,0.09867,1455,45.81,1d 17h 42m 42s,157.5,162.3,1,0,0,0,0,0,0.1679,0.06592,0.07595,0.02197,0.00458,-0.0005073,0,0,1,38.73,44.78,1,32.9,1,0.944,0.04837,1,0.02778,-0.008681,0
0,147,109.2,70,10h 49m 17s,1.825,2,fieldmask_kl002_e5,Field credit + field KL 0.02,531,50.29,7.1e-07,240,0.1847,1455,45.81,1d 17h 39m 46s,158.2,162.3,1,0,0,0,0,0,0.2114,0.07617,0.1065,0.02222,0.007563,-0.001039,0,0,1,38.58,44.62,1,32.18,1,0.9788,0.1535,1,0.02778,-0.005208,0
0.01389,160,112,76,10h 51m 58s,1.828,2,fieldmask_kl002_e5,Field credit + field KL 0.02,532,68.74,7e-07,241,0.1121,1455,45.81,1d 17h 36m 56s,159.7,162.3,1,0,0,0,0,0,0.1381,0.06104,0.04793,0.02271,0.006429,0,0,0,1,38.14,44.02,1,32.6,1,0.9647,0.1993,1,0,0,0
0,154,107.5,72,10h 54m 37s,1.832,2,fieldmask_kl002_e5,Field credit + field KL 0.02,533,36.23,7e-07,242,0.2046,1455,45.81,1d 17h 34m 3s,159.3,162.3,1,0,0,0,0,0,0.208,0.05225,0.1266,0.02295,0.006226,0,0,0,1,36.68,42.28,1,33.22,1,0.9274,0.2099,1,0,0,0
0.01389,160,112.4,69,10h 57m 18s,1.835,2,fieldmask_kl002_e5,Field credit + field KL 0.02,534,43.73,7e-07,243,0.1564,1455,45.81,1d 17h 31m 13s,159.8,162.3,1,0,0,0,-0.0007173,0,0.1239,0.05151,0.05051,0.02197,0.001378,-0.0007173,0,0,1,39.53,45.76,1,32.75,1,0.9302,0.2114,1,0.02778,-0.02778,0.02778
0,158,108.9,85,10h 59m 56s,1.838,2,fieldmask_kl002_e5,Field credit + field KL 0.02,535,88.1,7e-07,244,0.1584,1455,45.81,1d 17h 28m 16s,158.1,162.3,1,0,0,0,-3.467e-05,0,0.1747,0.03467,0.1062,0.02222,0.01212,-0.0004263,0,0,1,39.38,45.58,1,32.56,1,0.9377,0.3303,1,0.02778,-0.02431,0
0,147,110.9,74,11h 2m 36s,1.842,2,fieldmask_kl002_e5,Field credit + field KL 0.02,536,33.3,7e-07,245,0.1693,1455,45.81,1d 17h 25m 24s,159.3,162.3,1,0,0,0,0,0,0.1398,0.03931,0.07866,0.02307,-0.001213,0,0,0,1,37.78,43.57,1,33.68,1,0.982,0.1849,1,0,0,0
0.006944,160,108.2,73,11h 5m 15s,1.845,2,fieldmask_kl002_e5,Field credit + field KL 0.02,537,50.61,7e-07,246,0.1014,1455,45.81,1d 17h 22m 31s,159,162.3,1,0,0,0,0.002177,0,0.1023,0.05713,0.03187,0.02332,-0.01402,0.001837,0,0,1,39.53,45.76,1,32.69,1,0.9122,0.1167,1,0.05556,-0.02951,0.02778
0,159,105.8,72,11h 7m 56s,1.849,2,fieldmask_kl002_e5,Field credit + field KL 0.02,538,58.84,7e-07,247,0.09036,1455,45.81,1d 17h 19m 42s,160.1,162.2,1,0,0,0,0,0,0.03367,0.0332,-0.03429,0.0238,0.01095,0,0,0,1,37.56,43.36,1,31.93,1,0.8928,0.5716,1,0,0,0
0.006944,160,108.5,69,11h 10m 39s,1.852,2,fieldmask_kl002_e5,Field credit + field KL 0.02,539,105.6,7e-07,248,0.07803,1455,45.81,1d 17h 17m 3s,162.9,162.3,1,0,0,0,0,0,0.1142,0.03857,0.05901,0.02234,-0.005761,0,0,0,1,38.36,44.35,1,33.87,1,0.7964,0.4699,1,0,0,0
0,159,107.8,68,11h 13m 18s,1.856,2,fieldmask_kl002_e5,Field credit + field KL 0.02,540,73.19,7e-07,249,0.09338,1455,45.81,1d 17h 14m 10s,158.8,162.2,1,0,0,0,0,0,0.09603,0.03687,0.02318,0.02332,0.01266,0,0,0,1,37.63,43.47,1,34.02,1,0.9712,0.4069,1,0,0,0
0,150,107.9,66,11h 15m 58s,1.859,2,fieldmask_kl002_e5,Field credit + field KL 0.02,541,102.4,7e-07,250,0.06722,1455,45.81,1d 17h 11m 18s,159.3,162.2,1,0,0,0,0,0,0.1315,0.02979,0.06231,0.02185,0.01752,0,0,0,1,37.12,42.81,1,33.25,1,0.8779,0.3814,1,0,0,0
0,149,108.5,70,11h 18m 47s,1.863,2,fieldmask_kl002_e5,Field credit + field KL 0.02,542,62.19,6.9e-07,251,0.08056,1455,45.81,1d 17h 9m 4s,166.3,162.3,1,0,0,0,0,0,0.07625,0.04468,0.01652,0.02307,-0.008018,0,0,0,1,37.12,42.81,1,38.6,1,0.9625,0.3533,1,0,0,0
0,152,107.5,70,11h 21m 33s,1.866,2,fieldmask_kl002_e5,Field credit + field KL 0.02,543,32.2,6.9e-07,252,0.1141,1455,45.81,1d 17h 6m 35s,165.3,162.3,1,0,0,0,0,0,0.1469,0.03516,0.09276,0.02441,-0.005411,0,0,0,1,37.56,43.33,1,35.02,1,0.9109,0.5363,1,0,0,0
0,152,107.6,69,11h 24m 20s,1.869,2,fieldmask_kl002_e5,Field credit + field KL 0.02,544,109.7,6.9e-07,253,0.08024,1455,45.81,1d 17h 4m 8s,165.6,162.3,1,0,0,0,0,0,0.008038,0.02942,-0.04273,0.02197,0.0003346,-0.0009604,0,0,1,38.94,45.01,1,37.47,1,0.9905,0.3318,1,0.02778,-0.01389,0
0,135,106.8,80,11h 26m 59s,1.873,2,fieldmask_kl002_e5,Field credit + field KL 0.02,545,93.05,6.9e-07,254,0.06353,1455,45.81,1d 17h 1m 16s,159.2,162.3,1,0,0,0,0,0,0.1191,0.03638,0.05962,0.02344,-0.0002973,0,0,0,1,37.7,43.53,1,33.99,1,0.9861,0.258,1,0,0,0
0,155,109.7,80,11h 29m 42s,1.876,2,fieldmask_kl002_e5,Field credit + field KL 0.02,546,76.75,6.9e-07,255,0.1279,1455,45.81,1d 16h 58m 34s,161.7,162.3,1,0,0,0,0,0,0.1836,0.0459,0.1081,0.02271,0.007987,-0.001095,0,0,1,39.02,45.13,1,35.41,1,0.9816,0.2322,1,0.02778,-0.01562,0
0,132,106.4,78,11h 32m 23s,1.88,2,fieldmask_kl002_e5,Field credit + field KL 0.02,547,44.01,6.9e-07,256,0.1035,1455,45.81,1d 16h 55m 48s,161,162.3,1,0,0,0,0,0,0.04286,0.03857,-0.01403,0.02356,-0.005246,0,0,0,1,37.19,42.92,1,35.66,1,0.9414,0.6393,1,0,0,0
0,148,108.1,75,11h 35m 8s,1.883,2,fieldmask_kl002_e5,Field credit + field KL 0.02,548,79.08,6.9e-07,257,0.0807,1455,45.81,1d 16h 53m 13s,163.9,162.3,1,0,0,0,0,0,0.1014,0.0354,0.0426,0.02295,0.000463,0,0,0,1,37.7,43.55,1,37,1,0.9566,0.04797,1,0,0,0
0.006944,160,106.7,80,11h 37m 48s,1.887,2,fieldmask_kl002_e5,Field credit + field KL 0.02,549,53.55,6.9e-07,258,0.04016,1455,45.81,1d 16h 50m 24s,160.1,162.3,1,0,0,0,0,0,-0.002838,0.03015,-0.0542,0.02197,-0.0007608,0,0,0,1,37.34,43.1,1,35.21,1,0.9134,0.2165,1,0,0,0
0,137,109.8,79,11h 40m 33s,1.89,2,fieldmask_kl002_e5,Field credit + field KL 0.02,550,76.19,6.9e-07,259,0.06147,1455,45.81,1d 16h 47m 53s,165.1,162.3,1,0,0,0,0,0,0.03439,0.03369,-0.03576,0.02222,0.01424,0,0,0,1,37.85,43.75,1,35.93,1,0.9163,0.3482,1,0,0,0
0,146,107.4,84,11h 43m 20s,1.893,2,fieldmask_kl002_e5,Field credit + field KL 0.02,551,99.09,6.9e-07,260,0.108,1455,45.81,1d 16h 45m 25s,165.8,162.3,1,0,0,0,0,0,0.1492,0.03369,0.08272,0.02246,0.01031,0,0,0,1,38.29,44.27,1,34.33,1,0.94,0.2528,1,0,0,0
0,137,109.3,69,11h 45m 57s,1.897,2,fieldmask_kl002_e5,Field credit + field KL 0.02,552,47.04,6.8e-07,261,0.09324,1455,45.81,1d 16h 42m 27s,157.4,162.3,1,0,0,0,0,0,0.0635,0.03857,0.01003,0.02185,-0.006957,0,0,0,1,37.78,43.65,1,35.07,1,0.9626,0.3817,1,0,0,0
0,151,108.4,82,11h 48m 40s,1.9,2,fieldmask_kl002_e5,Field credit + field KL 0.02,553,71.65,6.8e-07,262,0.1211,1455,45.81,1d 16h 39m 46s,162.3,162.3,1,0,0,0,0,0,0.1093,0.03857,0.05233,0.02283,-0.004414,0,0,0,1,37.19,42.85,1,33.92,1,0.821,0.1905,1,0,0,0
0,138,106.3,74,11h 51m 33s,1.904,2,fieldmask_kl002_e5,Field credit + field KL 0.02,554,75.35,6.8e-07,263,0.06903,1455,45.81,1d 16h 37m 40s,165,162.3,1,0,0,0,0,0,0.09394,0.0354,0.0294,0.02283,0.006321,0,0,0,1,37.78,43.63,1,35.68,1,0.9757,0.4428,1,0,0,0
0.006944,160,105.9,70,11h 54m 21s,1.907,2,fieldmask_kl002_e5,Field credit + field KL 0.02,555,63.91,6.8e-07,264,0.1034,1455,45.81,1d 16h 35m 16s,166,162.4,1,0,0,0,0,0,0.1679,0.04321,0.09833,0.02246,0.004894,-0.0009923,0,0,1,38.94,45,1,35.05,1,0.9747,0.3143,1,0.02778,-0.01389,0
0,146,105.6,77,11h 57m 4s,1.911,2,fieldmask_kl002_e5,Field credit + field KL 0.02,556,43.73,6.8e-07,265,0.1288,1455,45.81,1d 16h 32m 37s,162.8,162.4,1,0,0,0,0,0,0.001726,0.03442,-0.05232,0.02283,-0.003203,0,0,0,1,37.05,42.67,1,34.74,1,0.9083,0.3056,1,0,0,0
0,129,105.9,72,11h 59m 42s,1.914,2,fieldmask_kl002_e5,Field credit + field KL 0.02,557,83.01,6.8e-07,266,0.08297,1455,45.81,1d 16h 29m 39s,157.4,162.3,1,0,0,0,0,0,0.1835,0.04395,0.1218,0.02271,-0.00503,0,0,0,1,36.97,42.59,1,33.66,1,0.9431,0.5107,1,0,0,0
0,142,106.8,71,12h 2m 27s,1.918,2,fieldmask_kl002_e5,Field credit + field KL 0.02,558,48.46,6.8e-07,267,0.1039,1455,45.81,1d 16h 27m 6s,165,162.3,1,0,0,0,0,0,0.02825,0.04126,-0.0291,0.02344,-0.007346,0,0,0,1,38,43.88,1,35.49,1,0.9117,0.3592,1,0,0,0
0,139,105.6,72,12h 5m 10s,1.921,2,fieldmask_kl002_e5,Field credit + field KL 0.02,559,50.21,6.8e-07,268,0.1554,1455,45.81,1d 16h 24m 27s,163,162.4,1,0,0,0,0,0,0.1428,0.06396,0.05878,0.02185,-0.001815,0,0,0,1,36.83,42.42,1,35.08,1,0.9685,0.08744,1,0,0,0
0,143,107,76,12h 7m 55s,1.924,2,fieldmask_kl002_e5,Field credit + field KL 0.02,560,124.3,6.8e-07,269,0.1089,1455,45.81,1d 16h 21m 52s,163.9,162.4,1,0,0,0,0,0,0.01239,0.06128,-0.07064,0.02344,-0.00168,0,0,0,1,37.27,42.98,1,34.6,1,0.9827,0.1667,1,0,0,0
0,155,107.3,75,12h 10m 43s,1.928,2,fieldmask_kl002_e5,Field credit + field KL 0.02,561,71.7,6.8e-07,270,0.14,1455,45.81,1d 16h 19m 28s,167.7,162.4,1,0,0,0,0,0,0.2331,0.05933,0.15,0.02161,0.002198,0,0,0,1,38.14,44.02,1,35.03,1,0.9185,0.3641,1,0,0,0
0,143,107.9,81,12h 13m 26s,1.931,2,fieldmask_kl002_e5,Field credit + field KL 0.02,562,85.4,6.7e-07,271,0.08585,1455,45.81,1d 16h 16m 48s,162.6,162.4,1,0,0,0,0,0,0.1107,0.04395,0.04315,0.02271,0.0008817,0,0,0,1,37.92,43.82,1,34.78,1,0.9183,0.1778,1,0,0,0
0.006944,160,106.8,80,12h 16m 6s,1.935,2,fieldmask_kl002_e5,Field credit + field KL 0.02,563,46.1,6.7e-07,272,0.1365,1455,45.81,1d 16h 13m 57s,159.5,162.4,1,0,0,0,0,0,0.06696,0.04712,-0.004153,0.02332,0.0006814,0,0,0,1,37.19,42.95,1,34.56,1,0.9094,0.3317,1,0,0,0
0,145,110.2,82,12h 18m 50s,1.938,2,fieldmask_kl002_e5,Field credit + field KL 0.02,564,63.54,6.7e-07,273,0.1447,1455,45.81,1d 16h 11m 23s,164.5,162.4,1,0,0,0,0,0,0.2101,0.07617,0.1075,0.02197,0.004423,0,0,0,1,37.19,42.93,1,36.08,1,0.9655,0.07771,1,0,0,0
0,138,106.7,80,12h 21m 33s,1.942,2,fieldmask_kl002_e5,Field credit + field KL 0.02,565,53.69,6.7e-07,274,0.12,1455,45.81,1d 16h 8m 41s,162,162.4,1,0,0,0,0,0,0.1744,0.05322,0.09593,0.02307,0.002189,0,0,0,1,37.34,43.08,1,34.89,1,0.9645,0.149,1,0,0,0
0,143,106.5,80,12h 24m 21s,1.945,2,fieldmask_kl002_e5,Field credit + field KL 0.02,566,158.6,6.7e-07,275,0.1784,1455,45.81,1d 16h 6m 16s,167.3,162.4,1,0,0,0,0,0,0.1556,0.05469,0.08785,0.02393,-0.01087,0,0,0,1,38.29,44.25,1,37.32,1,0.8885,0.3527,1,0,0,0
0,142,107.1,78,12h 27m 2s,1.948,2,fieldmask_kl002_e5,Field credit + field KL 0.02,567,119.7,6.7e-07,276,0.08712,1455,45.81,1d 16h 3m 30s,160.7,162.4,1,0,0,0,0,0,0.03642,0.03564,-0.01852,0.02307,-0.003775,0,0,0,1,37.56,43.36,1,34.34,1,0.9629,0.2868,1,0,0,0
0,152,108.5,78,12h 29m 46s,1.952,2,fieldmask_kl002_e5,Field credit + field KL 0.02,568,41.12,6.7e-07,277,0.08671,1455,45.81,1d 16h 0m 52s,163,162.4,1,0,0,0,0,0,0.1284,0.05176,0.04823,0.02307,0.00859,-0.003289,0,0,1,38.94,45.05,1,35.38,1,0.9492,0.4446,1,0.02778,-0.01389,0
0,138,108.1,64,12h 32m 29s,1.955,2,fieldmask_kl002_e5,Field credit + field KL 0.02,569,107.4,6.7e-07,278,0.09307,1455,45.81,1d 15h 58m 11s,162.2,162.4,1,0,0,0,0,0,0.000428,0.03589,-0.05253,0.0238,-0.006733,0,0,0,1,37.92,43.78,1,34.28,1,0.9692,0.4446,1,0,0,0
0,141,107.3,71,12h 35m 11s,1.959,2,fieldmask_kl002_e5,Field credit + field KL 0.02,570,74.84,6.7e-07,279,0.1469,1455,45.81,1d 15h 55m 28s,161.5,162.4,1,0,0,0,0,0,0.2022,0.05469,0.1207,0.02283,0.003929,0,0,0,1,37.41,43.18,1,33.77,1,0.9942,0.4352,1,0,0,0
0,148,109.6,85,12h 37m 55s,1.962,2,fieldmask_kl002_e5,Field credit + field KL 0.02,571,63.11,6.7e-07,280,0.09493,1455,45.81,1d 15h 52m 52s,163.8,162.4,1,0,0,0,0,0,0.02277,0.03809,-0.03313,0.02344,-0.005623,0,0,0,1,37.92,43.74,1,35.57,1,0.9926,0.1671,1,0,0,0
0,139,108,70,12h 40m 37s,1.966,2,fieldmask_kl002_e5,Field credit + field KL 0.02,572,89.3,6.6e-07,281,0.04728,1455,45.81,1d 15h 50m 8s,161.5,162.4,1,0,0,0,0,0,0.09121,0.04272,0.03008,0.02332,-0.004912,0,0,0,1,38,43.88,1,35.15,1,0.9758,0.4977,1,0,0,0
0,152,107.8,72,12h 43m 16s,1.969,2,fieldmask_kl002_e5,Field credit + field KL 0.02,573,50.97,6.6e-07,282,0.05652,1455,45.81,1d 15h 47m 15s,159,162.4,1,0,0,0,0,0,0.0608,0.03369,0.003757,0.02417,-0.000822,0,0,0,1,37.85,43.73,1,34.81,1,0.7657,0.4948,1,0,0,0
0,144,108.9,73,12h 46m 4s,1.973,2,fieldmask_kl002_e5,Field credit + field KL 0.02,574,38.16,6.6e-07,283,0.1235,1455,45.81,1d 15h 44m 51s,167.8,162.4,1,0,0,0,0,0,0.1729,0.03784,0.1186,0.02246,-0.006016,0,0,0,1,37.7,43.53,1,35.36,1,0.9166,0.3507,1,0,0,0
0.006944,160,110.5,85,12h 48m 46s,1.976,2,fieldmask_kl002_e5,Field credit + field KL 0.02,575,78.31,6.6e-07,284,0.08934,1455,45.81,1d 15h 42m 5s,160.5,162.4,1,0,0,0,0,0,0.04798,0.04468,-0.01918,0.02246,2.482e-05,0,0,0,1,38.36,44.29,1,35.23,1,0.9351,0.2925,1,0,0,0
0,157,112.8,87,12h 51m 29s,1.979,2,fieldmask_kl002_e5,Field credit + field KL 0.02,576,64.46,6.6e-07,285,0.06664,1455,45.81,1d 15h 39m 25s,163.1,162.4,1,0,0,0,0,0,0.08632,0.03711,0.02624,0.02185,0.00112,0,0,0,1,37.63,43.45,1,35.85,1,0.9766,0.2907,1,0,0,0
0,145,112.7,70,12h 54m 15s,1.983,2,fieldmask_kl002_e5,Field credit + field KL 0.02,577,93.81,6.6e-07,286,0.04512,1455,45.81,1d 15h 36m 53s,164.8,162.4,1,0,0,0,0,0,-0.01945,0.0354,-0.06647,0.021,-0.009378,0,0,0,1,37.7,43.51,1,34.95,1,0.9218,0.182,1,0,0,0
0,151,114.4,85,12h 56m 58s,1.986,2,fieldmask_kl002_e5,Field credit + field KL 0.02,578,43.54,6.6e-07,287,0.09409,1455,45.81,1d 15h 34m 14s,163.2,162.4,1,0,0,0,0,0,0.08162,0.03516,0.01993,0.02234,0.005803,-0.001616,0,0,1,38.58,44.61,1,33.21,1,0.9122,0.4504,1,0.02778,-0.005208,0
0,144,109.7,73,12h 59m 37s,1.99,2,fieldmask_kl002_e5,Field credit + field KL 0.02,579,78.5,6.6e-07,288,0.06566,1455,45.81,1d 15h 31m 19s,157.9,162.4,1,0,0,0,0,0,0.1019,0.0376,0.03665,0.02356,0.00411,0,0,0,1,37.7,43.53,1,33.84,1,0.9406,0.4962,1,0,0,0
0,155,108.9,81,13h 2m 14s,1.993,2,fieldmask_kl002_e5,Field credit + field KL 0.02,580,94.75,6.6e-07,289,0.08094,1455,45.81,1d 15h 28m 20s,156.1,162.4,1,0,0,0,0,0,0.106,0.03223,0.04505,0.02344,0.004095,0.001184,0,0,1,39.16,45.27,1,32.68,1,0.9403,0.4864,1,0.02778,-0.0191,0
0,146,111.9,82,13h 4m 54s,1.997,2,fieldmask_kl002_e5,Field credit + field KL 0.02,581,57.75,6.6e-07,290,0.0657,1455,45.81,1d 15h 25m 33s,160.6,162.4,1,0,0,0,0,0,0.04665,0.03394,-0.01556,0.02283,0.003396,0.002043,0,0,1,38.51,44.51,1,33.63,1,0.9831,0.1875,1,0.02778,-0.003472,0
0.006944,160,110.7,81,13h 7m 36s,2,2,fieldmask_kl002_e5,Field credit + field KL 0.02,582,80.96,6.5e-07,291,0.04034,1455,45.81,1d 15h 22m 49s,160.7,162.4,1,0,0,0,0,0,-0.0008226,0.03088,-0.06053,0.02405,0.00478,0,0,0,1,37.7,43.57,1,32.37,1,0.9362,0.3296,1,0,0,0
0,157,111,81,3m 19s,2.003,3,fieldmask_kl002_e5,Field credit + field KL 0.02,583,67.36,6.5e-07,1,0.1064,1455,44.69,2d 0h 18m 17s,199.1,199.4,1,0,0,0,0,0,0.09614,0.0332,0.04818,0.02197,-0.006634,-0.0005855,0,0,1,38.71,44.69,1,34.7,1,0.8919,0.2487,1,0.02778,-0.008681,0
0,153,113.8,82,6m 7s,2.007,3,fieldmask_kl002_e5,Field credit + field KL 0.02,584,46.76,6.5e-07,2,0.07726,1455,45.13,1d 20h 23m 44s,165.8,183.5,1,0,0,0,0,0,0.09612,0.04028,0.03232,0.02295,-0.0007805,0.001344,0,0,1,39.02,45.13,1,36.98,1,0.8968,0.1447,1,0.02778,-0.01562,0
0,153,112.7,87,8m 49s,2.01,3,fieldmask_kl002_e5,Field credit + field KL 0.02,585,98.62,6.5e-07,3,0.02717,1455,45.13,1d 18h 38m 46s,162.2,176.5,1,0,0,0,0,0,0.05606,0.03003,0.01045,0.02136,-0.00318,-0.002599,0,0,1,39.02,45.09,1,36.07,1,0.9596,0.2064,1,0.08333,-0.0191,0
0.006944,160,111.6,72,11m 28s,2.014,3,fieldmask_kl002_e5,Field credit + field KL 0.02,586,46.85,6.5e-07,4,0.08549,1455,45.13,1d 17h 31m 28s,158.5,172,1,0,0,0,0,0,0.07449,0.03247,0.01519,0.02283,0.004,0,0,0,1,37.7,43.51,1,33.03,1,0.883,0.3982,1,0,0,0
0.02083,160,112.1,82,14m 8s,2.017,3,fieldmask_kl002_e5,Field credit + field KL 0.02,587,74.97,6.5e-07,5,0.08672,1455,45.78,1d 16h 54m 41s,160.1,169.7,1,0,0,0,0.002101,0,0.049,0.03369,-0.0007388,0.02197,-0.008986,0.0009616,0,0,1,39.53,45.78,1,34.31,1,0.9103,0.4388,1,0.05556,-0.04688,0.02778
0.006944,160,113.2,76,16m 54s,2.021,3,fieldmask_kl002_e5,Field credit + field KL 0.02,588,64.62,6.5e-07,6,0.09748,1455,45.78,1d 16h 42m 24s,165.5,169,1,0,0,0,0,0,0.1084,0.04224,0.05277,0.02234,-0.01159,0.002636,0,0,1,39.53,45.76,1,35.1,1,0.9354,0.1824,1,0.08333,-0.05556,0.02778
0,150,113.5,86,19m 40s,2.024,3,fieldmask_kl002_e5,Field credit + field KL 0.02,589,106,6.5e-07,7,0.09782,1455,45.78,1d 16h 32m 58s,165.6,168.6,1,0,0,0,0,0,0.1386,0.03784,0.07623,0.02246,0.000464,0.00163,0,0,1,38.8,44.88,1,37.03,1,0.9564,0.4008,1,0.02778,-0.01042,0
0.01389,160,114.9,71,22m 21s,2.027,3,fieldmask_kl002_e5,Field credit + field KL 0.02,590,85.94,6.5e-07,8,0.07502,1455,45.78,1d 16h 15m 51s,160.4,167.6,1,0,0,0,0,0,0.0809,0.03931,0.01853,0.02356,-0.0004977,0,0,0,1,37.92,43.74,1,35.42,1,0.9197,0.2297,1,0,0,0
0,143,114,89,25m 7s,2.031,3,fieldmask_kl002_e5,Field credit + field KL 0.02,591,47.75,6.5e-07,9,0.08253,1455,45.78,1d 16h 10m 28s,165.7,167.4,1,0,0,0,0,0,0.1046,0.03345,0.04385,0.02136,0.005983,0,0,0,1,38.29,44.23,1,34.06,1,0.9341,0.2984,1,0,0,0
0,158,112.7,79,27m 46s,2.034,3,fieldmask_kl002_e5,Field credit + field KL 0.02,592,45.18,6.4e-07,10,0.09822,1455,45.78,1d 15h 56m 59s,159.7,166.6,1,0,0,0,0,0,0.1571,0.03223,0.1077,0.02124,-0.001839,-0.002148,0,0,1,38.8,44.84,1,33.86,1,0.9402,0.04711,1,0.02778,-0.01042,0
0.006944,160,112.8,73,30m 29s,2.038,3,fieldmask_kl002_e5,Field credit + field KL 0.02,593,82.43,6.4e-07,11,0.07132,1455,45.78,1d 15h 48m 50s,162.3,166.3,1,0,0,0,0,0,0.06996,0.03369,0.01961,0.02356,-0.006906,0,0,0,1,37.92,43.76,1,32.86,1,0.9715,0.4302,1,0,0,0
0,146,113.3,74,33m 17s,2.041,3,fieldmask_kl002_e5,Field credit + field KL 0.02,594,88.89,6.4e-07,12,0.06504,1455,45.78,1d 15h 47m 53s,167.6,166.4,1,0,0,0,0,0,0.08918,0.0332,0.04599,0.02283,-0.01284,0,0,0,1,38.36,44.31,1,33.54,1,0.9687,0.3336,1,0,0,0
0.006944,160,112.9,82,35m 58s,2.045,3,fieldmask_kl002_e5,Field credit + field KL 0.02,595,38.16,6.4e-07,13,0.1029,1455,45.78,1d 15h 38m 56s,160.6,166,1,0,0,0,0,0,0.05107,0.0332,-0.007152,0.02185,0.002312,0.0008527,0,0,1,39.38,45.54,1,34.12,1,0.9683,0.1112,1,0.02778,-0.02431,0
0,151,112.6,78,38m 39s,2.048,3,fieldmask_kl002_e5,Field credit + field KL 0.02,596,59.44,6.4e-07,14,0.06627,1455,45.78,1d 15h 31m 38s,161.3,165.7,1,0,0,0,0,0,0.1665,0.03369,0.1036,0.02173,0.007546,0,0,0,1,38.07,44,1,34.23,1,0.8552,0.4434,1,0,0,0
0.006944,160,112.7,80,41m 20s,2.052,3,fieldmask_kl002_e5,Field credit + field KL 0.02,597,59.24,6.4e-07,15,0.06758,1455,45.78,1d 15h 23m 57s,160.2,165.3,1,0,0,0,0,0,0.04116,0.03833,-0.01937,0.02222,-2.366e-05,0,0,0,1,37.48,43.28,1,33.82,1,0.9115,0.2946,1,0,0,0
0.006944,160,111.2,80,44m 4s,2.055,3,fieldmask_kl002_e5,Field credit + field KL 0.02,598,69.1,6.4e-07,16,0.06681,1455,45.78,1d 15h 20m 13s,164,165.2,1,0,0,0,0,0,0.03996,0.02783,0.0008116,0.02307,-0.01176,0,0,0,1,38.14,44.06,1,34.49,1,0.9845,0.3816,1,0,0,0
0,154,110.7,68,46m 49s,2.058,3,fieldmask_kl002_e5,Field credit + field KL 0.02,599,39.24,6.4e-07,17,0.07146,1455,45.78,1d 15h 16m 59s,164.4,165.2,1,0,0,0,0,0,0.07091,0.02783,0.02437,0.02234,-0.003633,0,0,0,1,37.92,43.74,1,34.25,1,0.8883,0.2231,1,0,0,0
0,155,111,76,49m 36s,2.062,3,fieldmask_kl002_e5,Field credit + field KL 0.02,600,59.4,6.4e-07,18,0.06791,1455,45.78,1d 15h 15m 50s,167,165.3,1,0,0,0,0,0,0.02405,0.02917,-0.0209,0.02307,-0.007295,0,0,0,1,37.85,43.71,1,38.17,1,0.949,0.2073,1,0,0,0
0.006944,160,108.4,78,52m 19s,2.065,3,fieldmask_kl002_e5,Field credit + field KL 0.02,601,100.3,6.3e-07,19,0.06463,1455,45.78,1d 15h 11m 18s,162.7,165.2,1,0,0,0,0.00256,0,0.03186,0.03491,-0.02991,0.02173,6.03e-06,0.00256,0,0,1,39.53,45.72,1,34.55,1,0.9209,0.5419,1,0.02778,-0.02778,0.02778
0,143,110.4,77,54m 59s,2.069,3,fieldmask_kl002_e5,Field credit + field KL 0.02,602,43.95,6.3e-07,20,0.07036,1455,45.78,1d 15h 5m 21s,160.5,165,1,0,0,0,0,0,0.07668,0.04102,0.0211,0.02173,-0.007163,0,0,0,1,38.29,44.23,1,34.92,1,0.9571,0.2866,1,0,0,0
0,145,110.3,79,57m 42s,2.072,3,fieldmask_kl002_e5,Field credit + field KL 0.02,603,74.41,6.3e-07,21,0.03214,1455,45.78,1d 15h 0m 48s,162.1,164.8,1,0,0,0,0,0,0.01705,0.03467,-0.03986,0.02185,0.0003927,0,0,0,1,37.78,43.57,1,34.82,1,0.9213,0.282,1,0,0,0
0,154,112.2,72,1h 0m 24s,2.076,3,fieldmask_kl002_e5,Field credit + field KL 0.02,604,56.62,6.3e-07,22,0.06067,1455,45.78,1d 14h 56m 41s,162.5,164.7,1,0,0,0,0,0,0.1242,0.03442,0.07282,0.02283,-0.004321,-0.001599,0,0,1,39.09,45.23,1,35.52,1,0.9528,0.1206,1,0.02778,-0.01736,0
0,156,111.3,73,1h 3m 15s,2.079,3,fieldmask_kl002_e5,Field credit + field KL 0.02,605,39.61,6.3e-07,23,0.06731,1455,45.78,1d 14h 57m 33s,170.4,165,1,0,0,0,0,0,-0.0002658,0.03979,-0.06734,0.02185,0.00387,0.001562,0,0,1,39.24,45.43,1,36.31,1,0.9645,0.2995,1,0.02778,-0.02083,0
0,153,111.4,78,1h 5m 57s,2.082,3,fieldmask_kl002_e5,Field credit + field KL 0.02,606,62.23,6.3e-07,24,0.0816,1455,45.78,1d 14h 52m 42s,161.2,164.9,1,0,0,0,0,0,0.1462,0.03638,0.07609,0.02173,0.01197,0,0,0,1,37.27,42.94,1,34.85,1,0.9711,0.3553,1,0,0,0
0.006944,160,109.1,77,1h 8m 41s,2.086,3,fieldmask_kl002_e5,Field credit + field KL 0.02,607,60.39,6.3e-07,25,0.1119,1455,45.78,1d 14h 49m 41s,164.1,164.8,1,0,0,0,0,0,0.04619,0.03784,-0.02255,0.02344,0.007463,0,0,0,1,37.48,43.24,1,36.28,1,0.9363,0.5062,1,0,0,0
0.006944,160,109.2,84,1h 11m 26s,2.089,3,fieldmask_kl002_e5,Field credit + field KL 0.02,608,46.52,6.3e-07,26,0.0783,1455,45.78,1d 14h 47m 3s,164.8,164.8,1,0,0,0,-0.000698,0,0.04134,0.03174,-0.009484,0.02185,-0.001366,-0.000698,0,0,1,39.53,45.72,1,33.37,1,0.9373,0.3164,1,0.02778,-0.02778,0.02778
0,145,111.5,84,1h 14m 17s,2.093,3,fieldmask_kl002_e5,Field credit + field KL 0.02,609,42,6.3e-07,27,0.08259,1455,45.78,1d 14h 47m 46s,171.3,165.1,1,0,0,0,0,0,0.1064,0.03857,0.04415,0.02234,-0.001015,0.002369,0,0,1,38.43,44.37,1,36.34,1,0.98,0.1076,1,0.02778,-0.001736,0
0,139,106.6,75,1h 16m 58s,2.096,3,fieldmask_kl002_e5,Field credit + field KL 0.02,610,57.37,6.3e-07,28,0.1047,1455,45.78,1d 14h 42m 37s,160.1,164.9,1,0,0,0,0,0,0.07532,0.03809,0.01303,0.02222,0.001982,0,0,0,1,37.19,42.92,1,33.76,1,0.8434,0.4329,1,0,0,0
0,146,109,81,1h 19m 45s,2.1,3,fieldmask_kl002_e5,Field credit + field KL 0.02,611,71.36,6.2e-07,29,0.07306,1455,45.78,1d 14h 41m 8s,167.3,165,1,0,0,0,0,0,0.034,0.03809,-0.02698,0.02161,0.001289,0,0,0,1,37.48,43.28,1,35.13,1,0.9713,0.09559,1,0,0,0
0,144,107.1,85,1h 22m 28s,2.103,3,fieldmask_kl002_e5,Field credit + field KL 0.02,612,133.7,6.2e-07,30,0.06795,1455,45.78,1d 14h 37m 20s,162.5,164.9,1,0,0,0,0,0,0.06616,0.03833,0.007433,0.02185,-0.001452,0,0,0,1,37.48,43.24,1,36.99,1,0.9584,0.4683,1,0,0,0
0,145,106.5,77,1h 25m 14s,2.107,3,fieldmask_kl002_e5,Field credit + field KL 0.02,613,75.32,6.2e-07,31,0.05027,1455,45.78,1d 14h 35m 9s,165.9,165,1,0,0,0,0,0,0.04737,0.0354,-0.006259,0.02185,-0.00362,0,0,0,1,37.85,43.67,1,34,1,0.979,0.2889,1,0,0,0
0,148,108.2,85,1h 27m 55s,2.11,3,fieldmask_kl002_e5,Field credit + field KL 0.02,614,61.15,6.2e-07,32,0.03907,1455,45.78,1d 14h 30m 43s,160.9,164.9,1,0,0,0,0,0,0.0272,0.02466,-0.0268,0.02295,0.006392,0,0,0,1,37.7,43.47,1,34.26,1,0.9774,0.4554,1,0,0,0
0,151,105.4,70,1h 30m 38s,2.113,3,fieldmask_kl002_e5,Field credit + field KL 0.02,615,62.56,6.2e-07,33,0.0842,1455,45.78,1d 14h 26m 57s,162.2,164.8,1,0,0,0,0,0,0.09671,0.03198,0.04607,0.02332,-0.004655,0,0,0,1,37.27,43,1,37.03,1,0.9379,0.3321,1,0,0,0
0,147,103.5,79,1h 33m 20s,2.117,3,fieldmask_kl002_e5,Field credit + field KL 0.02,616,65.23,6.2e-07,34,0.05813,1455,45.78,1d 14h 23m 15s,162.2,164.7,1,0,0,0,0,0,0.05682,0.03687,0.005661,0.0238,-0.009508,0,0,0,1,37.63,43.45,1,33.23,1,0.9428,0.4027,1,0,0,0
0,134,104.2,77,1h 36m 1s,2.12,3,fieldmask_kl002_e5,Field credit + field KL 0.02,617,129.4,6.2e-07,35,0.05076,1455,45.78,1d 14h 19m 6s,160.9,164.6,1,0,0,0,0,0,0.02689,0.03564,-0.02866,0.02271,-0.002803,0,0,0,1,37.63,43.43,1,34.23,1,0.9083,0.2201,1,0,0,0
0,152,106.8,78,1h 38m 43s,2.124,3,fieldmask_kl002_e5,Field credit + field KL 0.02,618,107.7,6.2e-07,36,0.05952,1455,45.78,1d 14h 15m 14s,161.5,164.5,1,0,0,0,0,0,0.09044,0.03125,0.0276,0.02283,0.008765,0,0,0,1,37.34,43.08,1,35,1,0.9647,0.4463,1,0,0,0
0,132,104.7,79,1h 41m 23s,2.127,3,fieldmask_kl002_e5,Field credit + field KL 0.02,619,57.48,6.2e-07,37,0.08838,1455,45.78,1d 14h 10m 51s,159.9,164.4,1,0,0,0,0,0,0.0532,0.03394,0.004193,0.02295,-0.007874,0,0,0,1,37.12,42.83,1,36.54,1,0.9855,0.1131,1,0,0,0
0,140,104.2,69,1h 44m 6s,2.131,3,fieldmask_kl002_e5,Field credit + field KL 0.02,620,73.94,6.2e-07,38,0.0352,1455,45.78,1d 14h 7m 33s,162.7,164.4,1,0,0,0,0,0,-0.02804,0.03223,-0.08153,0.02246,-0.001191,0,0,0,1,38,43.92,1,36.22,1,0.9535,0.3781,1,0,0,0
0,138,104,82,1h 46m 50s,2.134,3,fieldmask_kl002_e5,Field credit + field KL 0.02,621,114.7,6.1e-07,39,0.03218,1455,45.78,1d 14h 4m 36s,163.5,164.4,1,0,0,0,0,0,0.04048,0.03418,-0.01458,0.02234,-0.001455,0,0,0,1,36.97,42.69,1,33.24,1,0.9335,0.3668,1,0,0,0
0,136,101.3,70,1h 49m 32s,2.137,3,fieldmask_kl002_e5,Field credit + field KL 0.02,622,41.42,6.1e-07,40,0.07981,1455,45.78,1d 14h 1m 9s,162.1,164.3,1,0,0,0,0,0,0.07112,0.03198,0.008679,0.02283,0.007629,0,0,0,1,36.9,42.51,1,35.62,1,0.9166,0.4435,1,0,0,0
0,135,105.9,78,1h 52m 15s,2.141,3,fieldmask_kl002_e5,Field credit + field KL 0.02,623,44.56,6.1e-07,41,0.05439,1455,45.78,1d 13h 57m 52s,162.5,164.3,1,0,0,0,0,0,0.09634,0.03809,0.03452,0.02173,0.002005,0,0,0,1,37.48,43.26,1,34.95,1,0.8811,0.2804,1,0,0,0
0,134,102,82,1h 54m 60s,2.144,3,fieldmask_kl002_e5,Field credit + field KL 0.02,624,52.58,6.1e-07,42,0.05118,1455,45.78,1d 13h 55m 14s,164.4,164.3,1,0,0,0,0,0,0.02953,0.03442,-0.02675,0.02234,-0.0004844,0,0,0,1,37.63,43.45,1,36.1,1,0.9786,0.2769,1,0,0,0
0.006944,160,102.3,72,1h 57m 39s,2.148,3,fieldmask_kl002_e5,Field credit + field KL 0.02,625,78.96,6.1e-07,43,0.07287,1455,45.78,1d 13h 51m 2s,159.5,164.2,1,0,0,0,0,0,0.06805,0.0376,0.008234,0.02173,0.0004904,0,0,0,1,37.78,43.61,1,33.74,1,0.8934,0.3551,1,0,0,0
0,137,104.5,75,2h 0m 22s,2.151,3,fieldmask_kl002_e5,Field credit + field KL 0.02,626,69.6,6.1e-07,44,0.04529,1455,45.78,1d 13h 47m 52s,162.6,164.1,1,0,0,0,0,0,0.04759,0.0354,-0.006362,0.02246,-0.003907,0,0,0,1,37.85,43.71,1,34.99,1,0.9358,0.3058,1,0,0,0
0,139,104.6,72,2h 3m 11s,2.155,3,fieldmask_kl002_e5,Field credit + field KL 0.02,627,94.21,6.1e-07,45,0.06694,1455,45.78,1d 13h 46m 31s,168.4,164.2,1,0,0,0,0,0,0.1035,0.03198,0.04416,0.02295,0.004398,0,0,0,1,37.19,42.91,1,34.36,1,0.9198,0.5123,1,0,0,0
0,133,102,75,2h 5m 56s,2.158,3,fieldmask_kl002_e5,Field credit + field KL 0.02,628,52.09,6.1e-07,46,0.04189,1455,45.78,1d 13h 44m 5s,165.1,164.3,1,0,0,0,0,0,0.01655,0.03296,-0.02655,0.02283,-0.01269,0,0,0,1,37.56,43.32,1,34.56,1,0.9688,0.1087,1,0,0,0
0.006944,160,102.4,66,2h 8m 38s,2.162,3,fieldmask_kl002_e5,Field credit + field KL 0.02,629,65.26,6.1e-07,47,0.064,1455,45.78,1d 13h 40m 47s,162.1,164.2,1,0,0,0,0.001841,0,0.0739,0.02625,0.01611,0.02246,0.005409,0.001841,0,0,1,39.53,45.74,1,33.51,1,0.9218,0.2194,1,0.02778,-0.02778,0.02778
0,144,105.4,75,2h 11m 22s,2.165,3,fieldmask_kl002_e5,Field credit + field KL 0.02,630,98.88,6e-07,48,0.03004,1455,45.78,1d 13h 37m 58s,163.8,164.2,1,0,0,0,0,0,0.03168,0.03113,-0.01407,0.02197,-0.007348,0,0,0,1,37.63,43.41,1,34.85,1,0.941,0.3787,1,0,0,0
0,147,103.9,67,2h 14m 6s,2.168,3,fieldmask_kl002_e5,Field credit + field KL 0.02,631,89.7,6e-07,49,0.04729,1455,45.78,1d 13h 35m 2s,163.3,164.2,1,0,0,0,0,0,0.02002,0.02063,-0.01486,0.02197,-0.007718,0,0,0,1,37.12,42.79,1,36.48,1,0.9489,0.1864,1,0,0,0
0,142,105.5,78,2h 16m 51s,2.172,3,fieldmask_kl002_e5,Field credit + field KL 0.02,632,62.93,6e-07,50,0.04244,1455,45.78,1d 13h 32m 26s,164.4,164.2,1,0,0,0,0,0,0.05873,0.03076,0.008691,0.02295,-0.003674,0,0,0,1,37.12,42.79,1,33.65,1,0.981,0.1388,1,0,0,0
0,137,104.5,66,2h 19m 38s,2.175,3,fieldmask_kl002_e5,Field credit + field KL 0.02,633,169.5,6e-07,51,0.006428,1455,45.78,1d 13h 30m 39s,167.5,164.3,1,0,0,0,0,0,0.03857,0.02808,-0.01236,0.02185,0.001009,0,0,0,1,37.85,43.69,1,35.06,1,0.9451,0.07309,1,0,0,0
0,140,104.5,79,2h 22m 30s,2.179,3,fieldmask_kl002_e5,Field credit + field KL 0.02,634,96.3,6e-07,52,0.06075,1455,45.78,1d 13h 29m 47s,171.1,164.4,1,0,0,0,0,0,0.0827,0.03223,0.03601,0.02246,-0.008003,0,0,0,1,38.07,43.94,1,36.04,1,0.9167,0.3196,1,0,0,0
0,147,103.5,74,2h 25m 14s,2.182,3,fieldmask_kl002_e5,Field credit + field KL 0.02,635,78.73,6e-07,53,0.003649,1455,45.78,1d 13h 27m 4s,164.3,164.4,1,0,0,0,0,0,-0.01221,0.03687,-0.06083,0.02197,-0.009219,-0.001002,0,0,1,38.58,44.58,1,35.59,1,0.9636,0.1375,1,0.02778,-0.005208,0
0,129,103.3,80,2h 27m 55s,2.186,3,fieldmask_kl002_e5,Field credit + field KL 0.02,636,68.29,6e-07,54,0.05516,1455,45.78,1d 13h 23m 29s,160.8,164.4,1,0,0,0,0,0,0.06517,0.02905,-8.863e-05,0.02222,0.01399,0,0,0,1,36.97,42.61,1,34.1,1,0.969,0.1664,1,0,0,0
0,159,103.4,77,2h 30m 45s,2.189,3,fieldmask_kl002_e5,Field credit + field KL 0.02,637,98.64,6e-07,55,0.03964,1455,45.78,1d 13h 22m 5s,169.5,164.5,1,0,0,0,0,0,0.03803,0.02136,-0.01352,0.02222,0.007977,0,0,0,1,36.17,41.64,1,38.38,1,0.8919,0.3946,1,0,0,0
0,135,103.5,75,2h 33m 30s,2.192,3,fieldmask_kl002_e5,Field credit + field KL 0.02,638,36.38,6e-07,56,0.06982,1455,45.78,1d 13h 19m 30s,164.8,164.5,1,0,0,0,0,0,0.03895,0.02905,-0.01832,0.0238,0.004413,0,0,0,1,37.34,43.1,1,34.5,1,0.9081,0.2049,1,0,0,0
0,135,104.1,71,2h 36m 12s,2.196,3,fieldmask_kl002_e5,Field credit + field KL 0.02,639,99.92,5.9e-07,57,0.04065,1455,45.78,1d 13h 16m 11s,161.8,164.4,1,0,0,0,0,0,0.06847,0.03113,0.01649,0.02185,-0.001001,0,0,0,1,37.63,43.45,1,35.86,1,0.9143,0.2171,1,0,0,0
0,134,104.8,80,2h 38m 57s,2.199,3,fieldmask_kl002_e5,Field credit + field KL 0.02,640,76.59,5.9e-07,58,0.004762,1455,45.78,1d 13h 13m 30s,164,164.4,1,0,0,0,0,0,0.06373,0.02454,0.01858,0.0238,-0.003192,0,0,0,1,37.05,42.73,1,33.61,1,0.9468,0.1216,1,0,0,0
0,138,104.5,78,2h 41m 38s,2.203,3,fieldmask_kl002_e5,Field credit + field KL 0.02,641,87.65,5.9e-07,59,0.0489,1455,45.78,1d 13h 9m 53s,160.4,164.4,1,0,0,0,0,0,0.1026,0.03418,0.04523,0.02222,0.0009478,0,0,0,1,37.92,43.82,1,38.54,1,0.9761,0.2263,1,0,0,0
0,137,105.4,83,2h 44m 17s,2.206,3,fieldmask_kl002_e5,Field credit + field KL 0.02,642,83.63,5.9e-07,60,0.05213,1455,45.78,1d 13h 5m 58s,158.8,164.3,1,0,0,0,0,0,0.1126,0.02393,0.06732,0.02271,-0.001383,0,0,0,1,37.34,43.14,1,35.01,1,0.9935,0.2575,1,0,0,0
0,141,107.1,70,2h 47m 1s,2.21,3,fieldmask_kl002_e5,Field credit + field KL 0.02,643,58.71,5.9e-07,61,0.06051,1455,45.78,1d 13h 3m 14s,164,164.3,1,0,0,0,0,0,0.01519,0.02063,-0.02665,0.02332,-0.002098,0,0,0,1,37.63,43.45,1,37.4,1,0.9591,0.2008,1,0,0,0
0,135,103.7,77,2h 49m 45s,2.213,3,fieldmask_kl002_e5,Field credit + field KL 0.02,644,100.9,5.9e-07,62,0.05932,1455,45.78,1d 13h 0m 32s,164.2,164.3,1,0,0,0,0,0,0.007781,0.02686,-0.04031,0.02271,-0.001465,0,0,0,1,37.27,43,1,33.29,1,0.9671,0.3974,1,0,0,0
0,140,103.8,67,2h 52m 31s,2.216,3,fieldmask_kl002_e5,Field credit + field KL 0.02,645,90.46,5.9e-07,63,0.01779,1455,45.78,1d 12h 58m 9s,165.7,164.3,1,0,0,0,0,0,0.0323,0.02124,-0.0004066,0.02271,-0.01124,0,0,0,1,37.41,43.16,1,34.97,1,0.953,0.2943,1,0,0,0
0,141,105,81,2h 55m 16s,2.22,3,fieldmask_kl002_e5,Field credit + field KL 0.02,646,164.4,5.9e-07,64,0.04247,1455,45.78,1d 12h 55m 24s,164,164.3,1,0,0,0,0,0,0.08852,0.02942,0.04089,0.02441,-0.006203,0,0,0,1,38,43.9,1,34.09,1,0.9546,0.1664,1,0,0,0
0,143,105.5,79,2h 57m 57s,2.223,3,fieldmask_kl002_e5,Field credit + field KL 0.02,647,75.01,5.9e-07,65,0.03207,1455,45.78,1d 12h 52m 1s,160.8,164.3,1,0,0,0,0,0,0.03258,0.02551,-0.0131,0.02271,-0.002541,0,0,0,1,38.07,44,1,33.68,1,0.9273,0.05496,1,0,0,0
0,138,103.8,78,3h 0m 36s,2.227,3,fieldmask_kl002_e5,Field credit + field KL 0.02,648,116.4,5.9e-07,66,0.07232,1455,45.78,1d 12h 48m 12s,158.6,164.2,1,0,0,0,0,0,0.1155,0.02441,0.07397,0.02246,-0.005337,0,0,0,1,37.34,43.06,1,33.19,1,0.9546,0.5999,1,0,0,0
0,138,105.9,71,3h 3m 20s,2.23,3,fieldmask_kl002_e5,Field credit + field KL 0.02,649,62.63,5.8e-07,67,0.05942,1455,45.78,1d 12h 45m 28s,163.9,164.2,1,0,0,0,0,0,0.06525,0.03223,0.01434,0.02295,-0.00426,0,0,0,1,36.9,42.51,1,36.54,1,0.9641,0.1049,1,0,0,0
0,141,105.5,77,3h 6m 1s,2.234,3,fieldmask_kl002_e5,Field credit + field KL 0.02,650,104.8,5.8e-07,68,0.09047,1455,45.78,1d 12h 42m 1s,160.3,164.1,1,0,0,0,0,0,0.1357,0.02783,0.08879,0.02173,-0.002652,0,0,0,1,37.48,43.3,1,33.62,1,0.9851,0.2008,1,0,0,0
0,133,103.7,76,3h 8m 41s,2.237,3,fieldmask_kl002_e5,Field credit + field KL 0.02,651,67.57,5.8e-07,69,0.01857,1455,45.78,1d 12h 38m 32s,159.6,164.1,1,0,0,0,0,0,-0.02231,0.03833,-0.08166,0.02405,-0.00303,0,0,0,1,37.19,42.9,1,35.63,1,0.9858,0.3098,1,0,0,0
0,135,105.4,78,3h 11m 21s,2.241,3,fieldmask_kl002_e5,Field credit + field KL 0.02,652,86.66,5.8e-07,70,0.04309,1455,45.78,1d 12h 35m 9s,160.4,164,1,0,0,0,0,0,0.02201,0.02734,-0.01838,0.02405,-0.011,0,0,0,1,37.12,42.77,1,33.49,1,0.9815,0.2238,1,0,0,0
0,128,103.6,78,3h 14m 1s,2.244,3,fieldmask_kl002_e5,Field credit + field KL 0.02,653,55,5.8e-07,71,0.02493,1455,45.78,1d 12h 31m 37s,159.6,164,1,0,0,0,0,0,-0.04888,0.02856,-0.09446,0.02405,-0.007028,0,0,0,1,36.9,42.51,1,35.35,1,0.9774,0.2292,1,0,0,0
0,133,104.2,82,3h 16m 44s,2.247,3,fieldmask_kl002_e5,Field credit + field KL 0.02,654,180.6,5.8e-07,72,0.04658,1455,45.78,1d 12h 28m 36s,162.2,163.9,1,0,0,0,0,0,-0.03091,0.02295,-0.07982,0.02344,0.002518,0,0,0,1,36.9,42.49,1,34.77,1,0.9106,0.2346,1,0,0,0
0,138,106.8,82,3h 19m 25s,2.251,3,fieldmask_kl002_e5,Field credit + field KL 0.02,655,93.81,5.8e-07,73,0.06728,1455,45.78,1d 12h 25m 28s,161.6,163.9,1,0,0,0,0.0006111,0,0.08651,0.02734,0.03051,0.02332,0.004736,0,0,0,1,36.54,42.09,1,33.09,1,0.7654,0.2744,1,0,0,0
0,135,103.7,78,3h 22m 10s,2.254,3,fieldmask_kl002_e5,Field credit + field KL 0.02,656,88.46,5.8e-07,74,0.05787,1455,45.78,1d 12h 22m 48s,164,163.9,1,0,0,0,0,0,0.0715,0.02844,0.008004,0.02234,0.01271,0,0,0,1,36.83,42.4,1,33.63,1,0.8225,0.1499,1,0,0,0
0.006944,160,106.9,85,3h 24m 56s,2.258,3,fieldmask_kl002_e5,Field credit + field KL 0.02,657,101.2,5.8e-07,75,0.06717,1455,45.78,1d 12h 20m 26s,165.7,163.9,1,0,0,0,0,0,0.09558,0.02405,0.04485,0.0238,0.002371,0.0004999,0,0,1,38.73,44.72,1,35.67,1,0.8828,0.1726,1,0.02778,-0.008681,0
0,149,105.2,63,3h 27m 45s,2.261,3,fieldmask_kl002_e5,Field credit + field KL 0.02,658,92.61,5.7e-07,76,0.08506,1455,45.78,1d 12h 18m 33s,168.6,164,1,0,0,0,0,0,0.001867,0.02197,-0.02919,0.02234,-0.01326,0,0,0,1,38.07,43.98,1,36.73,1,0.9321,0.3885,1,0,0,0
0,141,106.3,79,3h 30m 28s,2.265,3,fieldmask_kl002_e5,Field credit + field KL 0.02,659,63.64,5.7e-07,77,0.05092,1455,45.78,1d 12h 15m 40s,162.9,164,1,0,0,0,0,0,0.02347,0.02771,-0.0206,0.02295,-0.006589,0,0,0,1,38.14,44.06,1,34.8,1,0.9594,0.2637,1,0,0,0
0,134,104.7,82,3h 33m 11s,2.268,3,fieldmask_kl002_e5,Field credit + field KL 0.02,660,82.63,5.7e-07,78,0.03786,1455,45.78,1d 12h 12m 49s,163.1,164,1,0,0,0,0,0,-0.006346,0.02356,-0.05128,0.02356,-0.002182,0,0,0,1,37.12,42.75,1,35.73,1,0.9389,0.3275,1,0,0,0
0,145,105,76,3h 35m 52s,2.271,3,fieldmask_kl002_e5,Field credit + field KL 0.02,661,83.21,5.7e-07,79,0.04989,1455,45.78,1d 12h 9m 32s,160.5,163.9,1,0,0,0,0,0,0.03033,0.02771,-0.02654,0.02307,0.005841,0.0002475,0,0,1,38.43,44.41,1,34.96,1,0.9045,0.1467,1,0.02778,-0.001736,0
0,138,106.8,74,3h 38m 50s,2.275,3,fieldmask_kl002_e5,Field credit + field KL 0.02,662,49.32,5.7e-07,80,0.07494,1455,45.78,1d 12h 9m 6s,177.6,164.1,1,0,0,0,0,0,0.0001503,0.02515,-0.04608,0.02441,-0.00333,0,0,0,1,37.92,43.78,1,45.07,1,0.8411,0.2953,1,0,0,0
0,143,106.2,79,3h 41m 32s,2.278,3,fieldmask_kl002_e5,Field credit + field KL 0.02,663,60.26,5.7e-07,81,0.06491,1455,45.78,1d 12h 6m 8s,162.4,164.1,1,0,0,0,0,0,0.08457,0.02002,0.03832,0.02332,0.002914,0,0,0,1,37.63,43.41,1,34.04,1,0.9347,0.1071,1,0,0,0
0,142,105.7,72,3h 44m 14s,2.282,3,fieldmask_kl002_e5,Field credit + field KL 0.02,664,48.03,5.7e-07,82,0.07294,1455,45.78,1d 12h 3m 4s,161.9,164.1,1,0,0,0,0,0,0.1178,0.02295,0.08288,0.02332,-0.01139,0,0,0,1,37.7,43.47,1,34.71,1,0.944,0.2402,1,0,0,0
0,134,103.3,75,3h 46m 54s,2.285,3,fieldmask_kl002_e5,Field credit + field KL 0.02,665,159.1,5.7e-07,83,0.04889,1455,45.78,1d 11h 59m 37s,159.3,164,1,0,0,0,0,0,0.04633,0.03174,-0.0122,0.02332,0.003478,0,0,0,1,37.63,43.43,1,30.82,1,0.9629,0.522,1,0,0,0
0,145,108.7,81,3h 49m 35s,2.289,3,fieldmask_kl002_e5,Field credit + field KL 0.02,666,43.89,5.7e-07,84,0.07887,1455,45.78,1d 11h 56m 22s,160.6,164,1,0,0,0,0,0,0.1069,0.02625,0.0607,0.02283,-0.002831,0,0,0,1,38.29,44.25,1,32.59,1,0.9773,0.2712,1,0,0,0
0,139,107.2,83,3h 52m 15s,2.292,3,fieldmask_kl002_e5,Field credit + field KL 0.02,667,81.9,5.7e-07,85,0.1195,1455,45.78,1d 11h 53m 4s,160,163.9,1,0,0,0,0,0,0.07528,0.02625,0.03476,0.02197,-0.007705,0,0,0,1,37.78,43.59,1,32.3,1,0.9659,0.2136,1,0,0,0
0,135,107,82,3h 54m 54s,2.296,3,fieldmask_kl002_e5,Field credit + field KL 0.02,668,53.28,5.6e-07,86,0.1078,1455,45.78,1d 11h 49m 38s,159.1,163.9,1,0,0,0,0,0,0.1587,0.01807,0.1154,0.02307,0.00219,0,0,0,1,37.7,43.49,1,32,1,0.9628,0.1259,1,0,0,0
0.006944,160,107.2,77,3h 57m 32s,2.299,3,fieldmask_kl002_e5,Field credit + field KL 0.02,669,67.56,5.6e-07,87,0.0613,1455,45.78,1d 11h 46m 3s,158.1,163.8,1,0,0,0,0,0,0.1044,0.02441,0.05156,0.02307,0.005386,0,0,0,1,37.63,43.39,1,31.58,1,0.7897,0.348,1,0,0,0
0,140,107.1,77,4h 0m 10s,2.302,3,fieldmask_kl002_e5,Field credit + field KL 0.02,670,81.38,5.6e-07,88,0.08239,1455,45.78,1d 11h 42m 22s,157.2,163.7,1,0,0,0,0,0,0.09616,0.02673,0.0564,0.02332,-0.0103,0,0,0,1,38.07,43.96,1,31.42,1,0.9101,0.4224,1,0,0,0
0,147,108.9,69,4h 2m 49s,2.306,3,fieldmask_kl002_e5,Field credit + field KL 0.02,671,98.5,5.6e-07,89,0.06819,1455,45.78,1d 11h 38m 55s,158.6,163.7,1,0,0,0,0.0005945,0,-0.002103,0.02637,-0.04634,0.02344,-0.007464,0.001305,0,0,1,38.58,44.61,1,31.8,1,0.9577,0.4585,1,0.05556,-0.008681,0
0,157,109.8,86,4h 5m 32s,2.309,3,fieldmask_kl002_e5,Field credit + field KL 0.02,672,55,5.6e-07,90,0.0217,1455,45.78,1d 11h 36m 9s,163.2,163.7,1,0,0,0,0,0,0.01542,0.02246,-0.02591,0.02197,-0.003106,0,0,0,1,37.92,43.79,1,32.01,1,0.9805,0.4029,1,0,0,0
0,139,109.9,86,4h 8m 14s,2.313,3,fieldmask_kl002_e5,Field credit + field KL 0.02,673,106.2,5.6e-07,91,0.038,1455,45.78,1d 11h 33m 13s,162,163.7,1,0,0,0,0,0,0.03029,0.02246,-0.01341,0.02197,-0.0007331,0,0,0,1,38,43.9,1,30.42,1,0.9171,0.1848,1,0,0,0
0,138,109.4,80,4h 10m 54s,2.316,3,fieldmask_kl002_e5,Field credit + field KL 0.02,674,111,5.6e-07,92,0.02561,1455,45.78,1d 11h 29m 53s,159.2,163.6,1,0,0,0,0,0,0.01679,0.02026,-0.02387,0.0238,-0.003402,0,0,0,1,37.34,43.08,1,31.5,1,0.9194,0.3333,1,0,0,0
0,146,109.8,82,4h 13m 34s,2.32,3,fieldmask_kl002_e5,Field credit + field KL 0.02,675,56.64,5.6e-07,93,0.1154,1455,45.78,1d 11h 26m 45s,160.5,163.6,1,0,0,0,0,0,0.1532,0.02625,0.107,0.02307,-0.003153,0,0,0,1,37.34,43.04,1,33.52,1,0.9799,0.1519,1,0,0,0
0,141,108.5,75,4h 16m 13s,2.323,3,fieldmask_kl002_e5,Field credit + field KL 0.02,676,48.61,5.6e-07,94,0.03752,1455,45.78,1d 11h 23m 18s,158.1,163.5,1,0,0,0,0,0,0.04082,0.03369,-0.01495,0.02283,-0.0007556,0,0,0,1,38.07,43.94,1,31.37,1,0.9672,0.192,1,0,0,0
0.006944,160,110.4,81,4h 18m 58s,2.326,3,fieldmask_kl002_e5,Field credit + field KL 0.02,677,43.46,5.5e-07,95,0.05319,1455,45.78,1d 11h 20m 51s,165.4,163.6,1,0,0,0,-0.001998,0,0.02533,0.02405,-0.02163,0.02307,0.00384,-0.001998,0,0,1,39.53,45.78,1,34.88,1,0.9304,0.2033,1,0.02778,-0.02778,0.02778
0,152,109.3,82,4h 21m 37s,2.33,3,fieldmask_kl002_e5,Field credit + field KL 0.02,678,61.92,5.5e-07,96,0.1049,1455,45.78,1d 11h 17m 25s,158.1,163.5,1,0,0,0,0,0,0.2159,0.0249,0.1652,0.02283,0.002928,0,0,0,1,38.21,44.13,1,31.19,1,0.9738,0.104,1,0,0,0
0,138,109.1,85,4h 24m 17s,2.333,3,fieldmask_kl002_e5,Field credit + field KL 0.02,679,49.11,5.5e-07,97,0.06662,1455,45.78,1d 11h 14m 13s,159.7,163.5,1,0,0,0,0,0,0.04415,0.02734,-0.014,0.02405,0.006756,0,0,0,1,37.56,43.39,1,32.36,1,0.907,0.2855,1,0,0,0
0,151,110.3,74,4h 26m 57s,2.337,3,fieldmask_kl002_e5,Field credit + field KL 0.02,680,94.64,5.5e-07,98,0.0233,1455,45.78,1d 11h 11m 6s,160.2,163.4,1,0,0,0,0,0,0.07021,0.01917,0.02479,0.02246,0.003667,0.0001305,0,0,1,38.87,44.94,1,32.42,1,0.971,0.1173,1,0.02778,-0.01215,0
0.006944,160,108.2,84,4h 29m 34s,2.34,3,fieldmask_kl002_e5,Field credit + field KL 0.02,681,86.33,5.5e-07,99,0.03875,1455,45.78,1d 11h 7m 33s,156.9,163.4,1,0,0,0,0,0,-0.01965,0.02197,-0.0709,0.02417,0.005114,0,0,0,1,37.85,43.75,1,31.67,1,0.977,0.1901,1,0,0,0
0,150,109,72,4h 32m 14s,2.344,3,fieldmask_kl002_e5,Field credit + field KL 0.02,682,38.12,5.5e-07,100,0.09441,1455,45.78,1d 11h 4m 25s,159.9,163.3,1,0,0,0,0,0,0.1088,0.02466,0.06754,0.02405,-0.007307,-0.0001575,0,0,1,38.8,44.84,1,31.69,1,0.9568,0.4177,1,0.02778,-0.01042,0
0,155,109.3,81,4h 34m 52s,2.347,3,fieldmask_kl002_e5,Field credit + field KL 0.02,683,53.87,5.5e-07,101,0.09923,1455,45.78,1d 11h 0m 58s,156.9,163.3,1,0,0,0,0,0,0.1419,0.02588,0.0925,0.02417,-0.0006618,0,0,0,1,37.78,43.59,1,31.2,1,0.7485,0.5117,1,0,0,0
0,151,110,77,4h 37m 31s,2.351,3,fieldmask_kl002_e5,Field credit + field KL 0.02,684,60.88,5.5e-07,102,0.03985,1455,45.78,1d 10h 57m 42s,158.8,163.2,1,0,0,0,0,0,0.07624,0.02942,0.0255,0.02295,-0.00162,0,0,0,1,38,43.86,1,33.11,1,0.91,0.351,1,0,0,0
0,133,107.8,80,4h 40m 14s,2.354,3,fieldmask_kl002_e5,Field credit + field KL 0.02,685,118.8,5.5e-07,103,0.06668,1455,45.78,1d 10h 54m 57s,162.7,163.2,1,0,0,0,0,0,0.1862,0.02051,0.1341,0.02417,0.007424,0,0,0,1,36.9,42.52,1,30.93,1,0.9885,0.4703,1,0,0,0
0,141,107.8,79,4h 42m 53s,2.357,3,fieldmask_kl002_e5,Field credit + field KL 0.02,686,53.65,5.4e-07,104,0.05799,1455,45.78,1d 10h 51m 40s,158.5,163.2,1,0,0,0,0,0,0.1586,0.01611,0.1266,0.02393,-0.008066,0,0,0,1,37.19,42.91,1,32.03,1,0.9455,0.2155,1,0,0,0
0,150,107.9,84,4h 45m 36s,2.361,3,fieldmask_kl002_e5,Field credit + field KL 0.02,687,46.27,5.4e-07,105,0.05023,1455,45.78,1d 10h 48m 59s,163.2,163.2,1,0,0,0,0,0,0.03201,0.02185,-0.02231,0.02356,0.008909,0,0,0,1,37.48,43.28,1,31.47,1,0.9944,0.1799,1,0,0,0
0.006944,160,106.8,72,4h 48m 21s,2.364,3,fieldmask_kl002_e5,Field credit + field KL 0.02,688,44.59,5.4e-07,106,0.06729,1455,45.78,1d 10h 46m 26s,164.4,163.2,1,0,0,0,-0.002906,0,0.09146,0.02124,0.04628,0.02417,0.005581,-0.002906,0,0,1,39.53,45.72,1,37.51,1,0.7735,0.3953,1,0.02778,-0.02778,0.02778
0,158,108.8,72,4h 51m 7s,2.368,3,fieldmask_kl002_e5,Field credit + field KL 0.02,689,70.27,5.4e-07,107,0.07247,1455,45.78,1d 10h 44m 5s,166.2,163.2,1,0,0,0,0,0,0.06822,0.02966,0.01762,0.02344,-0.002506,0,0,0,1,37.78,43.57,1,35.77,1,0.9545,0.2542,1,0,0,0
0,138,107.5,80,4h 53m 48s,2.371,3,fieldmask_kl002_e5,Field credit + field KL 0.02,690,48.03,5.4e-07,108,0.03639,1455,45.78,1d 10h 41m 8s,161.1,163.2,1,0,0,0,0,0,0.02087,0.03015,-0.02527,0.02502,-0.009029,0,0,0,1,37.7,43.47,1,36.25,1,0.9152,0.353,1,0,0,0
0.006944,160,107,77,4h 56m 30s,2.375,3,fieldmask_kl002_e5,Field credit + field KL 0.02,691,56.55,5.4e-07,109,0.05192,1455,45.78,1d 10h 38m 13s,161.2,163.2,1,0,0,0,0,0,0.1805,0.02344,0.1414,0.02307,-0.007476,0,0,0,1,37.41,43.16,1,34.83,1,0.7835,0.2021,1,0,0,0
0,153,109.8,71,4h 59m 14s,2.378,3,fieldmask_kl002_e5,Field credit + field KL 0.02,692,41.4,5.4e-07,110,0.07921,1455,45.78,1d 10h 35m 34s,163.5,163.2,1,0,0,0,0,0,0.05377,0.02417,0.009376,0.02356,-0.002495,-0.0008418,0,0,1,39.02,45.09,1,34.47,1,0.9873,0.2108,1,0.02778,-0.01562,0
0,157,111.1,84,5h 2m 0s,2.381,3,fieldmask_kl002_e5,Field credit + field KL 0.02,693,113.7,5.4e-07,111,0.05044,1455,45.78,1d 10h 33m 11s,166,163.2,1,0,0,0,0,0,0.105,0.01807,0.06586,0.02441,-0.003344,0,0,0,1,37.27,42.98,1,36.26,1,0.9314,0.1998,1,0,0,0
0,146,108.4,84,5h 4m 41s,2.385,3,fieldmask_kl002_e5,Field credit + field KL 0.02,694,43.88,5.4e-07,112,0.06128,1455,45.78,1d 10h 30m 12s,160.5,163.2,1,0,0,0,0,0,0.06906,0.02673,0.01975,0.02466,-0.00208,0,0,0,1,36.97,42.65,1,32.46,1,0.8909,0.3126,1,0,0,0
0,138,109.9,81,5h 7m 23s,2.388,3,fieldmask_kl002_e5,Field credit + field KL 0.02,695,54.45,5.4e-07,113,0.1307,1455,45.78,1d 10h 27m 21s,161.8,163.2,1,0,0,0,0,0,0.1018,0.02466,0.05441,0.02356,-0.0008306,0,0,0,1,37.92,43.79,1,34.65,1,0.9491,0.3144,1,0,0,0
0,142,107.5,73,5h 10m 4s,2.392,3,fieldmask_kl002_e5,Field credit + field KL 0.02,696,70.65,5.3e-07,114,0.04965,1455,45.78,1d 10h 24m 27s,161.4,163.2,1,0,0,0,0,0,-0.03986,0.02771,-0.0817,0.02356,-0.009434,0,0,0,1,37.56,43.37,1,34.14,1,0.9406,0.5297,1,0,0,0
0.006944,160,107.5,82,5h 12m 50s,2.395,3,fieldmask_kl002_e5,Field credit + field KL 0.02,697,48.7,5.3e-07,115,0.04774,1455,45.78,1d 10h 21m 56s,164.8,163.2,1,0,0,0,0,0,0.1069,0.01917,0.06361,0.02307,0.001087,0,0,0,1,38.29,44.25,1,35.02,1,0.9479,0.447,1,0,0,0
0,142,108.5,78,5h 15m 34s,2.399,3,fieldmask_kl002_e5,Field credit + field KL 0.02,698,84.7,5.3e-07,116,0.008037,1455,45.78,1d 10h 19m 21s,164.3,163.2,1,0,0,0,0,0,0.05189,0.02747,0.001868,0.02454,-0.001981,0,0,0,1,37.78,43.57,1,34.56,1,0.9564,0.186,1,0,0,0
0,146,111.2,81,5h 18m 19s,2.402,3,fieldmask_kl002_e5,Field credit + field KL 0.02,699,64.21,5.3e-07,117,0.07016,1455,45.78,1d 10h 16m 46s,164.2,163.2,1,0,0,0,-0.003308,0,0.1061,0.02222,0.06952,0.02295,-0.00529,0,0,0,1,37.41,43.12,1,33.08,1,0.9234,0.429,1,0,0,0
0,156,107.1,87,5h 21m 6s,2.405,3,fieldmask_kl002_e5,Field credit + field KL 0.02,700,76.48,5.3e-07,118,0.02058,1455,45.78,1d 10h 14m 27s,166.6,163.3,1,0,0,0,0,0,0.06038,0.02332,0.01053,0.02283,0.001507,0.002203,0,0,1,39.02,45.09,1,34.93,1,0.8562,0.3307,1,0.02778,-0.01562,0
0,148,108.9,73,5h 23m 45s,2.409,3,fieldmask_kl002_e5,Field credit + field KL 0.02,701,109.8,5.3e-07,119,0.02571,1455,45.78,1d 10h 11m 17s,158.8,163.2,1,0,0,0,-0.0006431,0,-0.02119,0.03198,-0.07776,0.02417,0.0001375,0.0009317,0,0,1,38.43,44.39,1,32.63,1,0.8009,0.3946,1,0.02778,-0.001736,0
0,137,107.8,89,5h 26m 27s,2.412,3,fieldmask_kl002_e5,Field credit + field KL 0.02,702,154.2,5.3e-07,120,0.04445,1455,45.78,1d 10h 8m 30s,162.4,163.2,1,0,0,0,0,0,0.08042,0.02856,0.03234,0.02307,-0.003558,0,0,0,1,37.05,42.71,1,32.24,1,0.9763,0.4826,1,0,0,0
0,143,110.1,86,5h 29m 12s,2.416,3,fieldmask_kl002_e5,Field credit + field KL 0.02,703,78.59,5.3e-07,121,0.02672,1455,45.78,1d 10h 5m 55s,164.3,163.2,1,0,0,0,0,0,0.02558,0.02026,-0.02448,0.02271,0.007082,0,0,0,1,37.7,43.55,1,36.01,1,0.9293,0.277,1,0,0,0
0,150,108.5,82,5h 31m 57s,2.419,3,fieldmask_kl002_e5,Field credit + field KL 0.02,704,81.46,5.3e-07,122,0.0653,1455,45.78,1d 10h 3m 23s,164.8,163.3,1,0,0,0,0.0002864,0,0.02176,0.02112,-0.02026,0.02417,-0.003842,0.0002864,0,0,1,38.51,44.49,1,36.35,1,0.9406,0.1223,1,0.02778,-0.003472,0
0,145,108.3,67,5h 34m 41s,2.423,3,fieldmask_kl002_e5,Field credit + field KL 0.02,705,113.4,5.2e-07,123,0.03797,1455,45.78,1d 10h 0m 48s,164.4,163.3,1,0,0,0,0,0,0.08643,0.02185,0.04297,0.02246,-0.0002956,-0.0005581,0,0,1,38.43,44.39,1,36.84,1,0.9127,0.2603,1,0.02778,-0.001736,0
0,141,109.8,83,5h 37m 22s,2.426,3,fieldmask_kl002_e5,Field credit + field KL 0.02,706,98.48,5.2e-07,124,0.06706,1455,45.78,1d 9h 57m 47s,160.2,163.2,1,0,0,0,0,0,0.1294,0.0238,0.0883,0.02283,-0.005565,0,0,0,1,37.34,43.06,1,34.23,1,0.9597,0.3337,1,0,0,0
0,136,110.1,85,5h 40m 3s,2.43,3,fieldmask_kl002_e5,Field credit + field KL 0.02,707,44.97,5.2e-07,125,0.06096,1455,45.78,1d 9h 54m 52s,161,163.2,1,0,0,0,0,0,0.05514,0.02856,0.01849,0.02197,-0.01389,0,0,0,1,37.78,43.63,1,32.42,1,0.9032,0.4279,1,0,0,0
0,140,110.5,84,5h 42m 48s,2.433,3,fieldmask_kl002_e5,Field credit + field KL 0.02,708,60.93,5.2e-07,126,0.03562,1455,45.78,1d 9h 52m 20s,164.8,163.2,1,0,0,0,0,0,0.04325,0.01965,0.002834,0.02405,-0.003282,0,0,0,1,37.92,43.8,1,35.18,1,0.913,0.3072,1,0,0,0
0,134,107.8,69,5h 45m 30s,2.436,3,fieldmask_kl002_e5,Field credit + field KL 0.02,709,98.62,5.2e-07,127,0.0277,1455,45.78,1d 9h 49m 28s,161.6,163.2,1,0,0,0,0,0,0.0419,0.02405,-0.000363,0.02332,-0.005104,0,0,0,1,37.56,43.37,1,35.14,1,0.9854,0.2496,1,0,0,0
0,151,107.6,80,5h 48m 16s,2.44,3,fieldmask_kl002_e5,Field credit + field KL 0.02,710,69,5.2e-07,128,0.05364,1455,45.78,1d 9h 47m 1s,165.8,163.2,1,0,0,0,0,0,0.0685,0.02307,0.02498,0.02307,-0.00315,0.0005288,0,0,1,38.87,44.97,1,33.77,1,0.9582,0.4047,1,0.02778,-0.01215,0
0,136,108.8,85,5h 51m 3s,2.443,3,fieldmask_kl002_e5,Field credit + field KL 0.02,711,83.89,5.2e-07,129,0.04609,1455,45.78,1d 9h 44m 42s,167.2,163.3,1,0,0,0,0,0,0.07583,0.02734,0.02677,0.02234,-0.0006252,0,0,0,1,37.78,43.63,1,33.94,1,0.9625,0.2251,1,0,0,0
0,139,106.2,77,5h 53m 42s,2.447,3,fieldmask_kl002_e5,Field credit + field KL 0.02,712,44.62,5.2e-07,130,0.01703,1455,45.78,1d 9h 41m 33s,158.5,163.2,1,0,0,0,0,0,0.007001,0.01965,-0.0266,0.02393,-0.009978,0,0,0,1,38,43.86,1,33.72,1,0.9476,0.3188,1,0,0,0
0,156,112.6,84,5h 56m 26s,2.45,3,fieldmask_kl002_e5,Field credit + field KL 0.02,713,71.6,5.2e-07,131,0.04181,1455,45.78,1d 9h 38m 51s,163.3,163.2,1,0,0,0,0,0,0.05879,0.03088,0.002169,0.02356,0.002177,0,0,0,1,37.92,43.76,1,35.18,1,0.8459,0.4929,1,0,0,0
0,143,111.3,78,5h 59m 7s,2.454,3,fieldmask_kl002_e5,Field credit + field KL 0.02,714,134.5,5.1e-07,132,0.0364,1455,45.78,1d 9h 35m 59s,161.5,163.2,1,0,0,0,0,0,0.006594,0.02527,-0.04939,0.0238,0.006908,0,0,0,1,37.41,43.12,1,32.62,1,0.9408,0.09288,1,0,0,0
0.006944,160,112.6,87,6h 1m 55s,2.457,3,fieldmask_kl002_e5,Field credit + field KL 0.02,715,91.79,5.1e-07,133,0.06361,1455,45.78,1d 9h 33m 39s,167.1,163.3,1,0,0,0,0,0,0.03505,0.02551,-0.006933,0.02185,-0.005377,0,0,0,1,38.14,44.06,1,36.19,1,0.9652,0.3656,1,0,0,0
0,146,111,80,6h 4m 44s,2.46,3,fieldmask_kl002_e5,Field credit + field KL 0.02,716,43.29,5.1e-07,134,0.05043,1455,45.78,1d 9h 31m 28s,168.9,163.3,1,0,0,0,0,0,-0.01076,0.02576,-0.06204,0.02234,0.003183,0,0,0,1,38.14,44.02,1,33.91,1,0.8907,0.1981,1,0,0,0
0,149,111,83,6h 7m 25s,2.464,3,fieldmask_kl002_e5,Field credit + field KL 0.02,717,64.72,5.1e-07,135,0.05891,1455,45.78,1d 9h 28m 31s,160.6,163.3,1,0,0,0,0,0,0.0707,0.02173,0.02578,0.02307,0.0001229,0,0,0,1,38.14,44.02,1,35.26,1,0.9099,0.1588,1,0,0,0
0,151,108.9,72,6h 10m 5s,2.467,3,fieldmask_kl002_e5,Field credit + field KL 0.02,718,100.6,5.1e-07,136,0.05901,1455,45.78,1d 9h 25m 33s,160.4,163.3,1,0,0,0,0,0,0.05092,0.02637,-0.0004409,0.02332,0.001674,0,0,0,1,38.29,44.2,1,33.68,1,0.9579,0.3442,1,0,0,0
0,140,110.2,85,6h 12m 49s,2.471,3,fieldmask_kl002_e5,Field credit + field KL 0.02,719,99.75,5.1e-07,137,0.0443,1455,45.78,1d 9h 22m 50s,162.9,163.3,1,0,0,0,0.001432,0,0.06048,0.02344,0.005015,0.02246,0.008135,0,0,0,1,38.07,43.98,1,33.42,1,0.906,0.2136,1,0,0,0
0,155,110.5,81,6h 15m 29s,2.474,3,fieldmask_kl002_e5,Field credit + field KL 0.02,720,58.32,5.1e-07,138,0.05208,1455,45.78,1d 9h 19m 49s,159.7,163.3,1,0,0,0,0,0,0.0432,0.02417,-0.01466,0.02307,0.01062,0,0,0,1,38,43.84,1,33.42,1,0.9254,0.2541,1,0,0,0
0.01389,160,112.8,85,6h 18m 13s,2.478,3,fieldmask_kl002_e5,Field credit + field KL 0.02,721,42.87,5.1e-07,139,0.05224,1455,45.78,1d 9h 17m 12s,164.3,163.3,1,0,0,0,0,0,0.01713,0.02417,-0.02191,0.02283,-0.007956,0,0,0,1,38.07,43.98,1,34.39,1,0.9318,0.1575,1,0,0,0
0,158,112.4,75,6h 20m 58s,2.481,3,fieldmask_kl002_e5,Field credit + field KL 0.02,722,61.84,5.1e-07,140,0.05023,1455,45.78,1d 9h 14m 39s,165,163.3,1,0,0,0,0,0,0.03758,0.02637,-0.01937,0.02234,0.003166,0.005073,0,0,1,39.24,45.4,1,32.84,1,0.9771,0.1682,1,0.05556,-0.03993,0
0,152,111.9,87,6h 23m 44s,2.485,3,fieldmask_kl002_e5,Field credit + field KL 0.02,723,81.59,5e-07,141,0.04475,1455,45.78,1d 9h 12m 11s,165.9,163.3,1,0,0,0,0,0,0.03028,0.02832,-0.01678,0.02185,-0.003115,0,0,0,1,38.36,44.29,1,36.54,1,0.9529,0.1497,1,0,0,0
0.006944,160,110.4,85,6h 26m 24s,2.488,3,fieldmask_kl002_e5,Field credit + field KL 0.02,724,70.5,5e-07,142,0.01965,1455,45.78,1d 9h 9m 8s,159.1,163.3,1,0,0,0,0,0,0.04354,0.02197,-0.007945,0.02197,0.005366,0.002173,0,0,1,39.53,45.72,1,34.78,1,0.921,0.3577,1,0.02778,-0.02778,0.02778
0.006944,160,111.2,83,6h 29m 11s,2.491,3,fieldmask_kl002_e5,Field credit + field KL 0.02,725,37.55,5e-07,143,0.02776,1455,45.78,1d 9h 6m 42s,166.5,163.3,1,0,0,0,0,0,0.0442,0.0238,-0.005682,0.02185,0.002671,0.001559,0,0,1,39.38,45.54,1,34.66,1,0.9729,0.1743,1,0.05556,-0.03125,0
0,150,108.9,76,6h 31m 53s,2.495,3,fieldmask_kl002_e5,Field credit + field KL 0.02,726,71.39,5e-07,144,0.05559,1455,45.78,1d 9h 3m 56s,162.4,163.3,1,0,0,0,-0.003129,0,0.02403,0.02136,-0.01473,0.02234,-0.001663,-0.0001512,0,0,1,38.8,44.82,1,34.8,1,0.9445,0.1677,1,0.02778,-0.01042,0
0,137,108.4,85,6h 34m 36s,2.498,3,fieldmask_kl002_e5,Field credit + field KL 0.02,727,82.73,5e-07,145,0.05031,1455,45.78,1d 9h 1m 10s,162.6,163.3,1,0,0,0,0,0,0.07259,0.02393,0.02613,0.02307,-0.0005433,0,0,0,1,36.97,42.59,1,34.03,1,0.9199,0.5611,1,0,0,0
0.01389,160,110.8,71,6h 37m 14s,2.502,3,fieldmask_kl002_e5,Field credit + field KL 0.02,728,113.6,5e-07,146,0.07222,1455,45.78,1d 8h 58m 1s,157.9,163.2,1,0,0,0,0,0,0.1117,0.02832,0.05946,0.02271,0.0009082,0.0003001,0,0,1,38.65,44.64,1,33.27,1,0.9585,0.4863,1,0.02778,-0.006944,0
0,145,108.2,82,6h 39m 57s,2.505,3,fieldmask_kl002_e5,Field credit + field KL 0.02,729,102.2,5e-07,147,0.08863,1455,45.78,1d 8h 55m 13s,162,163.2,1,0,0,0,0,0,0.1184,0.02454,0.06509,0.02307,0.007055,-0.001357,0,0,1,38.43,44.43,1,34.13,1,0.9501,0.2867,1,0.02778,-0.001736,0
0.006944,160,107.7,78,6h 42m 37s,2.509,3,fieldmask_kl002_e5,Field credit + field KL 0.02,730,86.88,5e-07,148,0.03114,1455,45.78,1d 8h 52m 15s,160,163.2,1,0,0,0,0,0,0.08172,0.02441,0.03238,0.02185,0.003068,0,0,0,1,37.7,43.49,1,33.54,1,0.9436,0.3204,1,0,0,0
0,139,105.1,78,6h 45m 17s,2.512,3,fieldmask_kl002_e5,Field credit + field KL 0.02,731,71.82,5e-07,149,0.04835,1455,45.78,1d 8h 49m 19s,160.3,163.2,1,0,0,0,0,0,0.004214,0.01459,-0.0342,0.02332,0.0005158,0,0,0,1,37.63,43.39,1,32.35,1,0.9188,0.2823,1,0,0,0
0,135,109.6,85,6h 48m 0s,2.515,3,fieldmask_kl002_e5,Field credit + field KL 0.02,732,107.6,5e-07,150,0.06637,1455,45.78,1d 8h 46m 36s,163,163.2,1,0,0,0,0,0,0.1016,0.02563,0.0472,0.02246,0.006323,0,0,0,1,37.56,43.36,1,34.38,1,0.9677,0.3564,1,0,0,0
0,143,104.8,79,6h 50m 45s,2.519,3,fieldmask_kl002_e5,Field credit + field KL 0.02,733,111.6,4.9e-07,151,0.02427,1455,45.78,1d 8h 44m 0s,164.5,163.2,1,0,0,0,0,0,-0.03445,0.02563,-0.07684,0.02417,-0.007413,0,0,0,1,37.12,42.77,1,34.93,1,0.9276,0.1917,1,0,0,0
0,142,105,76,6h 53m 29s,2.522,3,fieldmask_kl002_e5,Field credit + field KL 0.02,734,77.46,4.9e-07,152,0.0418,1455,45.78,1d 8h 41m 22s,164,163.2,1,0,0,0,0,0,0.002479,0.01709,-0.03507,0.02295,-0.00249,0,0,0,1,36.9,42.53,1,33.68,1,0.886,0.2817,1,0,0,0
0,147,105.2,67,6h 56m 9s,2.526,3,fieldmask_kl002_e5,Field credit + field KL 0.02,735,104.5,4.9e-07,153,0.02881,1455,45.78,1d 8h 38m 20s,158.9,163.2,1,0,0,0,0,0,0.0187,0.03064,-0.03359,0.02271,-0.001049,0,0,0,1,37.48,43.26,1,33.12,1,0.9055,0.4157,1,0,0,0
0,136,104.5,82,6h 58m 49s,2.529,3,fieldmask_kl002_e5,Field credit + field KL 0.02,736,87.67,4.9e-07,154,0.0439,1455,45.78,1d 8h 35m 24s,160.4,163.2,1,0,0,0,0,0,0.07671,0.02441,0.03472,0.02344,-0.00586,0,0,0,1,37.27,42.95,1,34.05,1,0.979,0.2854,1,0,0,0
0,136,106.1,79,7h 1m 33s,2.533,3,fieldmask_kl002_e5,Field credit + field KL 0.02,737,83.45,4.9e-07,155,0.04138,1455,45.78,1d 8h 32m 45s,163.9,163.2,1,0,0,0,0,0,0.01967,0.02515,-0.03096,0.02283,0.002664,0,0,0,1,37.27,42.98,1,33.65,1,0.7836,0.3437,1,0,0,0
0,133,104.2,78,7h 4m 14s,2.536,3,fieldmask_kl002_e5,Field credit + field KL 0.02,738,44.2,4.9e-07,156,0.07918,1455,45.78,1d 8h 29m 53s,160.7,163.2,1,0,0,0,0,0,0.04574,0.02686,0.00276,0.02197,-0.005847,0,0,0,1,37.56,43.3,1,34.85,1,0.9752,0.1583,1,0,0,0
0,139,106.7,77,7h 7m 0s,2.54,3,fieldmask_kl002_e5,Field credit + field KL 0.02,739,91.07,4.9e-07,157,0.01257,1455,45.78,1d 8h 27m 20s,165.3,163.2,1,0,0,0,0,0,0.07894,0.02771,0.02606,0.02405,0.001118,0,0,0,1,37.92,43.76,1,38.52,1,0.9385,0.2901,1,0,0,0
0,136,103.6,80,7h 9m 45s,2.543,3,fieldmask_kl002_e5,Field credit + field KL 0.02,740,74.18,4.9e-07,158,0.07513,1455,45.78,1d 8h 24m 45s,164.6,163.2,1,0,0,0,0,0,0.09109,0.02686,0.03324,0.02332,0.007685,0,0,0,1,37.63,43.39,1,33.97,1,0.9544,0.3077,1,0,0,0
0,147,108.7,84,7h 12m 27s,2.546,3,fieldmask_kl002_e5,Field credit + field KL 0.02,741,59.31,4.9e-07,159,0.02677,1455,45.78,1d 8h 21m 59s,162.3,163.2,1,0,0,0,0.0001382,0,0.02453,0.02063,-0.02584,0.02222,0.007385,0,0,0,1,37.85,43.67,1,35.15,1,0.93,0.09858,1,0,0,0
0,143,108.5,80,7h 15m 14s,2.55,3,fieldmask_kl002_e5,Field credit + field KL 0.02,742,45.79,4.8e-07,160,0.0426,1455,45.78,1d 8h 19m 29s,166,163.2,1,0,0,0,0,0,0.02703,0.03076,-0.02523,0.02295,-0.001456,0,0,0,1,38.21,44.1,1,35.07,1,0.9396,0.1951,1,0,0,0
0,152,105.7,80,7h 17m 52s,2.553,3,fieldmask_kl002_e5,Field credit + field KL 0.02,743,51.05,4.8e-07,161,0.05896,1455,45.78,1d 8h 16m 24s,158.1,163.2,1,0,0,0,0,0,0.06577,0.02661,0.01921,0.0238,-0.005509,0.001656,0,0,1,38.43,44.39,1,32.83,1,0.8986,0.1893,1,0.02778,-0.001736,0
0,131,106.7,78,7h 20m 39s,2.557,3,fieldmask_kl002_e5,Field credit + field KL 0.02,744,75.32,4.8e-07,162,0.05051,1455,45.78,1d 8h 13m 58s,166.6,163.2,1,0,0,0,0,0,0.03107,0.02441,-0.004976,0.02344,-0.01181,0,0,0,1,37.41,43.18,1,35.26,1,0.8248,0.2352,1,0,0,0
0,134,107,78,7h 23m 22s,2.56,3,fieldmask_kl002_e5,Field credit + field KL 0.02,745,55.19,4.8e-07,163,0.03,1455,45.78,1d 8h 11m 14s,162.7,163.2,1,0,0,0,0,0,-0.004601,0.02588,-0.0549,0.02222,0.002207,0,0,0,1,37.63,43.43,1,34.76,1,0.9168,0.3891,1,0,0,0
0,143,106.9,80,7h 26m 6s,2.564,3,fieldmask_kl002_e5,Field credit + field KL 0.02,746,96.62,4.8e-07,164,0.05193,1455,45.78,1d 8h 8m 36s,164.2,163.2,1,0,0,0,0,0,0.1062,0.03125,0.04704,0.02454,0.003398,0,0,0,1,36.9,42.55,1,34.48,1,0.9106,0.3266,1,0,0,0
0,148,107,83,7h 28m 45s,2.567,3,fieldmask_kl002_e5,Field credit + field KL 0.02,747,34.01,4.8e-07,165,0.05422,1455,45.78,1d 8h 5m 34s,158.6,163.2,1,0,0,0,0,0,0.08401,0.0354,0.02355,0.0238,0.001252,0,0,0,1,38.07,43.96,1,33.62,1,0.9831,0.1875,1,0,0,0
0.006944,160,109.4,85,7h 31m 26s,2.57,3,fieldmask_kl002_e5,Field credit + field KL 0.02,748,58.95,4.8e-07,166,0.06177,1455,45.78,1d 8h 2m 40s,160.3,163.2,1,0,0,0,0.001527,0,0.03667,0.02795,-0.01673,0.02295,-0.0005663,0.001527,0,0,1,39.53,45.72,1,36.7,1,0.9402,0.1007,1,0.02778,-0.02778,0.02778
0,143,108.6,75,7h 34m 7s,2.574,3,fieldmask_kl002_e5,Field credit + field KL 0.02,749,81.71,4.8e-07,167,0.02173,1455,45.78,1d 7h 59m 49s,161.1,163.2,1,0,0,0,0,0,-0.02739,0.02625,-0.07425,0.02234,-0.001725,0,0,0,1,37.56,43.3,1,32.74,1,0.9628,0.1922,1,0,0,0
0,144,110.4,82,7h 36m 51s,2.577,3,fieldmask_kl002_e5,Field credit + field KL 0.02,750,53.11,4.8e-07,168,0.06281,1455,45.78,1d 7h 57m 7s,163.3,163.2,1,0,0,0,0,0,0.02965,0.03296,-0.02012,0.02283,-0.006011,0,0,0,1,38,43.86,1,34.9,1,0.9882,0.1448,1,0,0,0
0,153,108.5,70,7h 39m 33s,2.581,3,fieldmask_kl002_e5,Field credit + field KL 0.02,751,75.34,4.7e-07,169,0.051,1455,45.78,1d 7h 54m 19s,161.7,163.2,1,0,0,0,0,0,0.07476,0.02722,0.03201,0.02234,-0.00681,0,0,0,1,38.07,44.02,1,33.78,1,0.9646,0.2851,1,0,0,0
0,154,107.8,81,7h 42m 17s,2.584,3,fieldmask_kl002_e5,Field credit + field KL 0.02,752,74.37,4.7e-07,170,0.04923,1455,45.78,1d 7h 51m 41s,164,163.2,1,0,0,0,0,0,0.06299,0.03003,0.006083,0.02307,0.002411,0.001393,0,0,1,38.58,44.62,1,33.47,1,0.9645,0.1851,1,0.02778,-0.005208,0
0,144,109.1,82,7h 45m 1s,2.588,3,fieldmask_kl002_e5,Field credit + field KL 0.02,753,65.74,4.7e-07,171,0.01794,1455,45.78,1d 7h 48m 59s,163.2,163.2,1,0,0,0,0,0,0.05662,0.03247,0.006031,0.02344,-0.005319,0,0,0,1,37.41,43.2,1,36.56,1,0.9712,0.2914,1,0,0,0
0.006944,160,109.6,79,7h 47m 39s,2.591,3,fieldmask_kl002_e5,Field credit + field KL 0.02,754,61.14,4.7e-07,172,0.0493,1455,45.78,1d 7h 45m 55s,157.9,163.1,1,0,0,0,-0.001292,0,0.009946,0.02576,-0.03209,0.02344,-0.004579,-0.001292,0,0,1,39.53,45.78,1,33.35,1,0.8606,0.3272,1,0.02778,-0.02778,0.02778
0,137,108,80,7h 50m 21s,2.595,3,fieldmask_kl002_e5,Field credit + field KL 0.02,755,84.31,4.7e-07,173,0.03251,1455,45.78,1d 7h 43m 10s,162.4,163.1,1,0,0,0,0,0,-0.03106,0.02747,-0.07043,0.02307,-0.01117,0,0,0,1,37.85,43.73,1,35.16,1,0.9734,0.1462,1,0,0,0
0,140,108.2,88,7h 53m 2s,2.598,3,fieldmask_kl002_e5,Field credit + field KL 0.02,756,51.6,4.7e-07,174,0.04586,1455,45.78,1d 7h 40m 18s,160.6,163.1,1,0,0,0,0,0,0.05708,0.03223,-0.002782,0.02344,0.004199,0,0,0,1,37.63,43.47,1,33.2,1,0.946,0.1565,1,0,0,0
0,159,109.9,72,7h 55m 50s,2.601,3,fieldmask_kl002_e5,Field credit + field KL 0.02,757,60.98,4.7e-07,175,0.04487,1455,45.78,1d 7h 37m 53s,167.4,163.1,1,0,0,0,0,0,0.03544,0.02417,0.003712,0.02197,-0.01581,0.001389,0,0,1,39.45,45.7,1,38.93,1,0.891,0.2821,1,0.02778,-0.02604,0
0,146,110.1,82,7h 58m 37s,2.605,3,fieldmask_kl002_e5,Field credit + field KL 0.02,758,87.3,4.7e-07,176,0.03863,1455,45.78,1d 7h 35m 26s,167.1,163.2,1,0,0,0,0,0,0.08363,0.03784,0.01552,0.02112,0.009151,0,0,0,1,38.36,44.33,1,33.15,1,0.9651,0.3052,1,0,0,0
0,142,109.7,84,8h 1m 21s,2.608,3,fieldmask_kl002_e5,Field credit + field KL 0.02,759,82.15,4.7e-07,177,0.07632,1455,45.78,1d 7h 32m 46s,163.7,163.2,1,0,0,0,0,0,0.03856,0.02563,-0.01065,0.02234,0.001231,0,0,0,1,38.14,44.08,1,31.86,1,0.9312,0.3761,1,0,0,0
0,160,110.9,73,8h 4m 6s,2.612,3,fieldmask_kl002_e5,Field credit + field KL 0.02,760,92.27,4.6e-07,178,0.04914,1455,45.78,1d 7h 30m 8s,164.3,163.2,1,0,0,0,0,0,0.05626,0.02795,-0.00941,0.02222,0.01439,0.001104,0,0,1,39.53,45.72,1,33.76,1,0.8953,0.2803,1,0.02778,-0.02778,0.02778
0,139,108.5,73,8h 6m 47s,2.615,3,fieldmask_kl002_e5,Field credit + field KL 0.02,761,96.76,4.6e-07,179,0.03103,1455,45.78,1d 7h 27m 17s,160.8,163.2,1,0,0,0,0,0,-0.0251,0.02454,-0.06405,0.0238,-0.009385,0,0,0,1,37.34,43.02,1,34.94,1,0.877,0.4649,1,0,0,0
0,139,108.6,85,8h 9m 28s,2.619,3,fieldmask_kl002_e5,Field credit + field KL 0.02,762,51.79,4.6e-07,180,0.01839,1455,45.78,1d 7h 24m 29s,161.6,163.2,1,0,0,0,0,0,0.02871,0.0332,-0.0297,0.02271,0.002497,0,0,0,1,37.34,43.06,1,36.13,1,0.8814,0.2169,1,0,0,0
0,143,111.3,81,8h 12m 14s,2.622,3,fieldmask_kl002_e5,Field credit + field KL 0.02,763,83.29,4.6e-07,181,0.09158,1455,45.78,1d 7h 21m 55s,165.4,163.2,1,0,0,0,0,0,0.06981,0.03027,0.02054,0.02246,-0.003463,0,0,0,1,38.21,44.17,1,34.75,1,0.9875,0.2652,1,0,0,0
0,138,107.8,81,8h 14m 56s,2.625,3,fieldmask_kl002_e5,Field credit + field KL 0.02,764,70.14,4.6e-07,182,0.05162,1455,45.78,1d 7h 19m 6s,161.6,163.2,1,0,0,0,0,0,0.04499,0.02515,-0.01262,0.02307,0.009384,0,0,0,1,36.83,42.46,1,32.93,1,0.9421,0.3925,1,0,0,0
0.006944,160,109.1,81,8h 17m 38s,2.629,3,fieldmask_kl002_e5,Field credit + field KL 0.02,765,114.9,4.6e-07,183,0.06964,1455,45.78,1d 7h 16m 21s,162.3,163.2,1,0,0,0,-0.0007995,0,0.0632,0.02942,0.01329,0.02344,-0.002152,0,0,0,1,37.05,42.67,1,34.22,1,0.9378,0.3536,1,0,0,0
0,144,113.1,85,8h 20m 21s,2.632,3,fieldmask_kl002_e5,Field credit + field KL 0.02,766,64.43,4.6e-07,184,0.05307,1455,45.78,1d 7h 13m 37s,162.8,163.2,1,0,0,0,0,0,0.09522,0.03198,0.04406,0.02271,-0.003525,0,0,0,1,37.78,43.63,1,35.07,1,0.9447,0.3534,1,0,0,0
0,142,112.4,88,8h 23m 2s,2.636,3,fieldmask_kl002_e5,Field credit + field KL 0.02,767,87.69,4.6e-07,185,0.01488,1455,45.78,1d 7h 10m 46s,160.7,163.1,1,0,0,0,0,0,-0.006336,0.02698,-0.06031,0.02222,0.004779,0,0,0,1,38.21,44.18,1,35.11,1,0.9511,0.2266,1,0,0,0
0,150,111.4,77,8h 25m 50s,2.639,3,fieldmask_kl002_e5,Field credit + field KL 0.02,768,64.3,4.6e-07,186,0.06618,1455,45.78,1d 7h 8m 19s,167.4,163.2,1,0,0,0,0,0,0.07559,0.03052,0.02732,0.02185,-0.004096,0,0,0,1,37.41,43.14,1,35.34,1,0.9622,0.3089,1,0,0,0
0,152,109.7,81,8h 28m 27s,2.643,3,fieldmask_kl002_e5,Field credit + field KL 0.02,769,63.92,4.6e-07,187,0.03194,1455,45.78,1d 7h 5m 14s,157,163.1,1,0,0,0,0,0,0.08087,0.02576,0.01861,0.02356,0.01294,0,0,0,1,37.85,43.71,1,32.9,1,0.9272,0.2556,1,0,0,0
0,153,112,81,8h 31m 11s,2.646,3,fieldmask_kl002_e5,Field credit + field KL 0.02,770,82.38,4.5e-07,188,0.05043,1455,45.78,1d 7h 2m 33s,163.3,163.1,1,0,0,0,0,0,0.06803,0.02466,0.02056,0.02283,-1.531e-05,0,0,0,1,37.56,43.36,1,34.65,1,0.901,0.3868,1,0,0,0
0,159,111.2,80,8h 33m 59s,2.649,3,fieldmask_kl002_e5,Field credit + field KL 0.02,771,61.3,4.5e-07,189,0.06206,1455,45.78,1d 7h 0m 7s,167.8,163.2,1,0,0,0,0,0,0.1014,0.02393,0.04801,0.02222,0.003484,0.003749,0,0,1,38.87,44.96,1,34.82,1,0.9548,0.2315,1,0.05556,-0.01562,0
0,141,110.4,86,8h 36m 38s,2.653,3,fieldmask_kl002_e5,Field credit + field KL 0.02,772,44.16,4.5e-07,190,0.04221,1455,45.78,1d 6h 57m 9s,158.8,163.1,1,0,0,0,0,0,0.02397,0.02307,-0.02899,0.02173,0.008161,0,0,0,1,37.34,43.08,1,33.3,1,0.9444,0.3568,1,0,0,0
0,153,109.3,79,8h 39m 20s,2.656,3,fieldmask_kl002_e5,Field credit + field KL 0.02,773,101.9,4.5e-07,191,0.0383,1455,45.78,1d 6h 54m 23s,162.1,163.1,1,0,0,0,0,0,-0.002635,0.03613,-0.04376,0.02185,-0.01714,0.0002826,0,0,1,39.02,45.11,1,35.4,1,0.9639,0.2163,1,0.02778,-0.01562,0
0,154,109.4,90,8h 41m 58s,2.66,3,fieldmask_kl002_e5,Field credit + field KL 0.02,774,48.98,4.5e-07,192,0.04141,1455,45.78,1d 6h 51m 20s,157.3,163.1,1,0,0,0,0,0,0.0925,0.02966,0.03191,0.02307,0.00785,0,0,0,1,37.41,43.18,1,34.2,1,0.9749,0.2314,1,0,0,0
0,144,110.4,88,8h 44m 45s,2.663,3,fieldmask_kl002_e5,Field credit + field KL 0.02,775,72.25,4.5e-07,193,0.031,1455,45.78,1d 6h 48m 50s,166.2,163.1,1,0,0,0,0,0,0.04345,0.02661,0.0005519,0.02295,-0.006667,0,0,0,1,37.92,43.78,1,34.14,1,0.9305,0.2276,1,0,0,0
0,152,110,79,8h 47m 26s,2.667,3,fieldmask_kl002_e5,Field credit + field KL 0.02,776,56.55,4.5e-07,194,0.05082,1455,45.78,1d 6h 46m 1s,161.1,163.1,1,0,0,0,0,0,0.06969,0.03198,0.01199,0.02234,0.001573,0.00181,0,0,1,38.94,45.05,1,33.03,1,0.982,0.2321,1,0.02778,-0.01389,0
0,139,109,77,8h 50m 4s,2.67,3,fieldmask_kl002_e5,Field credit + field KL 0.02,777,75.1,4.5e-07,195,0.01784,1455,45.78,1d 6h 43m 2s,158.3,163.1,1,0,0,0,0,0,0.01322,0.02307,-0.03165,0.02393,-0.002134,0,0,0,1,37.19,42.87,1,33.76,1,0.949,0.4713,1,0,0,0
0.01389,160,110.8,82,8h 52m 45s,2.674,3,fieldmask_kl002_e5,Field credit + field KL 0.02,778,72.71,4.5e-07,196,0.04217,1455,45.78,1d 6h 40m 9s,160.1,163.1,1,0,0,0,0.0004826,0,0.02718,0.03149,-0.0307,0.02185,0.002609,0.00145,0,0,1,39.53,45.74,1,33.01,1,0.9672,0.1427,1,0.05556,-0.05208,0.02778
0,143,110.7,75,8h 55m 29s,2.677,3,fieldmask_kl002_e5,Field credit + field KL 0.02,779,70.16,4.4e-07,197,0.02983,1455,45.78,1d 6h 37m 31s,164.4,163.1,1,0,0,0,-0.0005431,0,0.03441,0.03589,-0.02473,0.02222,0.001577,0,0,0,1,37.85,43.71,1,34.46,1,0.9008,0.2078,1,0,0,0
0,155,111.4,85,8h 58m 12s,2.68,3,fieldmask_kl002_e5,Field credit + field KL 0.02,780,55.97,4.4e-07,198,0.0758,1455,45.78,1d 6h 34m 47s,162.5,163.1,1,0,0,0,0,0,0.07297,0.02795,0.01461,0.02197,0.008426,0,0,0,1,37.56,43.35,1,33.86,1,0.9523,0.1904,1,0,0,0
0,156,109.4,77,9h 0m 54s,2.684,3,fieldmask_kl002_e5,Field credit + field KL 0.02,781,42.9,4.4e-07,199,0.05067,1455,45.78,1d 6h 31m 58s,161.2,163.1,1,0,0,0,0,0,0.06993,0.03174,0.01204,0.02234,0.003814,0,0,0,1,37.92,43.74,1,33.78,1,0.9673,0.1835,1,0,0,0
0,142,110.4,88,9h 3m 38s,2.687,3,fieldmask_kl002_e5,Field credit + field KL 0.02,782,48.44,4.4e-07,200,0.05505,1455,45.78,1d 6h 29m 19s,164.1,163.1,1,0,0,0,0,0,0.03181,0.03003,-0.02834,0.02307,0.007045,0,0,0,1,38.21,44.16,1,34.61,1,0.9419,0.236,1,0,0,0
0,159,110.8,76,9h 6m 23s,2.691,3,fieldmask_kl002_e5,Field credit + field KL 0.02,783,49.53,4.4e-07,201,0.07738,1455,45.78,1d 6h 26m 43s,164.9,163.1,1,0,0,0,0,0,0.01919,0.03247,-0.04128,0.02295,0.005052,0,0,0,1,37.19,42.91,1,35.94,1,0.9528,0.3838,1,0,0,0
0,137,110.2,83,9h 9m 6s,2.694,3,fieldmask_kl002_e5,Field credit + field KL 0.02,784,78.53,4.4e-07,202,0.06591,1455,45.78,1d 6h 24m 1s,163.2,163.1,1,0,0,0,0,0,0.1042,0.03113,0.04835,0.02234,0.002434,0,0,0,1,37.63,43.45,1,33.64,1,0.9743,0.2046,1,0,0,0
0,155,108.5,80,9h 11m 47s,2.698,3,fieldmask_kl002_e5,Field credit + field KL 0.02,785,35.41,4.4e-07,203,0.05654,1455,45.78,1d 6h 21m 10s,160.4,163.1,1,0,0,0,0,0,0.05142,0.02747,0.004157,0.02234,-0.002539,0,0,0,1,37.85,43.69,1,33.45,1,0.8982,0.3821,1,0,0,0
0,149,108.5,81,9h 14m 34s,2.701,3,fieldmask_kl002_e5,Field credit + field KL 0.02,786,81.18,4.4e-07,204,0.04646,1455,45.78,1d 6h 18m 38s,166.3,163.1,1,0,0,0,0,0,-0.04445,0.02698,-0.0874,0.02136,-0.005391,0,0,0,1,37.63,43.39,1,34.29,1,0.8898,0.3496,1,0,0,0
0,151,108.5,73,9h 17m 15s,2.704,3,fieldmask_kl002_e5,Field credit + field KL 0.02,787,52.02,4.4e-07,205,0.0615,1455,45.78,1d 6h 15m 49s,161.1,163.1,1,0,0,0,0,0,0.1124,0.02979,0.06115,0.02173,-0.001011,0.0007386,0,0,1,38.73,44.78,1,34.83,1,0.9356,0.0927,1,0.02778,-0.008681,0
0,143,110.7,85,9h 20m 3s,2.708,3,fieldmask_kl002_e5,Field credit + field KL 0.02,788,73.2,4.3e-07,206,0.04662,1455,45.78,1d 6h 13m 22s,167.7,163.1,1,0,0,0,0,0,0.08752,0.03149,0.03546,0.02246,-0.001894,0,0,0,1,38.07,43.94,1,38.6,1,0.9971,0.2714,1,0,0,0
0,144,110,86,9h 22m 43s,2.711,3,fieldmask_kl002_e5,Field credit + field KL 0.02,789,91.68,4.3e-07,207,0.03518,1455,45.78,1d 6h 10m 29s,159.7,163.1,1,0,0,0,-0.002673,0,0.03271,0.03369,-0.0187,0.02185,-0.00146,0,0,0,1,38.36,44.29,1,32.78,1,0.9205,0.2591,1,0,0,0
0.006944,160,111.2,88,9h 25m 25s,2.715,3,fieldmask_kl002_e5,Field credit + field KL 0.02,790,91.59,4.3e-07,208,0.03327,1455,45.78,1d 6h 7m 44s,162.3,163.1,1,0,0,0,-0.002312,0,0.01849,0.03223,-0.03628,0.02271,0.00447,-0.002312,0,0,1,39.53,45.76,1,34.76,1,0.8877,0.3379,1,0.02778,-0.02778,0.02778
0,150,109.6,90,9h 28m 11s,2.718,3,fieldmask_kl002_e5,Field credit + field KL 0.02,791,69.38,4.3e-07,209,0.06452,1455,45.78,1d 6h 5m 9s,165.7,163.1,1,0,0,0,0,0,0.08311,0.03662,0.02636,0.02307,-0.002943,0,0,0,1,37.85,43.65,1,35.03,1,0.9873,0.3321,1,0,0,0
0,138,109.6,82,9h 30m 56s,2.722,3,fieldmask_kl002_e5,Field credit + field KL 0.02,792,78.57,4.3e-07,210,0.05261,1455,45.78,1d 6h 2m 32s,164.7,163.1,1,0,0,0,0,0,0.02177,0.03271,-0.03634,0.02234,0.003062,0,0,0,1,37.92,43.74,1,35.85,1,0.8474,0.4663,1,0,0,0
0,146,110.7,84,9h 33m 42s,2.725,3,fieldmask_kl002_e5,Field credit + field KL 0.02,793,55.83,4.3e-07,211,0.06585,1455,45.78,1d 5h 59m 56s,165.2,163.1,1,0,0,0,0,0,0.1026,0.03149,0.04646,0.02307,0.001589,0,0,0,1,38.21,44.15,1,35.76,1,0.9396,0.2781,1,0,0,0
0,158,112.2,85,9h 36m 24s,2.729,3,fieldmask_kl002_e5,Field credit + field KL 0.02,794,100.1,4.3e-07,212,0.01806,1455,45.78,1d 5h 57m 11s,162.2,163.1,1,0,0,0,0,0,-0.03042,0.02441,-0.07133,0.02295,-0.00479,-0.001662,0,0,1,38.73,44.72,1,35.24,1,0.9662,0.4165,1,0.02778,-0.008681,0
0,158,109.5,75,9h 39m 12s,2.732,3,fieldmask_kl002_e5,Field credit + field KL 0.02,795,108.5,4.3e-07,213,0.06106,1455,45.78,1d 5h 54m 41s,167.2,163.2,1,0,0,0,0,0,0.08279,0.03589,0.02509,0.02246,-0.0005893,-6.376e-05,0,0,1,38.43,44.39,1,34.95,1,0.926,0.3175,1,0.02778,-0.001736,0
0,140,110.1,75,9h 41m 53s,2.735,3,fieldmask_kl002_e5,Field credit + field KL 0.02,796,112.4,4.3e-07,214,0.08466,1455,45.78,1d 5h 51m 52s,161.1,163.1,1,0,0,0,0,0,0.08737,0.03662,0.02868,0.02271,-0.0006359,0,0,0,1,38.07,43.96,1,34.09,1,0.838,0.2574,1,0,0,0
0,149,109.3,71,9h 44m 35s,2.739,3,fieldmask_kl002_e5,Field credit + field KL 0.02,797,63.33,4.3e-07,215,0.03787,1455,45.78,1d 5h 49m 5s,161.6,163.1,1,0,0,0,0,0,0.02652,0.02747,-0.02179,0.02197,-0.001129,0,0,0,1,37.78,43.63,1,34.45,1,0.9412,0.4516,1,0,0,0
0,160,112.8,82,9h 47m 21s,2.742,3,fieldmask_kl002_e5,Field credit + field KL 0.02,798,63.48,4.2e-07,216,0.06125,1455,45.78,1d 5h 46m 31s,165.7,163.2,1,0,0,0,0,0,0.07697,0.02405,0.02644,0.02185,0.005514,-0.0008791,0,0,1,38.94,45.07,1,34.94,1,0.9624,0.3135,1,0.05556,-0.02604,0
0,143,110.5,82,9h 50m 5s,2.746,3,fieldmask_kl002_e5,Field credit + field KL 0.02,799,68.7,4.2e-07,217,0.1168,1455,45.78,1d 5h 43m 52s,164.5,163.2,1,0,0,0,0,0,0.07018,0.02673,0.026,0.02307,-0.005626,0,0,0,1,37.41,43.18,1,34.81,1,0.9559,0.3508,1,0,0,0
0,154,110.5,78,9h 52m 46s,2.749,3,fieldmask_kl002_e5,Field credit + field KL 0.02,800,67.35,4.2e-07,218,0.04369,1455,45.78,1d 5h 41m 2s,160.6,163.1,1,0,0,0,0,0,0.01956,0.03687,-0.03478,0.02234,-0.007232,0.002365,0,0,1,39.09,45.25,1,33.96,1,0.9304,0.3929,1,0.05556,-0.02257,0
0.01389,160,114.7,87,9h 55m 33s,2.753,3,fieldmask_kl002_e5,Field credit + field KL 0.02,801,84.01,4.2e-07,219,0.0585,1455,45.78,1d 5h 38m 31s,166.9,163.2,1,0,0,0,0.001081,0,0.1089,0.03589,0.05029,0.02197,-0.002201,0.001857,0,0,1,39.53,45.78,1,38.92,1,0.9576,0.3345,1,0.08333,-0.05556,0.02778
0,159,112.9,81,9h 58m 18s,2.756,3,fieldmask_kl002_e5,Field credit + field KL 0.02,802,41.28,4.2e-07,220,0.07249,1455,45.78,1d 5h 35m 51s,163.9,163.2,1,0,0,0,0,0,0.06028,0.03198,0.018,0.02173,-0.01144,1.721e-05,0,0,1,39.45,45.68,1,33.21,1,0.9794,0.2082,1,0.02778,-0.02604,0
0,156,111.6,89,10h 1m 2s,2.759,3,fieldmask_kl002_e5,Field credit + field KL 0.02,803,137.5,4.2e-07,221,0.04701,1455,45.78,1d 5h 33m 12s,164.4,163.2,1,0,0,0,0,0,0.02925,0.04004,-0.02898,0.02136,-0.001734,-0.001432,0,0,1,39.24,45.37,1,34.69,1,0.986,0.2053,1,0.02778,-0.02083,0
0,150,110.9,78,10h 3m 44s,2.763,3,fieldmask_kl002_e5,Field credit + field KL 0.02,804,44.72,4.2e-07,222,0.08712,1455,45.78,1d 5h 30m 25s,161.6,163.2,1,0,0,0,0,0,0.07493,0.02979,0.03148,0.02295,-0.009276,0,0,0,1,36.9,42.55,1,36.29,1,0.9282,0.1433,1,0,0,0
0.006944,160,111.3,82,10h 6m 27s,2.766,3,fieldmask_kl002_e5,Field credit + field KL 0.02,805,70.44,4.2e-07,223,0.08268,1455,45.78,1d 5h 27m 41s,162.6,163.2,1,0,0,0,0,0,0.06528,0.03589,0.01705,0.02283,-0.01347,0.002973,0,0,1,38.43,44.43,1,34.46,1,0.9525,0.2097,1,0.02778,-0.001736,0
0,160,111.3,82,10h 9m 11s,2.77,3,fieldmask_kl002_e5,Field credit + field KL 0.02,806,47.44,4.2e-07,224,0.06068,1455,45.78,1d 5h 25m 1s,163.7,163.2,1,0,0,0,0,0,0.03743,0.03003,-0.01901,0.02344,0.002977,0,0,0,1,37.78,43.63,1,34.55,1,0.9749,0.3473,1,0,0,0
0,153,113.5,78,10h 11m 58s,2.773,3,fieldmask_kl002_e5,Field credit + field KL 0.02,807,56.14,4.1e-07,225,0.06857,1455,45.78,1d 5h 22m 27s,166.1,163.2,1,0,0,0,0,0,0.08817,0.03198,0.02672,0.02307,0.001698,0.004698,0,0,1,39.02,45.09,1,35.37,1,0.9525,0.4109,1,0.05556,-0.02083,0
0,152,110.3,70,10h 14m 40s,2.777,3,fieldmask_kl002_e5,Field credit + field KL 0.02,808,61.53,4.1e-07,226,0.07553,1455,45.78,1d 5h 19m 42s,162.1,163.2,1,0,0,0,0,0,0.1235,0.03345,0.06467,0.02234,0.003086,0,0,0,1,38,43.82,1,33.32,1,0.9864,0.1193,1,0,0,0
0,156,111.2,85,10h 17m 29s,2.78,3,fieldmask_kl002_e5,Field credit + field KL 0.02,809,56.07,4.1e-07,227,0.08075,1455,45.78,1d 5h 17m 14s,168.4,163.2,1,0,0,0,0,0,0.09791,0.02954,0.04915,0.02173,-0.002506,0,0,0,1,37.63,43.43,1,35.52,1,0.9253,0.2767,1,0,0,0
0,146,111.8,80,10h 20m 12s,2.784,3,fieldmask_kl002_e5,Field credit + field KL 0.02,810,110.2,4.1e-07,228,0.06956,1455,45.78,1d 5h 14m 32s,163.2,163.2,1,0,0,0,0,0,0.05396,0.03149,0.01696,0.02063,-0.013,-0.002118,0,0,1,38.51,44.49,1,32.78,1,0.9818,0.238,1,0.02778,-0.003472,0
0,147,112.4,80,10h 22m 54s,2.787,3,fieldmask_kl002_e5,Field credit + field KL 0.02,811,57.4,4.1e-07,229,0.04859,1455,45.78,1d 5h 11m 43s,161.1,163.2,1,0,0,0,0,0,0.04433,0.03467,-0.01417,0.02063,0.00323,-3.022e-05,0,0,1,38.43,44.39,1,32.85,1,0.9526,0.2012,1,0.02778,-0.001736,0
0,152,109.8,82,10h 25m 38s,2.79,3,fieldmask_kl002_e5,Field credit + field KL 0.02,812,71.42,4.1e-07,230,0.05383,1455,45.78,1d 5h 9m 4s,164.2,163.2,1,0,0,0,0,0,0.1364,0.02563,0.09116,0.02112,-0.001525,0,0,0,1,38.21,44.16,1,35.06,1,0.9836,0.2301,1,0,0,0
0,148,109.5,82,10h 28m 21s,2.794,3,fieldmask_kl002_e5,Field credit + field KL 0.02,813,63.35,4.1e-07,231,0.03826,1455,45.78,1d 5h 6m 18s,162.2,163.2,1,0,0,0,0,0,0.0009836,0.03052,-0.05623,0.02295,0.003752,0,0,0,1,37.85,43.71,1,35.53,1,0.9574,0.3676,1,0,0,0
0,146,110.2,84,10h 31m 4s,2.797,3,fieldmask_kl002_e5,Field credit + field KL 0.02,814,38.39,4.1e-07,232,0.08071,1455,45.78,1d 5h 3m 37s,163.6,163.2,1,0,0,0,0,0,0.09511,0.02979,0.03487,0.02197,0.008488,0,0,0,1,38.29,44.25,1,34.77,1,0.9939,0.2089,1,0,0,0
0,144,113.1,84,10h 33m 49s,2.801,3,fieldmask_kl002_e5,Field credit + field KL 0.02,815,46.97,4.1e-07,233,0.04728,1455,45.78,1d 5h 0m 56s,163.9,163.2,1,0,0,0,0,0,0.09461,0.0332,0.04065,0.02197,-0.001224,0,0,0,1,37.92,43.79,1,33.8,1,0.9633,0.5434,1,0,0,0
0,155,109.5,85,10h 36m 33s,2.804,3,fieldmask_kl002_e5,Field credit + field KL 0.02,816,47.17,4.1e-07,234,0.04883,1455,45.78,1d 4h 58m 17s,164.3,163.2,1,0,0,0,0,0,0.04157,0.03149,-0.009882,0.02295,-0.002989,0,0,0,1,37.56,43.31,1,37.47,1,0.9271,0.2745,1,0,0,0
0,154,110.9,82,10h 39m 17s,2.808,3,fieldmask_kl002_e5,Field credit + field KL 0.02,817,82.57,4e-07,235,0.05104,1455,45.78,1d 4h 55m 36s,163.7,163.2,1,0,0,0,0,0,0.06553,0.03064,0.00853,0.02197,0.003721,0.0006636,0,0,1,39.09,45.21,1,35.2,1,0.9083,0.1361,1,0.05556,-0.02257,0
0,140,109.9,79,10h 41m 59s,2.811,3,fieldmask_kl002_e5,Field credit + field KL 0.02,818,43.86,4e-07,236,0.1,1455,45.78,1d 4h 52m 50s,162.1,163.2,1,0,0,0,0,0,0.07942,0.0332,0.02121,0.02332,0.001696,0,0,0,1,37.63,43.41,1,31.38,1,0.9972,0.3396,1,0,0,0
0.006944,160,110.3,79,10h 44m 43s,2.814,3,fieldmask_kl002_e5,Field credit + field KL 0.02,819,36.42,4e-07,237,0.02866,1455,45.78,1d 4h 50m 8s,163.4,163.2,1,0,0,0,0,0,0.0195,0.0332,-0.03489,0.02173,-0.0004955,-4.431e-05,0,0,1,38.43,44.41,1,34.58,1,0.9366,0.281,1,0.02778,-0.001736,0
0,148,110.2,85,10h 47m 25s,2.818,3,fieldmask_kl002_e5,Field credit + field KL 0.02,820,103.3,4e-07,238,0.0533,1455,45.78,1d 4h 47m 22s,162.1,163.2,1,0,0,0,0,0,0.0391,0.02527,-0.009389,0.02222,-0.0004873,0.001491,0,0,1,38.43,44.41,1,34.2,1,0.9546,0.3285,1,0.02778,-0.001736,0
0,160,112.4,81,10h 50m 10s,2.821,3,fieldmask_kl002_e5,Field credit + field KL 0.02,821,58.33,4e-07,239,0.04424,1455,45.78,1d 4h 44m 42s,164.3,163.2,1,0,0,0,0,0,0.01949,0.02942,-0.03576,0.02124,0.004313,0.0002791,0,0,1,38.8,44.82,1,34.36,1,0.9753,0.05356,1,0.05556,-0.01215,0
0,148,110.6,75,10h 52m 55s,2.825,3,fieldmask_kl002_e5,Field credit + field KL 0.02,822,116.4,4e-07,240,0.06761,1455,45.78,1d 4h 42m 5s,165,163.2,1,0,0,0,0,0,0.06618,0.03247,0.01518,0.02136,-0.0006261,-0.002205,0,0,1,38.58,44.6,1,37.81,1,0.9906,0.1656,1,0.02778,-0.005208,0
0,151,112.3,84,10h 55m 39s,2.828,3,fieldmask_kl002_e5,Field credit + field KL 0.02,823,54.12,4e-07,241,0.06793,1455,45.78,1d 4h 39m 24s,163.8,163.2,1,0,0,0,0,0,0.1066,0.02271,0.06383,0.02246,-0.002423,0,0,0,1,37.48,43.26,1,35.53,1,0.9471,0.2055,1,0,0,0
0,147,108.3,83,10h 58m 24s,2.832,3,fieldmask_kl002_e5,Field credit + field KL 0.02,824,56.77,4e-07,242,0.03021,1455,45.78,1d 4h 36m 44s,164.4,163.2,1,0,0,0,0,0,0.02225,0.03015,-0.02537,0.02185,-0.002618,-0.001758,0,0,1,38.58,44.58,1,33.95,1,0.9624,0.209,1,0.02778,-0.005208,0
0,146,111.2,82,11h 1m 9s,2.835,3,fieldmask_kl002_e5,Field credit + field KL 0.02,825,80.32,4e-07,243,0.04586,1455,45.78,1d 4h 34m 6s,165,163.2,1,0,0,0,0,0,0.02228,0.03247,-0.03424,0.02332,0.0007315,0,0,0,1,37.48,43.22,1,34.03,1,0.983,0.2137,1,0,0,0
0,149,109.3,85,11h 3m 55s,2.838,3,fieldmask_kl002_e5,Field credit + field KL 0.02,826,57.59,3.9e-07,244,0.07654,1455,45.78,1d 4h 31m 30s,165.9,163.3,1,0,0,0,0,0,0.06932,0.02881,0.01304,0.02234,0.005136,0,0,0,1,37.92,43.8,1,35.11,1,0.9664,0.3401,1,0,0,0
0,144,111.6,85,11h 6m 37s,2.842,3,fieldmask_kl002_e5,Field credit + field KL 0.02,827,48.58,3.9e-07,245,0.08044,1455,45.78,1d 4h 28m 44s,161.6,163.3,1,0,0,0,0,0,0.07524,0.03027,0.02883,0.02307,-0.006936,0,0,0,1,37.63,43.41,1,34.53,1,0.9755,0.1951,1,0,0,0
0,155,110.2,86,11h 9m 18s,2.845,3,fieldmask_kl002_e5,Field credit + field KL 0.02,828,76.27,3.9e-07,246,0.05351,1455,45.78,1d 4h 25m 53s,160.1,163.2,1,0,0,0,0,0,0.04444,0.03088,-0.006601,0.02222,-0.002498,0.0004342,0,0,1,38.8,44.86,1,32.69,1,0.9388,0.1279,1,0.02778,-0.01042,0
0,146,109.4,75,11h 12m 5s,2.849,3,fieldmask_kl002_e5,Field credit + field KL 0.02,829,61.34,3.9e-07,247,0.0318,1455,45.78,1d 4h 23m 19s,166.6,163.3,1,0,0,0,0,0,0.01514,0.03662,-0.04929,0.02283,0.006546,-0.001568,0,0,1,38.51,44.51,1,34.93,1,0.9382,0.5779,1,0.02778,-0.003472,0
0,156,110.8,80,11h 14m 47s,2.852,3,fieldmask_kl002_e5,Field credit + field KL 0.02,830,46.09,3.9e-07,248,0.0669,1455,45.78,1d 4h 20m 33s,161.9,163.3,1,0,0,0,0,0,0.0444,0.03638,-0.00455,0.02283,-0.009919,-0.0003394,0,0,1,38.43,44.45,1,33.87,1,0.8281,0.5088,1,0.02778,-0.001736,0
0.006944,160,111.8,82,11h 17m 32s,2.856,3,fieldmask_kl002_e5,Field credit + field KL 0.02,831,79.44,3.9e-07,249,0.07355,1455,45.78,1d 4h 17m 55s,165.2,163.3,1,0,0,0,0,0,0.04172,0.02893,-0.008784,0.02161,-3.753e-05,0,0,0,1,37.41,43.2,1,33.82,1,0.9724,0.4167,1,0,0,0
0,149,110.8,85,11h 20m 16s,2.859,3,fieldmask_kl002_e5,Field credit + field KL 0.02,832,56.96,3.9e-07,250,0.02974,1455,45.78,1d 4h 15m 14s,164,163.3,1,0,0,0,0,0,-0.003104,0.02661,-0.05372,0.02124,0.002766,0,0,0,1,38.07,44.02,1,35.18,1,0.9272,0.39,1,0,0,0
0,136,107,79,11h 23m 2s,2.863,3,fieldmask_kl002_e5,Field credit + field KL 0.02,833,92.51,3.9e-07,251,0.02195,1455,45.78,1d 4h 12m 37s,165.3,163.3,1,0,0,0,0,0,0.09038,0.02808,0.03316,0.02222,0.006934,0,0,0,1,37.78,43.61,1,35.42,1,0.9781,0.3577,1,0,0,0
0.006944,160,109.9,85,11h 25m 42s,2.866,3,fieldmask_kl002_e5,Field credit + field KL 0.02,834,63.14,3.9e-07,252,0.09281,1455,45.78,1d 4h 9m 46s,160.2,163.3,1,0,0,0,0,0,0.1009,0.02844,0.05725,0.02283,-0.00765,0,0,0,1,37.12,42.77,1,34.32,1,0.9066,0.5555,1,0,0,0
0,139,109.1,81,11h 28m 23s,2.869,3,fieldmask_kl002_e5,Field credit + field KL 0.02,835,63.35,3.8e-07,253,0.0389,1455,45.78,1d 4h 6m 58s,160.7,163.3,1,0,0,0,0,0,0.06017,0.03064,0.007909,0.02295,-0.001326,0,0,0,1,37.63,43.43,1,33.51,1,0.9826,0.326,1,0,0,0
0,157,109.3,84,11h 31m 9s,2.873,3,fieldmask_kl002_e5,Field credit + field KL 0.02,836,58.08,3.8e-07,254,0.05264,1455,45.78,1d 4h 4m 19s,165.1,163.3,1,0,0,0,0,0,0.04773,0.03198,-0.006201,0.02197,-0.002723,0.002696,0,0,1,38.51,44.49,1,37.89,1,0.9873,0.2718,1,0.02778,-0.003472,0
0,143,109.6,80,11h 33m 51s,2.876,3,fieldmask_kl002_e5,Field credit + field KL 0.02,837,101.3,3.8e-07,255,0.05378,1455,45.78,1d 4h 1m 34s,161.9,163.3,1,0,0,0,0,0,0.05962,0.02979,0.02187,0.02307,-0.01511,0,0,0,1,37.78,43.63,1,35,1,0.9642,0.2543,1,0,0,0
0,151,108.3,82,11h 36m 33s,2.88,3,fieldmask_kl002_e5,Field credit + field KL 0.02,838,53.29,3.8e-07,256,0.03295,1455,45.78,1d 3h 58m 48s,161.9,163.3,1,0,0,0,0,0,0.02972,0.03711,-0.02093,0.02283,-0.009289,0,0,0,1,37.41,43.18,1,33.99,1,0.9122,0.6437,1,0,0,0
0,139,106.2,78,11h 39m 19s,2.883,3,fieldmask_kl002_e5,Field credit + field KL 0.02,839,52.72,3.8e-07,257,0.04393,1455,45.78,1d 3h 56m 10s,165.5,163.3,1,0,0,0,0,0,0.08263,0.03394,0.02039,0.02307,0.00523,0,0,0,1,38,43.9,1,32.62,1,0.9767,0.06436,1,0,0,0
0,140,106.8,82,11h 41m 60s,2.887,3,fieldmask_kl002_e5,Field credit + field KL 0.02,840,54.41,3.8e-07,258,0.04787,1455,45.78,1d 3h 53m 22s,160.8,163.3,1,0,0,0,0,0,0.01095,0.03369,-0.05057,0.02246,0.005365,0,0,0,1,37.19,42.95,1,34.64,1,0.9586,0.214,1,0,0,0
0,143,109.2,84,11h 44m 49s,2.89,3,fieldmask_kl002_e5,Field credit + field KL 0.02,841,60.73,3.8e-07,259,0.05597,1455,45.78,1d 3h 50m 53s,169.1,163.3,1,0,0,0,0,0,0.07527,0.0332,0.01414,0.02185,0.006076,0,0,0,1,38.29,44.21,1,34.24,1,0.9128,0.3646,1,0,0,0
0,141,106.7,81,11h 47m 29s,2.893,3,fieldmask_kl002_e5,Field credit + field KL 0.02,842,64.01,3.8e-07,260,0.0305,1455,45.78,1d 3h 48m 3s,160.1,163.3,1,0,0,0,0,0,0.06383,0.03113,0.006543,0.02417,0.001991,0,0,0,1,37.92,43.74,1,33.59,1,0.9441,0.2642,1,0,0,0
0,150,107.2,80,11h 50m 12s,2.897,3,fieldmask_kl002_e5,Field credit + field KL 0.02,843,46.03,3.8e-07,261,0.05119,1455,45.78,1d 3h 45m 17s,162,163.3,1,0,0,0,0,0,0.03155,0.0332,-0.02151,0.02502,-0.005175,0,0,0,1,36.9,42.55,1,36.03,1,0.929,0.3907,1,0,0,0
0,140,105.8,77,11h 52m 54s,2.9,3,fieldmask_kl002_e5,Field credit + field KL 0.02,844,72.48,3.8e-07,262,0.04597,1455,45.78,1d 3h 42m 32s,162.1,163.3,1,0,0,0,0,0,0.08512,0.03198,0.03282,0.02405,-0.00373,0,0,0,1,36.68,42.28,1,33.71,1,0.8714,0.1937,1,0,0,0
0,142,104.1,81,11h 55m 33s,2.904,3,fieldmask_kl002_e5,Field credit + field KL 0.02,845,58.01,3.7e-07,263,0.03834,1455,45.78,1d 3h 39m 39s,158.7,163.2,1,0,0,0,0,0,0.1025,0.03369,0.04794,0.0238,-0.002911,0,0,0,1,37.48,43.26,1,33.99,1,0.9643,0.4827,1,0,0,0
0,138,105.5,75,11h 58m 16s,2.907,3,fieldmask_kl002_e5,Field credit + field KL 0.02,846,62.66,3.7e-07,264,0.05035,1455,45.78,1d 3h 36m 54s,162.3,163.2,1,0,0,0,0,0,0.07339,0.0354,0.009614,0.02417,0.004206,0,0,0,1,37.85,43.67,1,35.94,1,0.9689,0.326,1,0,0,0
0,137,106.1,80,12h 0m 57s,2.911,3,fieldmask_kl002_e5,Field credit + field KL 0.02,847,58.33,3.7e-07,265,0.0893,1455,45.78,1d 3h 34m 6s,161.3,163.2,1,0,0,0,0,0,0.09249,0.03113,0.03564,0.02295,0.00277,0,0,0,1,37.63,43.41,1,34.03,1,0.9353,0.3005,1,0,0,0
0,140,105.7,81,12h 3m 40s,2.914,3,fieldmask_kl002_e5,Field credit + field KL 0.02,848,75.95,3.7e-07,266,0.06457,1455,45.78,1d 3h 31m 22s,162.3,163.2,1,0,0,0,0,0,0.1003,0.03442,0.0396,0.02454,0.00172,0,0,0,1,36.83,42.46,1,33.47,1,0.985,0.5199,1,0,0,0
0,152,107.1,84,12h 6m 25s,2.918,3,fieldmask_kl002_e5,Field credit + field KL 0.02,849,97.09,3.7e-07,267,0.04232,1455,45.78,1d 3h 28m 44s,165.3,163.2,1,0,0,0,0,0,0.01745,0.03418,-0.03096,0.02405,-0.009816,0,0,0,1,38.07,43.96,1,35.66,1,0.9395,0.3659,1,0,0,0
0,147,103.5,75,12h 9m 8s,2.921,3,fieldmask_kl002_e5,Field credit + field KL 0.02,850,55.28,3.7e-07,268,0.05516,1455,45.78,1d 3h 25m 60s,162.6,163.2,1,0,0,0,0,0,0.03815,0.03394,-0.03145,0.02454,0.01112,0,0,0,1,36.68,42.26,1,35.38,1,0.9649,0.09771,1,0,0,0
0,145,105.1,80,12h 11m 51s,2.924,3,fieldmask_kl002_e5,Field credit + field KL 0.02,851,63.88,3.7e-07,269,0.06471,1455,45.78,1d 3h 23m 15s,162.4,163.2,1,0,0,0,0,0,0.02664,0.03857,-0.03754,0.02393,0.001683,0,0,0,1,38,43.88,1,32.17,1,0.973,0.1582,1,0,0,0
0,155,104,81,12h 14m 29s,2.928,3,fieldmask_kl002_e5,Field credit + field KL 0.02,852,55.85,3.7e-07,270,0.05777,1455,45.78,1d 3h 20m 20s,157.8,163.2,1,0,0,0,0,0,0.0605,0.03296,0.009339,0.02441,-0.006214,0,0,0,1,37.48,43.26,1,32.58,1,0.9529,0.3718,1,0,0,0
0,137,104.4,80,12h 17m 10s,2.931,3,fieldmask_kl002_e5,Field credit + field KL 0.02,853,46.71,3.7e-07,271,0.04598,1455,45.78,1d 3h 17m 34s,161.3,163.2,1,0,0,0,0,0,0.05899,0.03784,-0.004951,0.02307,0.003031,0,0,0,1,37.85,43.71,1,34.63,1,0.9394,0.1691,1,0,0,0
0,140,107.5,76,12h 19m 54s,2.935,3,fieldmask_kl002_e5,Field credit + field KL 0.02,854,66.89,3.7e-07,272,0.06431,1455,45.78,1d 3h 14m 51s,163.1,163.2,1,0,0,0,0,0,0.07524,0.03052,0.0221,0.02307,-0.0004461,0,0,0,1,38.07,43.98,1,34.63,1,0.9055,0.3317,1,0,0,0
0,143,105.4,77,12h 22m 42s,2.938,3,fieldmask_kl002_e5,Field credit + field KL 0.02,855,49.03,3.6e-07,273,0.06427,1455,45.78,1d 3h 12m 18s,167.7,163.2,1,0,0,0,0,0,0.1054,0.03271,0.0359,0.02454,0.01225,0,0,0,1,37.56,43.35,1,35.26,1,0.9624,0.07989,1,0,0,0
0,136,104.3,83,12h 25m 28s,2.942,3,fieldmask_kl002_e5,Field credit + field KL 0.02,856,67.78,3.6e-07,274,0.06026,1455,45.78,1d 3h 9m 42s,166.3,163.2,1,0,0,0,0,0,0.1105,0.02661,0.05654,0.02441,0.00294,0,0,0,1,37.78,43.61,1,34,1,0.9742,0.1518,1,0,0,0
0,141,105,82,12h 28m 13s,2.945,3,fieldmask_kl002_e5,Field credit + field KL 0.02,857,89.33,3.6e-07,275,0.04285,1455,45.78,1d 3h 7m 3s,164.9,163.2,1,0,0,0,0,0,-0.01841,0.02856,-0.056,0.0238,-0.01478,0,0,0,1,37.48,43.24,1,32.9,1,0.9439,0.3641,1,0,0,0
0,138,106.2,87,12h 30m 58s,2.948,3,fieldmask_kl002_e5,Field credit + field KL 0.02,858,67.71,3.6e-07,276,0.07275,1455,45.78,1d 3h 4m 23s,164.5,163.3,1,0,0,0,0,0,-0.01404,0.03125,-0.06544,0.02222,-0.00207,0,0,0,1,37.92,43.8,1,33.49,1,0.9905,0.2959,1,0,0,0
0,135,105.3,77,12h 33m 35s,2.952,3,fieldmask_kl002_e5,Field credit + field KL 0.02,859,62.3,3.6e-07,277,0.06619,1455,45.78,1d 3h 1m 26s,156.7,163.2,1,0,0,0,0,0,0.07217,0.03931,0.007172,0.02417,0.001518,0,0,0,1,37.7,43.49,1,32.73,1,0.9472,0.4466,1,0,0,0
0,131,104.9,77,12h 36m 18s,2.955,3,fieldmask_kl002_e5,Field credit + field KL 0.02,860,69.05,3.6e-07,278,0.05971,1455,45.78,1d 2h 58m 41s,162.3,163.2,1,0,0,0,0,0,0.01503,0.03345,-0.03356,0.02405,-0.008907,0,0,0,1,37.41,43.18,1,34.88,1,0.9727,0.4601,1,0,0,0
0,139,104.7,85,12h 39m 3s,2.959,3,fieldmask_kl002_e5,Field credit + field KL 0.02,861,98.83,3.6e-07,279,0.0759,1455,45.78,1d 2h 56m 2s,164.6,163.2,1,0,0,0,0,0,0.1178,0.0354,0.05672,0.02393,0.001788,0,0,0,1,38,43.88,1,37.35,1,0.9592,0.4428,1,0,0,0
0,146,107.2,82,12h 41m 52s,2.962,3,fieldmask_kl002_e5,Field credit + field KL 0.02,862,60.36,3.6e-07,280,0.04943,1455,45.78,1d 2h 53m 32s,169.2,163.3,1,0,0,0,0,0,0.04764,0.03589,-0.01088,0.02551,-0.002877,0,0,0,1,36.97,42.65,1,38.56,1,0.9551,0.1715,1,0,0,0
0.006944,160,106.9,80,12h 44m 34s,2.966,3,fieldmask_kl002_e5,Field credit + field KL 0.02,863,73.4,3.6e-07,281,0.06873,1455,45.78,1d 2h 50m 46s,162.1,163.3,1,0,0,0,0,0,0.03736,0.03833,-0.01306,0.0238,-0.01171,0,0,0,1,37.19,42.9,1,34.02,1,0.9868,0.5064,1,0,0,0
0,145,106.2,81,12h 47m 20s,2.969,3,fieldmask_kl002_e5,Field credit + field KL 0.02,864,75.24,3.5e-07,282,0.1146,1455,45.78,1d 2h 48m 7s,164.9,163.3,1,0,0,0,0,0,0.02408,0.02441,-0.03061,0.02454,0.005749,0,0,0,1,37.12,42.77,1,37.15,1,0.8569,0.5292,1,0,0,0
0,139,106.1,80,12h 50m 5s,2.973,3,fieldmask_kl002_e5,Field credit + field KL 0.02,865,56.84,3.5e-07,283,0.09107,1455,45.78,1d 2h 45m 29s,165.4,163.3,1,0,0,0,0,0,0.04433,0.02588,-0.009779,0.02307,0.005155,0,0,0,1,38,43.84,1,34.01,1,0.9365,0.3905,1,0,0,0
0,151,107,82,12h 52m 53s,2.976,3,fieldmask_kl002_e5,Field credit + field KL 0.02,866,45.81,3.5e-07,284,0.08377,1455,45.78,1d 2h 42m 55s,167.5,163.3,1,0,0,0,0,0,0.1539,0.05273,0.07406,0.02344,0.003711,0,0,0,1,37.12,42.77,1,37.93,1,0.9447,0.3018,1,0,0,0
0,139,105.6,84,12h 55m 34s,2.979,3,fieldmask_kl002_e5,Field credit + field KL 0.02,867,107.2,3.5e-07,285,0.1323,1455,45.78,1d 2h 40m 6s,160.4,163.3,1,0,0,0,0,0,0.1203,0.03979,0.06641,0.0238,-0.009751,0,0,0,1,37.63,43.43,1,34.68,1,0.9473,0.3031,1,0,0,0
0,147,107.5,81,12h 58m 19s,2.983,3,fieldmask_kl002_e5,Field credit + field KL 0.02,868,76.64,3.5e-07,286,0.09672,1455,45.78,1d 2h 37m 27s,164.9,163.3,1,0,0,0,0,0,0.03067,0.0332,-0.02896,0.02332,0.003108,0,0,0,1,37.27,43,1,34.37,1,0.9541,0.1918,1,0,0,0
0,140,108.5,84,13h 0m 58s,2.986,3,fieldmask_kl002_e5,Field credit + field KL 0.02,869,108.2,3.5e-07,287,0.09058,1455,45.78,1d 2h 34m 36s,159.6,163.3,1,0,0,0,0,0,0.004445,0.03467,-0.04318,0.02454,-0.01158,0,0,0,1,37.78,43.61,1,33.5,1,0.8835,0.4673,1,0,0,0
0,137,107.5,84,13h 3m 41s,2.99,3,fieldmask_kl002_e5,Field credit + field KL 0.02,870,57.66,3.5e-07,288,0.1035,1455,45.78,1d 2h 31m 51s,162,163.3,1,0,0,0,0,0,0.1208,0.03015,0.07603,0.02344,-0.008779,0,0,0,1,37.85,43.73,1,35.14,1,0.9796,0.5088,1,0,0,0
0,143,104.6,79,13h 6m 25s,2.993,3,fieldmask_kl002_e5,Field credit + field KL 0.02,871,85.7,3.5e-07,289,0.0928,1455,45.78,1d 2h 29m 10s,164.1,163.3,1,0,0,0,0,0,0.05527,0.03418,-0.000344,0.02307,-0.001636,0,0,0,1,38.29,44.23,1,36.35,1,0.9906,0.4999,1,0,0,0
0,149,106.8,86,13h 9m 5s,2.997,3,fieldmask_kl002_e5,Field credit + field KL 0.02,872,63.01,3.5e-07,290,0.1328,1455,45.78,1d 2h 26m 20s,159.6,163.3,1,0,0,0,0,0,0.1598,0.03882,0.09515,0.02283,0.002606,0.0003709,0,0,1,38.73,44.78,1,33.98,1,0.9814,0.1971,1,0.02778,-0.008681,0
0,144,107.2,79,13h 11m 54s,3,3,fieldmask_kl002_e5,Field credit + field KL 0.02,873,70.45,3.5e-07,291,0.1035,1455,45.78,1d 2h 23m 48s,167.8,163.3,1,0,0,0,0,0,0.08317,0.04224,0.01581,0.02454,0.0005898,0,0,0,1,36.9,42.5,1,35.56,1,0.9697,0.3526,1,0,0,0
0.006944,160,107.3,83,3m 24s,3.003,4,fieldmask_kl002_e5,Field credit + field KL 0.02,874,110.1,3.4e-07,1,0.07936,1455,43.48,1d 8h 51m 52s,203.4,203.6,1,0,0,0,0,0,0.08334,0.03564,0.02384,0.02307,0.0007797,0,0,0,1,37.69,43.48,1,35.91,1,0.988,0.2549,1,0,0,0
0.006944,160,108.8,72,6m 6s,3.007,4,fieldmask_kl002_e5,Field credit + field KL 0.02,875,55.13,3.4e-07,2,0.06798,1455,43.49,1d 5h 26m 37s,160.2,182.8,1,0,0,0,0,0,0.02992,0.03223,-0.01854,0.02344,-0.00721,0,0,0,1,37.7,43.49,1,33.44,1,0.9009,0.1611,1,0,0,0
0,142,105.4,82,8m 46s,3.01,4,fieldmask_kl002_e5,Field credit + field KL 0.02,876,99.77,3.4e-07,3,0.09493,1455,44.1,1d 4h 12m 38s,160.4,175.4,1,0,0,0,0,0,0.06501,0.03979,-0.001252,0.02441,0.002054,0,0,0,1,38.21,44.1,1,34.98,1,0.9543,0.2243,1,0,0,0
0.006944,160,105.7,81,11m 30s,3.014,4,fieldmask_kl002_e5,Field credit + field KL 0.02,877,87.56,3.4e-07,4,0.1151,1455,44.1,1d 3h 41m 43s,163.6,172.5,1,0,0,0,0,0,0.1341,0.0415,0.05863,0.02332,0.01062,0,0,0,1,36.76,42.32,1,35.48,1,0.9107,0.4124,1,0,0,0
0,145,106.4,79,14m 10s,3.017,4,fieldmask_kl002_e5,Field credit + field KL 0.02,878,99.16,3.4e-07,5,0.03359,1455,44.33,1d 3h 15m 14s,160,170,1,0,0,0,0,0,0.07677,0.02686,0.01913,0.02246,0.008331,0,0,0,1,38.36,44.33,1,34.24,1,0.9756,0.4722,1,0,0,0
0,160,107,84,16m 56s,3.021,4,fieldmask_kl002_e5,Field credit + field KL 0.02,879,52.08,3.4e-07,6,0.06766,1455,44.33,1d 3h 5m 9s,164.9,169.3,1,0,0,0,0,0,0.08011,0.03662,0.02449,0.02283,-0.003836,0,0,0,1,37.78,43.63,1,38.19,1,0.9152,0.1884,1,0,0,0
0,133,108,83,19m 40s,3.024,4,fieldmask_kl002_e5,Field credit + field KL 0.02,880,73.95,3.4e-07,7,0.06488,1455,44.33,1d 2h 56m 3s,164.5,168.6,1,0,0,0,0,0,0.008847,0.02856,-0.0435,0.02295,0.0008281,0,0,0,1,37.56,43.36,1,35,1,0.897,0.4136,1,0,0,0
0,149,108.3,83,22m 26s,3.027,4,fieldmask_kl002_e5,Field credit + field KL 0.02,881,81.84,3.4e-07,8,0.08045,1455,44.33,1d 2h 49m 28s,165.1,168.2,1,0,0,0,0,0,0.1651,0.04395,0.09899,0.02417,-0.002006,0,0,0,1,37.56,43.38,1,37.09,1,0.9524,0.2425,1,0,0,0
0,145,107.6,83,25m 13s,3.031,4,fieldmask_kl002_e5,Field credit + field KL 0.02,882,44.9,3.4e-07,9,0.07687,1455,44.33,1d 2h 44m 59s,166.4,168.1,1,0,0,0,0,0,0.07332,0.03833,0.00912,0.02197,0.003899,0,0,0,1,38.14,44.02,1,33.86,1,0.9419,0.3174,1,0,0,0
0,143,107.8,82,27m 54s,3.034,4,fieldmask_kl002_e5,Field credit + field KL 0.02,883,75.68,3.4e-07,10,0.06501,1455,44.33,1d 2h 36m 1s,161.2,167.4,1,0,0,0,0,0,0.07989,0.03833,0.02281,0.02246,-0.003709,0,0,0,1,38.29,44.23,1,33.97,1,0.9605,0.05903,1,0,0,0
0,141,107.6,86,30m 38s,3.038,4,fieldmask_kl002_e5,Field credit + field KL 0.02,884,51.74,3.3e-07,11,0.0694,1455,44.33,1d 2h 30m 8s,163.6,167.1,1,0,0,0,0,0,0.06288,0.03052,0.001901,0.02393,0.006538,0,0,0,1,38.07,43.92,1,35.47,1,0.9451,0.4326,1,0,0,0
0,142,108.9,85,33m 22s,3.041,4,fieldmask_kl002_e5,Field credit + field KL 0.02,885,73.56,3.3e-07,12,0.02383,1455,44.33,1d 2h 24m 36s,163.4,166.8,1,0,0,0,0,0,0.02413,0.04785,-0.04482,0.02405,-0.002943,0,0,0,1,37.27,42.98,1,34.1,1,0.9735,0.3403,1,0,0,0
0,146,109.1,82,36m 10s,3.045,4,fieldmask_kl002_e5,Field credit + field KL 0.02,886,49.86,3.3e-07,13,0.07469,1455,44.33,1d 2h 22m 56s,168,166.9,1,0,0,0,0,0,0.05629,0.02954,0.01083,0.02344,-0.007517,0,0,0,1,37.78,43.63,1,35.88,1,0.9548,0.1225,1,0,0,0
0,148,110.3,74,38m 55s,3.048,4,fieldmask_kl002_e5,Field credit + field KL 0.02,887,95.63,3.3e-07,14,0.04715,1455,44.72,1d 2h 18m 55s,164.9,166.8,1,0,0,0,0,0,0.04718,0.03113,-0.0115,0.02271,0.004737,0.0001086,0,0,1,38.65,44.72,1,35,1,0.8526,0.4384,1,0.02778,-0.006944,0
0.006944,160,108.4,76,41m 41s,3.052,4,fieldmask_kl002_e5,Field credit + field KL 0.02,888,73.91,3.3e-07,15,0.06907,1455,44.72,1d 2h 15m 33s,165.6,166.7,1,0,0,0,0,0,0.09261,0.03638,0.03333,0.02356,-0.0006611,0,0,0,1,38.29,44.25,1,36.59,1,0.8803,0.312,1,0,0,0
0.006944,160,108.5,83,44m 26s,3.055,4,fieldmask_kl002_e5,Field credit + field KL 0.02,889,100.6,3.3e-07,16,0.04195,1455,45.76,1d 2h 12m 7s,165.4,166.7,1,0,0,0,0.001491,0,0.03212,0.02979,-0.01672,0.0238,-0.007724,0.001491,0,0,1,39.53,45.76,1,36.64,1,0.9551,0.3758,1,0.02778,-0.02778,0.02778
0,150,109.2,82,47m 9s,3.058,4,fieldmask_kl002_e5,Field credit + field KL 0.02,890,56.43,3.3e-07,17,0.06473,1455,45.76,1d 2h 7m 3s,162.3,166.4,1,0,0,0,0,0,0.05127,0.03064,0.009288,0.02283,-0.01149,0,0,0,1,37.19,42.9,1,34.33,1,0.9302,0.2371,1,0,0,0
0,143,107.3,80,50m 1s,3.062,4,fieldmask_kl002_e5,Field credit + field KL 0.02,891,45.9,3.3e-07,18,0.0416,1455,45.76,1d 2h 7m 13s,171.8,166.7,1,0,0,0,0,0,0.03113,0.02771,-0.01817,0.02307,-0.001485,0,0,0,1,38.29,44.23,1,35.33,1,0.9637,0.2343,1,0,0,0
0,154,107.9,78,52m 44s,3.065,4,fieldmask_kl002_e5,Field credit + field KL 0.02,892,70.2,3.3e-07,19,0.06823,1455,45.76,1d 2h 2m 40s,162.9,166.5,1,0,0,0,0,0,0.09681,0.03369,0.03531,0.02283,0.004983,0,0,0,1,38.07,43.98,1,35.69,1,0.9462,0.5457,1,0,0,0
0.006944,160,109.1,81,55m 29s,3.069,4,fieldmask_kl002_e5,Field credit + field KL 0.02,893,47.48,3.3e-07,20,0.04749,1455,45.76,1d 1h 59m 12s,164.8,166.5,1,0,0,0,0,0,0.001697,0.02673,-0.04321,0.02161,-0.003432,0,0,0,1,37.12,42.81,1,36.48,1,0.9813,0.2933,1,0,0,0
0,149,108.7,80,58m 14s,3.072,4,fieldmask_kl002_e5,Field credit + field KL 0.02,894,91.22,3.2e-07,21,0.02992,1455,45.76,1d 1h 55m 43s,164.7,166.4,1,0,0,0,0,0,0.05699,0.03442,0.001957,0.02405,-0.003442,0,0,0,1,36.76,42.32,1,35.24,1,0.979,0.2899,1,0,0,0
0,144,108.5,84,1h 1m 0s,3.076,4,fieldmask_kl002_e5,Field credit + field KL 0.02,895,41.99,3.2e-07,22,0.07043,1455,45.76,1d 1h 52m 47s,165.8,166.4,1,0,0,0,0,0,0.1067,0.03809,0.05377,0.02185,-0.006982,0,0,0,1,38.21,44.13,1,36.82,1,0.9874,0.129,1,0,0,0
0,149,111.5,76,1h 3m 48s,3.079,4,fieldmask_kl002_e5,Field credit + field KL 0.02,896,87.36,3.2e-07,23,0.02213,1455,45.76,1d 1h 50m 33s,167,166.4,1,0,0,0,0,0,0.01324,0.03125,-0.03982,0.02136,0.0004436,0,0,0,1,37.78,43.61,1,38.25,1,0.9574,0.3057,1,0,0,0
0,158,109.6,72,1h 6m 32s,3.082,4,fieldmask_kl002_e5,Field credit + field KL 0.02,897,58.57,3.2e-07,24,0.03387,1455,45.76,1d 1h 47m 2s,164.3,166.3,1,0,0,0,0,0,0.05035,0.02563,0.003028,0.02356,-0.003852,0.001978,0,0,1,39.02,45.13,1,34.91,1,0.9814,0.3639,1,0.02778,-0.01562,0
0.006944,160,111.6,78,1h 9m 16s,3.086,4,fieldmask_kl002_e5,Field credit + field KL 0.02,898,67.5,3.2e-07,25,0.03741,1455,45.76,1d 1h 43m 13s,163.3,166.2,1,0,0,0,0,0,0.01178,0.02588,-0.032,0.02283,-0.004931,0,0,0,1,38.29,44.29,1,34.86,1,0.9634,0.52,1,0,0,0
0,145,109.1,83,1h 11m 58s,3.089,4,fieldmask_kl002_e5,Field credit + field KL 0.02,899,60.93,3.2e-07,26,0.04106,1455,45.76,1d 1h 38m 58s,161.8,166.1,1,0,0,0,0,0,0.07844,0.03296,0.01597,0.02307,0.006447,0,0,0,1,37.56,43.35,1,32.55,1,0.9632,0.3178,1,0,0,0
0.01389,160,112.5,86,1h 14m 44s,3.093,4,fieldmask_kl002_e5,Field credit + field KL 0.02,900,62.95,3.2e-07,27,0.06542,1455,45.76,1d 1h 36m 15s,166,166.1,1,0,0,0,0,0,0.0605,0.03296,-0.0009613,0.02234,0.006167,0,0,0,1,37.7,43.51,1,33.32,1,0.9895,0.1256,1,0,0,0
0,150,109.5,82,1h 17m 33s,3.096,4,fieldmask_kl002_e5,Field credit + field KL 0.02,901,57.3,3.2e-07,28,0.04647,1455,45.76,1d 1h 34m 31s,168.9,166.2,1,0,0,0,0,0,0.03964,0.03491,-0.02425,0.02197,0.007011,0,0,0,1,38.29,44.25,1,35.3,1,0.8869,0.4341,1,0,0,0
0,158,110.4,74,1h 20m 20s,3.1,4,fieldmask_kl002_e5,Field credit + field KL 0.02,902,83.33,3.2e-07,29,0.04741,1455,45.76,1d 1h 31m 48s,166.1,166.2,1,0,0,0,0,0,0.004113,0.03015,-0.03271,0.02124,-0.01543,0.000855,0,0,1,39.38,45.58,1,34.72,1,0.9709,0.09757,1,0.02778,-0.02431,0
0,138,108.3,77,1h 23m 4s,3.103,4,fieldmask_kl002_e5,Field credit + field KL 0.02,903,54.31,3.2e-07,30,0.04478,1455,45.76,1d 1h 28m 17s,163.6,166.1,1,0,0,0,0,0,0.06107,0.03015,0.006496,0.02234,0.002086,0,0,0,1,37.7,43.53,1,32.22,1,0.9713,0.4892,1,0,0,0
0,160,109.3,78,1h 25m 50s,3.107,4,fieldmask_kl002_e5,Field credit + field KL 0.02,904,79.62,3.1e-07,31,0.06391,1455,45.76,1d 1h 25m 37s,166.2,166.1,1,0,0,0,0,0,0.1002,0.03442,0.03708,0.02344,0.006157,-0.0008734,0,0,1,38.65,44.72,1,34.96,1,0.9803,0.3057,1,0.02778,-0.006944,0
0,151,110.9,76,1h 28m 33s,3.11,4,fieldmask_kl002_e5,Field credit + field KL 0.02,905,73.15,3.1e-07,32,0.05901,1455,45.76,1d 1h 22m 4s,163.2,166,1,0,0,0,0,0,0.09689,0.03369,0.03617,0.02271,0.004324,0,0,0,1,37.78,43.63,1,33.71,1,0.9915,0.4737,1,0,0,0
0,152,109.4,82,1h 31m 12s,3.113,4,fieldmask_kl002_e5,Field credit + field KL 0.02,906,113.4,3.1e-07,33,0.06501,1455,45.76,1d 1h 17m 22s,158.9,165.8,1,0,0,0,0,0,0.01401,0.03003,-0.03876,0.02271,-0.002456,0.00249,0,0,1,38.94,45.05,1,33.12,1,0.9693,0.3402,1,0.02778,-0.01389,0
0,141,110,85,1h 33m 54s,3.117,4,fieldmask_kl002_e5,Field credit + field KL 0.02,907,94.52,3.1e-07,34,0.07605,1455,45.76,1d 1h 13m 28s,161.3,165.7,1,0,0,0,0,0,0.06446,0.03271,0.009157,0.02222,0.0003746,0,0,0,1,37.19,42.92,1,33.6,1,0.9528,0.4106,1,0,0,0
0,160,110,83,1h 36m 33s,3.12,4,fieldmask_kl002_e5,Field credit + field KL 0.02,908,80.66,3.1e-07,35,0.03726,1455,45.76,1d 1h 8m 52s,158.5,165.5,1,0,0,0,0,0,0.02244,0.03589,-0.0385,0.02246,0.002911,-0.0003209,0,0,1,39.53,45.76,1,32.83,1,0.9378,0.2575,1,0.05556,-0.02951,0.02778
0,144,111.2,84,1h 39m 18s,3.124,4,fieldmask_kl002_e5,Field credit + field KL 0.02,909,67.28,3.1e-07,36,0.04501,1455,45.76,1d 1h 5m 57s,164.7,165.5,1,0,0,0,0,0,0.03886,0.03931,-0.01801,0.02246,-0.004897,0,0,0,1,38.29,44.25,1,33.29,1,0.9708,0.4856,1,0,0,0
0,151,111,84,1h 42m 2s,3.127,4,fieldmask_kl002_e5,Field credit + field KL 0.02,910,79.95,3.1e-07,37,0.07215,1455,45.76,1d 1h 2m 55s,164.1,165.5,1,0,0,0,0,0,0.0587,0.03088,0.007897,0.02307,-0.003874,0.0007245,0,0,1,38.58,44.62,1,35.02,1,0.9853,0.19,1,0.02778,-0.005208,0
0,158,110.4,81,1h 44m 41s,3.131,4,fieldmask_kl002_e5,Field credit + field KL 0.02,911,59.39,3.1e-07,38,0.0176,1455,45.76,1d 0h 58m 36s,158.7,165.3,1,0,0,0,0,0,-0.035,0.03223,-0.08534,0.02222,-0.004107,0,0,0,1,38.07,43.92,1,33.43,1,0.9794,0.3876,1,0,0,0
0,144,108.7,82,1h 47m 23s,3.134,4,fieldmask_kl002_e5,Field credit + field KL 0.02,912,67.85,3.1e-07,39,0.06388,1455,45.76,1d 0h 55m 2s,161.6,165.2,1,0,0,0,0,0,0.07324,0.03491,0.02772,0.02185,-0.01125,0,0,0,1,37.92,43.79,1,34.39,1,0.9667,0.3947,1,0,0,0
0,148,110.4,86,1h 50m 5s,3.137,4,fieldmask_kl002_e5,Field credit + field KL 0.02,913,64.39,3.1e-07,40,0.03734,1455,45.76,1d 0h 51m 38s,162,165.1,1,0,0,0,0,0,0.02826,0.03064,-0.03297,0.02234,0.007734,0.0005142,0,0,1,38.65,44.68,1,33.31,1,0.9348,0.4704,1,0.02778,-0.006944,0
0,141,111.3,76,1h 52m 45s,3.141,4,fieldmask_kl002_e5,Field credit + field KL 0.02,914,72.97,3e-07,41,0.04674,1455,45.76,1d 0h 47m 51s,160.2,165,1,0,0,0,0,0,0.06153,0.03149,0.007174,0.02332,-0.000451,0,0,0,1,38.14,44.06,1,33.66,1,0.8902,0.2849,1,0,0,0
0,144,109.2,82,1h 55m 35s,3.144,4,fieldmask_kl002_e5,Field credit + field KL 0.02,915,69.47,3e-07,42,0.1009,1455,45.76,1d 0h 45m 59s,168.9,165.1,1,0,0,0,0,0,0.1263,0.03467,0.06813,0.02307,0.0004727,0,0,0,1,37.41,43.18,1,37.65,1,0.9793,0.2953,1,0,0,0
0,136,108.3,84,1h 58m 21s,3.148,4,fieldmask_kl002_e5,Field credit + field KL 0.02,916,81.45,3e-07,43,0.04896,1455,45.76,1d 0h 43m 26s,165.8,165.1,1,0,0,0,0,0,0.02472,0.02417,-0.02533,0.02332,0.002563,0,0,0,1,37.34,43.1,1,36.37,1,0.9704,0.3844,1,0,0,0
0,138,108,71,2h 1m 10s,3.151,4,fieldmask_kl002_e5,Field credit + field KL 0.02,917,95.13,3e-07,44,0.07066,1455,45.76,1d 0h 41m 27s,168.6,165.2,1,0,0,0,0,0,0.1216,0.03125,0.0695,0.02185,-0.001003,0,0,0,1,37.78,43.63,1,39.44,1,0.9322,0.3245,1,0,0,0
0,146,110,85,2h 3m 49s,3.155,4,fieldmask_kl002_e5,Field credit + field KL 0.02,918,104.9,3e-07,45,0.07414,1455,45.76,1d 0h 37m 29s,158.9,165.1,1,0,0,0,0,0,0.1189,0.03491,0.05498,0.02197,0.00674,0.0002512,0,0,1,38.51,44.51,1,33.35,1,0.9358,0.5186,1,0.02778,-0.003472,0
0,147,109.6,80,2h 6m 38s,3.158,4,fieldmask_kl002_e5,Field credit + field KL 0.02,919,51.43,3e-07,46,0.06108,1455,45.76,1d 0h 35m 30s,168.8,165.2,1,0,0,0,0,0,0.1279,0.03589,0.06397,0.02271,0.005345,-3.583e-05,0,0,1,38.43,44.37,1,39.93,1,0.9615,0.1164,1,0.02778,-0.001736,0
0,145,107.9,80,2h 9m 21s,3.162,4,fieldmask_kl002_e5,Field credit + field KL 0.02,920,58.54,3e-07,47,0.08265,1455,45.76,1d 0h 32m 26s,163.3,165.1,1,0,0,0,0,0,0.0309,0.03491,-0.02813,0.02283,0.001289,0,0,0,1,37.7,43.51,1,34.38,1,0.9638,0.242,1,0,0,0
0,140,111.2,81,2h 12m 5s,3.165,4,fieldmask_kl002_e5,Field credit + field KL 0.02,921,102.2,3e-07,48,0.02784,1455,45.76,1d 0h 29m 29s,163.8,165.1,1,0,0,0,0,0,0.007023,0.04199,-0.05182,0.02222,-0.005362,0,0,0,1,38.07,44,1,35.26,1,0.9199,0.3787,1,0,0,0
0,149,108.9,71,2h 14m 46s,3.168,4,fieldmask_kl002_e5,Field credit + field KL 0.02,922,60.73,3e-07,49,0.06489,1455,45.76,1d 0h 25m 58s,160.6,165,1,0,0,0,0,0,0.01578,0.03296,-0.03271,0.02124,-0.00492,-0.0007899,0,0,1,38.73,44.8,1,33.86,1,0.9755,0.2093,1,0.02778,-0.008681,0
0,154,108.8,80,2h 17m 36s,3.172,4,fieldmask_kl002_e5,Field credit + field KL 0.02,923,55.98,3e-07,50,0.03515,1455,45.76,1d 0h 23m 59s,169.2,165.1,1,0,0,0,0,0,0.08641,0.03931,0.03244,0.02271,-0.01005,0.002009,0,0,1,39.02,45.17,1,37.91,1,0.9775,0.1524,1,0.02778,-0.01562,0
0,140,109,81,2h 20m 16s,3.175,4,fieldmask_kl002_e5,Field credit + field KL 0.02,924,46.9,2.9e-07,51,0.05944,1455,45.76,1d 0h 20m 26s,160.2,165,1,0,0,0,0,0,0.03762,0.0354,-0.02828,0.02271,0.007789,0,0,0,1,37.56,43.38,1,33.07,1,0.9735,0.08366,1,0,0,0
0,145,108.6,85,2h 23m 1s,3.179,4,fieldmask_kl002_e5,Field credit + field KL 0.02,925,75.77,2.9e-07,52,0.05223,1455,45.76,1d 0h 17m 38s,164.5,165,1,0,0,0,0,0,0.03809,0.03198,-0.01858,0.02295,0.0008523,0.0008952,0,0,1,38.43,44.43,1,34.44,1,0.9635,0.3348,1,0.02778,-0.001736,0
0.006944,160,111.3,86,2h 25m 42s,3.182,4,fieldmask_kl002_e5,Field credit + field KL 0.02,926,59.19,2.9e-07,53,0.03722,1455,45.76,1d 0h 14m 12s,160.7,164.9,1,0,0,0,0,0,0.01962,0.03711,-0.03725,0.02197,-0.001978,-0.0002294,0,0,1,38.65,44.68,1,34.8,1,0.9664,0.1563,1,0.02778,-0.006944,0
0,143,109.3,82,2h 28m 25s,3.186,4,fieldmask_kl002_e5,Field credit + field KL 0.02,927,79.14,2.9e-07,54,0.05595,1455,45.76,1d 0h 11m 11s,163.1,164.9,1,0,0,0,0,0,0.06661,0.03857,0.01265,0.02112,-0.005727,0,0,0,1,37.7,43.47,1,34.18,1,0.9736,0.178,1,0,0,0
0,156,108.3,78,2h 31m 8s,3.189,4,fieldmask_kl002_e5,Field credit + field KL 0.02,928,106.2,2.9e-07,55,0.05346,1455,45.76,1d 0h 8m 3s,162.3,164.9,1,0,0,0,0,0,0.07502,0.03027,0.02071,0.02185,0.003356,-0.001162,0,0,1,38.58,44.57,1,35.08,1,0.934,0.3923,1,0.02778,-0.005208,0
0,147,108.4,83,2h 33m 49s,3.192,4,fieldmask_kl002_e5,Field credit + field KL 0.02,929,50.91,2.9e-07,56,0.08836,1455,45.76,1d 0h 4m 50s,161.6,164.8,1,0,0,0,0,0,0.1483,0.03369,0.08517,0.02283,0.006656,0,0,0,1,38.21,44.1,1,35.51,1,0.9112,0.2184,1,0,0,0
0,146,108.4,82,2h 36m 34s,3.196,4,fieldmask_kl002_e5,Field credit + field KL 0.02,930,50.07,2.9e-07,57,0.06773,1455,45.76,1d 0h 2m 7s,164.8,164.8,1,0,0,0,0,0,0.1044,0.02942,0.05747,0.02271,-0.005245,0,0,0,1,37.85,43.67,1,34.32,1,0.9075,0.2266,1,0,0,0
0,152,109.4,85,2h 39m 21s,3.199,4,fieldmask_kl002_e5,Field credit + field KL 0.02,931,39.87,2.9e-07,58,0.04083,1455,45.76,23h 59m 35s,165.9,164.8,1,0,0,0,0,0,0.03641,0.03662,-0.02881,0.02283,0.005772,0,0,0,1,37.27,43,1,37.07,1,0.9433,0.1322,1,0,0,0
0,145,108.6,82,2h 42m 2s,3.203,4,fieldmask_kl002_e5,Field credit + field KL 0.02,932,66.28,2.9e-07,59,0.02973,1455,45.76,23h 56m 19s,161.2,164.8,1,0,0,0,0,0,0.01783,0.03491,-0.04765,0.02234,0.008223,0,0,0,1,37.7,43.51,1,33.29,1,0.9757,0.2413,1,0,0,0
0,136,108.3,84,2h 44m 47s,3.206,4,fieldmask_kl002_e5,Field credit + field KL 0.02,933,98.83,2.9e-07,60,0.05659,1455,45.76,23h 53m 41s,165.3,164.8,1,0,0,0,0,0,0.09012,0.03931,0.03064,0.02295,-0.002779,0,0,0,1,37.7,43.55,1,36.6,1,0.9968,0.2664,1,0,0,0
0,141,107.8,71,2h 47m 27s,3.21,4,fieldmask_kl002_e5,Field credit + field KL 0.02,934,67.57,2.8e-07,61,0.05572,1455,45.76,23h 50m 11s,159.3,164.7,1,0,0,0,0,0,0.0333,0.03223,-0.01606,0.02185,-0.00472,0,0,0,1,37.78,43.57,1,34.9,1,0.9554,0.2072,1,0,0,0
0,141,108.2,80,2h 50m 9s,3.213,4,fieldmask_kl002_e5,Field credit + field KL 0.02,935,96.6,2.8e-07,62,0.05725,1455,45.76,23h 47m 1s,161.4,164.7,1,0,0,0,0,0,0.08936,0.02942,0.03701,0.02307,-0.0001454,0,0,0,1,37.41,43.16,1,32.93,1,0.9314,0.4046,1,0,0,0
0,149,110.5,82,2h 52m 51s,3.216,4,fieldmask_kl002_e5,Field credit + field KL 0.02,936,111.6,2.8e-07,63,0.06899,1455,45.76,23h 43m 59s,162.3,164.6,1,0,0,0,0,0,0.1017,0.03003,0.05823,0.02356,-0.01014,0,0,0,1,38,43.9,1,36.46,1,0.9589,0.3105,1,0,0,0
0,149,108.3,80,2h 55m 41s,3.22,4,fieldmask_kl002_e5,Field credit + field KL 0.02,937,66.67,2.8e-07,64,0.0855,1455,45.76,23h 41m 53s,169.2,164.7,1,0,0,0,0,0,0.1316,0.04126,0.05881,0.02417,0.007353,0,0,0,1,37.48,43.26,1,34.32,1,0.9555,0.1753,1,0,0,0
0,149,109.6,81,2h 58m 25s,3.223,4,fieldmask_kl002_e5,Field credit + field KL 0.02,938,49.71,2.8e-07,65,0.0532,1455,45.76,23h 39m 5s,164.1,164.7,1,0,0,0,0,0,0.04587,0.04248,-0.02062,0.02344,0.0005661,0,0,0,1,37.92,43.82,1,35.75,1,0.9316,0.06262,1,0,0,0
0,141,106.5,84,3h 1m 7s,3.227,4,fieldmask_kl002_e5,Field credit + field KL 0.02,939,229.8,2.8e-07,66,0.04063,1455,45.76,23h 35m 58s,161.6,164.6,1,0,0,0,0,0,0.07983,0.03784,0.01367,0.02441,0.003907,0,0,0,1,37.41,43.2,1,33.62,1,0.944,0.6094,1,0,0,0
0.006944,160,109.3,75,3h 3m 50s,3.23,4,fieldmask_kl002_e5,Field credit + field KL 0.02,940,65.89,2.8e-07,67,0.09685,1455,45.76,23h 33m 0s,162.7,164.6,1,0,0,0,0,0,0.02054,0.03711,-0.05108,0.02295,0.01156,0,0,0,1,38,43.94,1,34.34,1,0.9756,0.1249,1,0,0,0
0,137,107.2,78,3h 6m 35s,3.234,4,fieldmask_kl002_e5,Field credit + field KL 0.02,941,75.8,2.8e-07,68,0.08983,1455,45.76,23h 30m 18s,164.7,164.6,1,0,0,0,0,0,0.08631,0.03711,0.03428,0.02356,-0.008644,0,0,0,1,37.63,43.41,1,36.71,1,0.9815,0.2027,1,0,0,0
0.006944,160,106.8,80,3h 9m 12s,3.237,4,fieldmask_kl002_e5,Field credit + field KL 0.02,942,74.81,2.8e-07,69,0.03518,1455,45.76,23h 26m 43s,157.6,164.5,1,0,0,0,0,0,0.04182,0.03711,-0.02974,0.02344,0.006348,0.004663,0,0,1,38.43,44.45,1,33.5,1,0.9835,0.3329,1,0.02778,-0.001736,0
0,153,107.4,81,3h 11m 56s,3.241,4,fieldmask_kl002_e5,Field credit + field KL 0.02,943,55.15,2.8e-07,70,0.07949,1455,45.76,23h 23m 54s,163.6,164.5,1,0,0,0,0,0,0.1115,0.03491,0.05022,0.02283,0.003532,0,0,0,1,37.27,42.98,1,33.19,1,0.9728,0.2328,1,0,0,0
0,156,107.7,85,3h 14m 42s,3.244,4,fieldmask_kl002_e5,Field credit + field KL 0.02,944,76.39,2.7e-07,71,0.06367,1455,45.76,23h 21m 14s,164.9,164.5,1,0,0,0,0,0,0.0533,0.03296,0.003665,0.02332,-0.006635,0,0,0,1,37.63,43.41,1,33.17,1,0.9118,0.2487,1,0,0,0
0,140,105.8,70,3h 17m 21s,3.247,4,fieldmask_kl002_e5,Field credit + field KL 0.02,945,81.22,2.7e-07,72,0.09902,1455,45.76,23h 17m 51s,158.9,164.5,1,0,0,0,0,0,0.067,0.03833,0.003811,0.02393,0.0009329,0,0,0,1,38.07,43.98,1,33.03,1,0.9582,0.2842,1,0,0,0
0,143,107.6,80,3h 20m 4s,3.251,4,fieldmask_kl002_e5,Field credit + field KL 0.02,946,66.23,2.7e-07,73,0.1142,1455,45.76,23h 14m 60s,163.2,164.4,1,0,0,0,0,0,0.1044,0.04053,0.04,0.02405,-0.0001505,0,0,0,1,36.46,42.03,1,32.93,1,0.9432,0.3915,1,0,0,0
0,138,107.5,74,3h 22m 44s,3.254,4,fieldmask_kl002_e5,Field credit + field KL 0.02,947,74.63,2.7e-07,74,0.09143,1455,45.76,23h 11m 47s,160.1,164.4,1,0,0,0,0,0,0.04853,0.03979,-0.01481,0.02344,0.0001079,0,0,0,1,37.63,43.45,1,33.09,1,0.9806,0.1592,1,0,0,0
0,137,108.8,77,3h 25m 29s,3.258,4,fieldmask_kl002_e5,Field credit + field KL 0.02,948,78.62,2.7e-07,75,0.08548,1455,45.76,23h 9m 7s,164.6,164.4,1,0,0,0,0,0,0.0972,0.04126,0.02671,0.02295,0.006277,0,0,0,1,37.7,43.55,1,34.7,1,0.9203,0.1739,1,0,0,0
0,146,107.2,75,3h 28m 10s,3.261,4,fieldmask_kl002_e5,Field credit + field KL 0.02,949,53.4,2.7e-07,76,0.08679,1455,45.76,23h 5m 57s,160.4,164.3,1,0,0,0,0,0,0.0443,0.02966,-0.008579,0.02356,-0.0003402,0,0,0,1,38.07,43.98,1,34.93,1,0.9899,0.4031,1,0,0,0
0,143,107,74,3h 30m 49s,3.265,4,fieldmask_kl002_e5,Field credit + field KL 0.02,950,48.55,2.7e-07,77,0.07614,1455,45.76,23h 2m 39s,159,164.3,1,0,0,0,0,0,0.08223,0.0437,0.02783,0.02441,-0.01372,0,0,0,1,37.56,43.35,1,33.17,1,0.9448,0.2634,1,0,0,0
0,138,105.7,75,3h 33m 33s,3.268,4,fieldmask_kl002_e5,Field credit + field KL 0.02,951,54.27,2.7e-07,78,0.05514,1455,45.76,22h 59m 53s,163.7,164.3,1,0,0,0,0,0,-0.008735,0.03064,-0.06021,0.02344,-0.002602,0,0,0,1,37.05,42.73,1,33.57,1,0.9622,0.3191,1,0,0,0
0,136,105.4,79,3h 36m 16s,3.271,4,fieldmask_kl002_e5,Field credit + field KL 0.02,952,43.5,2.7e-07,79,0.113,1455,45.76,22h 57m 1s,162.9,164.3,1,0,0,0,0,0,0.1506,0.03662,0.0952,0.02344,-0.004625,0,0,0,1,36.17,41.66,1,33.06,1,0.9507,0.1507,1,0,0,0
0,149,106.8,79,3h 39m 0s,3.275,4,fieldmask_kl002_e5,Field credit + field KL 0.02,953,83.43,2.7e-07,80,0.0825,1455,45.76,22h 54m 15s,163.8,164.3,1,0,0,0,0,0,0.05867,0.03198,0.001286,0.02307,0.00233,0,0,0,1,37.7,43.55,1,34.47,1,0.8487,0.3113,1,0,0,0
0,135,105.3,82,3h 41m 43s,3.278,4,fieldmask_kl002_e5,Field credit + field KL 0.02,954,82.79,2.7e-07,81,0.1132,1455,45.76,22h 51m 19s,162.2,164.2,1,0,0,0,0,0,0.1919,0.04199,0.1406,0.02356,-0.01421,0,0,0,1,37.34,43.1,1,34.03,1,0.8852,0.1182,1,0,0,0
0,146,106.7,81,3h 44m 25s,3.282,4,fieldmask_kl002_e5,Field credit + field KL 0.02,955,72.16,2.6e-07,82,0.08957,1455,45.76,22h 48m 25s,162.4,164.2,1,0,0,0,0,0,0.05227,0.03589,-0.007625,0.02344,0.0005734,0,0,0,1,37.85,43.73,1,34.19,1,0.9451,0.2344,1,0,0,0
0,136,106.6,74,3h 47m 6s,3.285,4,fieldmask_kl002_e5,Field credit + field KL 0.02,956,76.3,2.6e-07,83,0.03864,1455,45.76,22h 45m 19s,159.9,164.2,1,0,0,0,0,0,0.03964,0.0332,-0.01762,0.02271,0.001352,0,0,0,1,37.78,43.63,1,33.69,1,0.9288,0.5523,1,0,0,0
0,154,109,86,3h 49m 52s,3.289,4,fieldmask_kl002_e5,Field credit + field KL 0.02,957,77.34,2.6e-07,84,0.1194,1455,45.76,22h 42m 48s,166.2,164.2,1,0,0,0,0,0,0.08337,0.03784,0.0362,0.02283,-0.0135,0,0,0,1,38.36,44.35,1,32.9,1,0.9601,0.2903,1,0,0,0
0,149,106.4,76,3h 52m 33s,3.292,4,fieldmask_kl002_e5,Field credit + field KL 0.02,958,63.11,2.6e-07,85,0.08773,1455,45.76,22h 39m 43s,160.4,164.2,1,0,0,0,0,0,0.06124,0.0354,-0.005056,0.02332,0.007579,0,0,0,1,37.27,42.98,1,33.16,1,0.9925,0.2184,1,0,0,0
0,155,106.7,85,3h 55m 18s,3.296,4,fieldmask_kl002_e5,Field credit + field KL 0.02,959,75.12,2.6e-07,86,0.08825,1455,45.76,22h 37m 7s,165.3,164.2,1,0,0,0,0,0,0.0632,0.04224,0.007087,0.02307,-0.009194,0,0,0,1,36.97,42.67,1,35.04,1,0.9833,0.1336,1,0,0,0
0,145,106.4,78,3h 57m 57s,3.299,4,fieldmask_kl002_e5,Field credit + field KL 0.02,960,53.5,2.6e-07,87,0.06107,1455,45.76,22h 33m 52s,158.4,164.1,1,0,0,0,0,0,0.09115,0.03418,0.03674,0.0238,-0.003566,0,0,0,1,36.97,42.65,1,32.84,1,0.9673,0.3565,1,0,0,0
0,141,106.9,81,4h 0m 39s,3.302,4,fieldmask_kl002_e5,Field credit + field KL 0.02,961,67.2,2.6e-07,88,0.08389,1455,45.76,22h 30m 54s,161.5,164.1,1,0,0,0,0,0,0.07845,0.03394,0.02097,0.02332,0.0002361,0,0,0,1,37.78,43.65,1,34.09,1,0.9466,0.4348,1,0,0,0
0,142,106,75,4h 3m 20s,3.306,4,fieldmask_kl002_e5,Field credit + field KL 0.02,962,80.61,2.6e-07,89,0.1018,1455,45.76,22h 27m 54s,161,164,1,0,0,0,0,0,0.06726,0.03003,0.01188,0.02441,0.0009355,0,0,0,1,36.97,42.63,1,34.69,1,0.9848,0.4619,1,0,0,0
0,147,105.8,78,4h 6m 3s,3.309,4,fieldmask_kl002_e5,Field credit + field KL 0.02,963,53.27,2.6e-07,90,0.099,1455,45.76,22h 25m 3s,162.1,164,1,0,0,0,0,0,0.05589,0.02942,0.001151,0.02295,0.002375,0,0,0,1,38,43.94,1,34.31,1,0.9784,0.4155,1,0,0,0
0,149,108,75,4h 8m 47s,3.313,4,fieldmask_kl002_e5,Field credit + field KL 0.02,964,57.09,2.6e-07,91,0.09571,1455,45.76,22h 22m 18s,163.5,164,1,0,0,0,0,0,0.06794,0.0354,0.01144,0.02246,-0.001368,0,0,0,1,37.7,43.53,1,34.88,1,0.9735,0.1849,1,0,0,0
0,134,106.9,87,4h 11m 31s,3.316,4,fieldmask_kl002_e5,Field credit + field KL 0.02,965,86.3,2.5e-07,92,0.09039,1455,45.76,22h 19m 34s,164,164,1,0,0,0,0,0,0.1327,0.03394,0.05917,0.0238,0.01574,0,0,0,1,37.12,42.85,1,33.72,1,0.9634,0.3474,1,0,0,0
0,144,108.8,82,4h 14m 18s,3.32,4,fieldmask_kl002_e5,Field credit + field KL 0.02,966,63.94,2.5e-07,93,0.09118,1455,45.76,22h 17m 5s,166.7,164.1,1,0,0,0,0,0,0.03269,0.03296,-0.01403,0.02295,-0.00919,0,0,0,1,38,43.86,1,35.73,1,0.983,0.1496,1,0,0,0
0,137,107.3,85,4h 17m 4s,3.323,4,fieldmask_kl002_e5,Field credit + field KL 0.02,967,55.19,2.5e-07,94,0.06626,1455,45.76,22h 14m 32s,165.9,164.1,1,0,0,0,0,0,0.1388,0.04785,0.08201,0.02283,-0.01387,0,0,0,1,37.12,42.77,1,38.85,1,0.9573,0.1946,1,0,0,0
0,137,107.9,83,4h 19m 44s,3.326,4,fieldmask_kl002_e5,Field credit + field KL 0.02,968,130.1,2.5e-07,95,0.07286,1455,45.76,22h 11m 30s,160.3,164,1,0,0,0,0,0,0.06203,0.04028,-0.01206,0.0238,0.01001,0,0,0,1,36.97,42.59,1,33.5,1,0.9845,0.2098,1,0,0,0
0,152,106.4,82,4h 22m 28s,3.33,4,fieldmask_kl002_e5,Field credit + field KL 0.02,969,139.5,2.5e-07,96,0.06926,1455,45.76,22h 8m 43s,163.2,164,1,0,0,0,0,0,0.03971,0.04443,-0.02092,0.0238,-0.007604,0,0,0,1,38.21,44.16,1,33.26,1,0.9728,0.1108,1,0,0,0
0,147,106.9,82,4h 25m 12s,3.333,4,fieldmask_kl002_e5,Field credit + field KL 0.02,970,70.11,2.5e-07,97,0.07358,1455,45.76,22h 6m 2s,164.5,164,1,0,0,0,0,0,0.1066,0.0376,0.04622,0.02271,6.224e-05,0,0,0,1,38.36,44.29,1,33.32,1,0.9596,0.2835,1,0,0,0
0,144,105.8,79,4h 27m 54s,3.337,4,fieldmask_kl002_e5,Field credit + field KL 0.02,971,71.66,2.5e-07,98,0.1002,1455,45.76,22h 3m 8s,161.7,164,1,0,0,0,0,0,0.03265,0.04541,-0.02779,0.02356,-0.008533,0,0,0,1,36.9,42.54,1,33.17,1,0.985,0.1234,1,0,0,0
0,138,106.9,81,4h 30m 36s,3.34,4,fieldmask_kl002_e5,Field credit + field KL 0.02,972,66.11,2.5e-07,99,0.1053,1455,45.76,22h 0m 12s,161.4,164,1,0,0,0,0,0,0.01375,0.04199,-0.04341,0.02307,-0.00791,0,0,0,1,37.92,43.8,1,33.34,1,0.9862,0.1964,1,0,0,0
0,136,105.4,76,4h 33m 16s,3.344,4,fieldmask_kl002_e5,Field credit + field KL 0.02,973,82.67,2.5e-07,100,0.1143,1455,45.76,21h 57m 7s,159.4,164,1,0,0,0,0,0,0.1412,0.03491,0.07454,0.02356,0.008172,0,0,0,1,37.78,43.61,1,33.69,1,0.9414,0.4271,1,0,0,0
0,143,107.3,75,4h 35m 56s,3.347,4,fieldmask_kl002_e5,Field credit + field KL 0.02,974,122.3,2.5e-07,101,0.1115,1455,45.76,21h 54m 7s,160.3,163.9,1,0,0,0,0,0,0.1694,0.03979,0.1071,0.02344,-0.0009039,0,0,0,1,37.34,43.08,1,35.08,1,0.9711,0.5276,1,0,0,0
0,140,106,84,4h 38m 39s,3.351,4,fieldmask_kl002_e5,Field credit + field KL 0.02,975,113,2.5e-07,102,0.0814,1455,45.76,21h 51m 16s,162.4,163.9,1,0,0,0,0,0,0.06433,0.04761,-0.005224,0.02441,-0.002469,0,0,0,1,37.19,42.9,1,32.3,1,0.9813,0.3705,1,0,0,0
0,144,108.4,77,4h 41m 21s,3.354,4,fieldmask_kl002_e5,Field credit + field KL 0.02,976,52.61,2.4e-07,103,0.06968,1455,45.76,21h 48m 24s,161.9,163.9,1,0,0,0,0,0,0.08816,0.03467,0.03926,0.02307,-0.008838,0,0,0,1,36.97,42.63,1,36.13,1,0.9637,0.5041,1,0,0,0
0,144,106.9,78,4h 44m 2s,3.357,4,fieldmask_kl002_e5,Field credit + field KL 0.02,977,74.42,2.4e-07,104,0.08985,1455,45.76,21h 45m 30s,161.3,163.9,1,0,0,0,0,0,0.08914,0.03857,0.03724,0.02295,-0.009624,0,0,0,1,38.36,44.33,1,37.67,1,0.9749,0.22,1,0,0,0
0.006944,160,106,82,4h 46m 44s,3.361,4,fieldmask_kl002_e5,Field credit + field KL 0.02,978,72.64,2.4e-07,105,0.02757,1455,45.76,21h 42m 37s,161.8,163.9,1,0,0,0,0,0,0.04057,0.04688,-0.02601,0.02283,-0.003115,0,0,0,1,37.34,43.12,1,33.38,1,0.9974,0.1875,1,0,0,0
0,146,106.1,74,4h 49m 25s,3.364,4,fieldmask_kl002_e5,Field credit + field KL 0.02,979,63.45,2.4e-07,106,0.04183,1455,45.76,21h 39m 39s,160.5,163.8,1,0,0,0,0,0,0.0504,0.03149,-0.01179,0.02307,0.007625,0,0,0,1,36.76,42.32,1,33.79,1,0.9731,0.4411,1,0,0,0
0,150,107.6,79,4h 52m 13s,3.368,4,fieldmask_kl002_e5,Field credit + field KL 0.02,980,73.53,2.4e-07,107,0.07654,1455,45.76,21h 37m 12s,167.2,163.9,1,0,0,0,0,0,0.07106,0.03174,0.02072,0.02393,-0.005325,0,0,0,1,37.48,43.3,1,34.05,1,0.9396,0.2627,1,0,0,0
0,154,107.2,85,4h 54m 54s,3.371,4,fieldmask_kl002_e5,Field credit + field KL 0.02,981,65.09,2.4e-07,108,0.02823,1455,45.76,21h 34m 19s,161.5,163.8,1,0,0,0,0,0,-0.008118,0.03687,-0.07353,0.02307,0.006042,-0.000565,0,0,1,38.51,44.53,1,35.88,1,0.9311,0.393,1,0.02778,-0.003472,0
0,139,105.4,80,4h 57m 37s,3.375,4,fieldmask_kl002_e5,Field credit + field KL 0.02,982,113.1,2.4e-07,109,0.04409,1455,45.76,21h 31m 29s,162.1,163.8,1,0,0,0,0,0,0.06422,0.0354,0.01719,0.02417,-0.01254,0,0,0,1,37.27,43,1,35.98,1,0.9423,0.2022,1,0,0,0
0,153,109,80,5h 0m 24s,3.378,4,fieldmask_kl002_e5,Field credit + field KL 0.02,983,92.76,2.4e-07,110,0.04954,1455,45.76,21h 28m 59s,167,163.9,1,0,0,0,0,0,-0.03341,0.04443,-0.09954,0.02332,-0.001801,0.0001794,0,0,1,39.02,45.17,1,36.14,1,0.9768,0.2097,1,0.02778,-0.01562,0
0,146,108.5,82,5h 3m 2s,3.381,4,fieldmask_kl002_e5,Field credit + field KL 0.02,984,48.89,2.4e-07,111,0.04444,1455,45.76,21h 25m 51s,157.9,163.8,1,0,0,0,0,0,0.08369,0.03223,0.03851,0.02222,-0.007453,-0.001814,0,0,1,38.51,44.54,1,33.67,1,0.9357,0.2084,1,0.02778,-0.003472,0
0,143,107.3,83,5h 5m 42s,3.385,4,fieldmask_kl002_e5,Field credit + field KL 0.02,985,91.84,2.4e-07,112,0.08361,1455,45.76,21h 22m 49s,159.3,163.8,1,0,0,0,0,0,0.08084,0.03833,0.01603,0.02332,0.003164,0,0,0,1,37.27,42.98,1,34.5,1,0.9261,0.3181,1,0,0,0
0,141,107.9,79,5h 8m 42s,3.388,4,fieldmask_kl002_e5,Field credit + field KL 0.02,986,59.84,2.4e-07,113,0.05525,1455,45.76,21h 21m 15s,180.3,163.9,1,0,0,0,0,0,0.05725,0.03174,0.01045,0.02295,-0.007891,0,0,0,1,37.78,43.65,1,44.04,1,0.9394,0.3233,1,0,0,0
0,139,106.6,75,5h 11m 28s,3.392,4,fieldmask_kl002_e5,Field credit + field KL 0.02,987,76.02,2.3e-07,114,0.03654,1455,45.76,21h 18m 41s,165.9,163.9,1,0,0,0,0,0,0.08695,0.03809,0.02012,0.02332,0.00543,0,0,0,1,38,43.92,1,37.24,1,0.9645,0.5937,1,0,0,0
0,141,105.8,73,5h 14m 13s,3.395,4,fieldmask_kl002_e5,Field credit + field KL 0.02,988,88.35,2.3e-07,115,0.08566,1455,45.76,21h 15m 59s,164.3,163.9,1,0,0,0,0,0,0.05929,0.03662,-0.007296,0.02393,0.006041,0,0,0,1,36.68,42.28,1,35.81,1,0.9782,0.4791,1,0,0,0
0,150,106.9,81,5h 16m 59s,3.399,4,fieldmask_kl002_e5,Field credit + field KL 0.02,989,86.22,2.3e-07,116,0.02611,1455,45.76,21h 13m 23s,165.7,164,1,0,0,0,0,0,0.01546,0.03442,-0.03433,0.02271,-0.00734,0,0,0,1,37.78,43.61,1,35.52,1,0.9592,0.1885,1,0,0,0
0,142,108,82,5h 19m 41s,3.402,4,fieldmask_kl002_e5,Field credit + field KL 0.02,990,90.06,2.3e-07,117,0.06203,1455,45.76,21h 10m 31s,161.7,163.9,1,0,0,0,0,0,0.08697,0.02893,0.03656,0.02393,-0.002449,0,0,0,1,37.34,43.06,1,34.34,1,0.9786,0.451,1,0,0,0
0,143,105.7,78,5h 22m 27s,3.405,4,fieldmask_kl002_e5,Field credit + field KL 0.02,991,76.85,2.3e-07,118,0.06502,1455,45.76,21h 7m 58s,166.4,164,1,0,0,0,0,0,0.1072,0.03857,0.0455,0.02393,-0.0007853,0,0,0,1,38.29,44.21,1,37.41,1,0.9237,0.3738,1,0,0,0
0,145,106.4,71,5h 25m 9s,3.409,4,fieldmask_kl002_e5,Field credit + field KL 0.02,992,76.66,2.3e-07,119,0.06199,1455,45.76,21h 5m 4s,161.2,163.9,1,0,0,0,0,0,0.007505,0.03076,-0.04977,0.02332,0.003197,0,0,0,1,38.14,44.06,1,34.92,1,0.8682,0.3943,1,0,0,0
0,149,108.5,82,5h 27m 56s,3.412,4,fieldmask_kl002_e5,Field credit + field KL 0.02,993,96.55,2.3e-07,120,0.08417,1455,45.76,21h 2m 32s,166.7,164,1,0,0,0,0,0,0.0914,0.03687,0.04125,0.02332,-0.01129,0.001266,0,0,1,38.73,44.82,1,35.97,1,0.9758,0.4947,1,0.02778,-0.008681,0
0,147,108.1,82,5h 30m 40s,3.416,4,fieldmask_kl002_e5,Field credit + field KL 0.02,994,73.36,2.3e-07,121,0.04908,1455,45.76,20h 59m 48s,163.7,164,1,0,0,0,0,0,0.05099,0.02515,-0.000195,0.02295,0.003089,0,0,0,1,37.05,42.69,1,34.53,1,0.9513,0.283,1,0,0,0
0,153,112.7,86,5h 33m 32s,3.419,4,fieldmask_kl002_e5,Field credit + field KL 0.02,995,68.79,2.3e-07,122,0.01894,1455,45.76,20h 57m 34s,171.8,164,1,0,0,0,0,0,-0.06517,0.03247,-0.117,0.02271,-0.003307,0,0,0,1,38.36,44.29,1,40.1,1,0.9458,0.1353,1,0,0,0
0,142,108.3,77,5h 36m 14s,3.423,4,fieldmask_kl002_e5,Field credit + field KL 0.02,996,79.96,2.3e-07,123,0.1093,1455,45.76,20h 54m 42s,161.5,164,1,0,0,0,0,0,0.1247,0.03027,0.07761,0.02185,-0.005071,0,0,0,1,37.92,43.75,1,34.71,1,0.9522,0.2668,1,0,0,0
0.006944,160,110.4,87,5h 38m 59s,3.426,4,fieldmask_kl002_e5,Field credit + field KL 0.02,997,71.84,2.3e-07,124,0.05771,1455,45.76,20h 52m 4s,165.6,164,1,0,0,0,0,0,0.02496,0.03491,-0.02622,0.02234,-0.005577,-0.0004954,0,0,1,38.73,44.8,1,36.13,1,0.9883,0.3516,1,0.02778,-0.008681,0
0,143,108.3,82,5h 41m 41s,3.43,4,fieldmask_kl002_e5,Field credit + field KL 0.02,998,80.51,2.2e-07,125,0.05691,1455,45.76,20h 49m 12s,161.4,164,1,0,0,0,0,0,0.1054,0.03125,0.05593,0.02271,-0.004471,0,0,0,1,37.56,43.38,1,34.29,1,0.8893,0.4423,1,0,0,0
0.006944,160,109,78,5h 44m 28s,3.433,4,fieldmask_kl002_e5,Field credit + field KL 0.02,999,86.17,2.2e-07,126,0.04583,1455,45.76,20h 46m 39s,166.9,164,1,0,0,0,0,0,0.02625,0.0354,-0.03407,0.02344,0.001488,0,0,0,1,38.21,44.2,1,34.23,1,0.9624,0.3105,1,0,0,0
0,143,110.7,70,5h 47m 14s,3.436,4,fieldmask_kl002_e5,Field credit + field KL 0.02,1000,54.2,2.2e-07,127,0.06797,1455,45.76,20h 44m 1s,165.7,164,1,0,0,0,0,0,0.1389,0.03223,0.07792,0.0238,0.004946,0,0,0,1,37.41,43.22,1,34.99,1,0.9741,0.2621,1,0,0,0
0,152,108.1,82,5h 50m 2s,3.44,4,fieldmask_kl002_e5,Field credit + field KL 0.02,1001,79.32,2.2e-07,128,0.09409,1455,45.76,20h 41m 30s,167.3,164.1,1,0,0,0,0,0,0.08554,0.04224,0.01768,0.02197,0.003649,0,0,0,1,38.07,44.02,1,35.95,1,0.9721,0.408,1,0,0,0
0,147,108.6,78,5h 52m 53s,3.443,4,fieldmask_kl002_e5,Field credit + field KL 0.02,1002,50.15,2.2e-07,129,0.06253,1455,45.76,20h 39m 11s,171,164.1,1,0,0,0,0,0,0.1293,0.03345,0.07757,0.02197,-0.003184,-0.0004714,0,0,1,38.58,44.59,1,36.94,1,0.9599,0.2345,1,0.05556,-0.006944,0
0,140,108.2,74,5h 55m 46s,3.447,4,fieldmask_kl002_e5,Field credit + field KL 0.02,1003,45.88,2.2e-07,130,0.02727,1455,45.76,20h 36m 57s,172.7,164.2,1,0,0,0,0,0,-0.02302,0.03296,-0.07507,0.02356,-0.004464,0,0,0,1,37.41,43.16,1,40.75,1,0.9251,0.3417,1,0,0,0
0,154,111.1,80,5h 58m 31s,3.45,4,fieldmask_kl002_e5,Field credit + field KL 0.02,1004,110,2.2e-07,131,0.04353,1455,45.76,20h 34m 15s,164.6,164.2,1,0,0,0,0,0,0.05356,0.0332,-0.006943,0.02344,0.003865,0,0,0,1,37.78,43.61,1,34.71,1,0.9171,0.4969,1,0,0,0
0,160,110.9,81,6h 1m 16s,3.454,4,fieldmask_kl002_e5,Field credit + field KL 0.02,1005,92.15,2.2e-07,132,0.06996,1455,45.76,20h 31m 35s,165.2,164.2,1,0,0,0,0,0,0.0359,0.02942,-0.004463,0.02332,-0.01212,-0.0002467,0,0,1,38.43,44.43,1,34.95,1,0.9371,0.09386,1,0.02778,-0.001736,0
0,151,110.3,84,6h 4m 0s,3.457,4,fieldmask_kl002_e5,Field credit + field KL 0.02,1006,50.63,2.2e-07,133,0.04965,1455,45.76,20h 28m 51s,163.8,164.2,1,0,0,0,0,0,0.1185,0.03247,0.06548,0.02112,0.0002042,-0.0008197,0,0,1,38.87,44.96,1,33.9,1,0.991,0.3961,1,0.02778,-0.01215,0
0,146,110.8,84,6h 6m 50s,3.46,4,fieldmask_kl002_e5,Field credit + field KL 0.02,1007,79.56,2.2e-07,134,0.03924,1455,45.76,20h 26m 27s,170,164.3,1,0,0,0,0,0,0.01269,0.0376,-0.04718,0.02185,-0.003071,0.003487,0,0,1,38.51,44.53,1,35.76,1,0.8946,0.1984,1,0.02778,-0.003472,0
0,142,111,83,6h 9m 31s,3.464,4,fieldmask_kl002_e5,Field credit + field KL 0.02,1008,88.71,2.2e-07,135,0.02774,1455,45.76,20h 23m 30s,160.2,164.2,1,0,0,0,0,0,0.04469,0.02954,-0.00348,0.02222,-0.003591,0,0,0,1,38.14,44.08,1,33.56,1,0.9297,0.1691,1,0,0,0
0,143,109.9,87,6h 12m 17s,3.467,4,fieldmask_kl002_e5,Field credit + field KL 0.02,1009,94.84,2.1e-07,136,0.0602,1455,45.76,20h 20m 51s,165.7,164.2,1,0,0,0,0,0,0.04981,0.03064,-0.001687,0.02307,-0.002219,0,0,0,1,38.29,44.29,1,35.64,1,0.9704,0.3617,1,0,0,0
0,143,111.3,84,6h 14m 60s,3.471,4,fieldmask_kl002_e5,Field credit + field KL 0.02,1010,77.37,2.1e-07,137,0.04467,1455,45.76,20h 18m 4s,163,164.2,1,0,0,0,0,0,0.06643,0.03613,0.01677,0.02271,-0.009178,0,0,0,1,38.29,44.23,1,34.47,1,0.9204,0.2157,1,0,0,0
0,158,111.9,84,6h 17m 55s,3.474,4,fieldmask_kl002_e5,Field credit + field KL 0.02,1011,64.2,2.1e-07,138,0.0805,1455,45.76,20h 15m 53s,174.4,164.3,1,0,0,0,0,0,0.06221,0.03564,-0.003185,0.02197,0.007778,0,0,0,1,38,43.86,1,35.28,1,0.9565,0.262,1,0,0,0
0,143,112.2,87,6h 20m 40s,3.478,4,fieldmask_kl002_e5,Field credit + field KL 0.02,1012,70.22,2.1e-07,139,0.04515,1455,45.76,20h 13m 13s,165.4,164.3,1,0,0,0,0,0,0.05794,0.02954,0.01414,0.02161,-0.007343,0,0,0,1,38,43.94,1,34.01,1,0.9324,0.1687,1,0,0,0
0,148,112.5,86,6h 23m 31s,3.481,4,fieldmask_kl002_e5,Field credit + field KL 0.02,1013,111.5,2.1e-07,140,0.01666,1455,45.76,20h 10m 50s,170.7,164.4,1,0,0,0,0,0,0.005756,0.03345,-0.05308,0.02307,0.002316,0,0,0,1,37.7,43.49,1,37.41,1,0.9654,0.1684,1,0,0,0
0,158,111.2,84,6h 26m 14s,3.485,4,fieldmask_kl002_e5,Field credit + field KL 0.02,1014,72.08,2.1e-07,141,0.0439,1455,45.76,20h 8m 2s,162.8,164.4,1,0,0,0,0,0,0.05914,0.02979,-5.658e-05,0.02344,0.00362,0.002357,0,0,1,38.58,44.56,1,35.57,1,0.9406,0.156,1,0.02778,-0.005208,0
0.006944,160,111.2,72,6h 29m 5s,3.488,4,fieldmask_kl002_e5,Field credit + field KL 0.02,1015,75.35,2.1e-07,142,0.06949,1455,45.76,20h 5m 36s,170.1,164.4,1,0,0,0,0,0,0.09052,0.03833,0.0285,0.02271,0.000983,0,0,0,1,37.78,43.63,1,37.54,1,0.9306,0.359,1,0,0,0
0,153,111.8,81,6h 31m 52s,3.491,4,fieldmask_kl002_e5,Field credit + field KL 0.02,1016,79.4,2.1e-07,143,0.06087,1455,45.76,20h 2m 59s,166.5,164.4,1,0,0,0,0,0,0.03316,0.03369,-0.02342,0.02161,0.001279,0,0,0,1,38.36,44.35,1,33.64,1,0.9649,0.1817,1,0,0,0
0.006944,160,112.9,75,6h 34m 43s,3.495,4,fieldmask_kl002_e5,Field credit + field KL 0.02,1017,77.83,2.1e-07,144,0.03191,1455,45.76,20h 0m 37s,171.6,164.5,1,0,0,0,0,0,0.05284,0.03687,-0.01314,0.02271,0.004187,0.002216,0,0,1,38.73,44.78,1,39.33,1,0.9872,0.182,1,0.05556,-0.01389,0
0.006944,160,110.6,85,6h 37m 25s,3.498,4,fieldmask_kl002_e5,Field credit + field KL 0.02,1018,103.4,2.1e-07,145,0.04375,1455,45.76,19h 57m 42s,161,164.4,1,0,0,0,0,0,0.05386,0.0354,0.0009332,0.02417,-0.005987,-0.0006549,0,0,1,38.73,44.84,1,34.67,1,0.916,0.5841,1,0.02778,-0.008681,0
0,149,111.3,83,6h 40m 5s,3.502,4,fieldmask_kl002_e5,Field credit + field KL 0.02,1019,48.73,2.1e-07,146,0.05419,1455,45.76,19h 54m 46s,160.1,164.4,1,0,0,0,0,0,0.04559,0.03418,-0.001051,0.02222,-0.008021,-0.001738,0,0,1,38.73,44.78,1,34.74,1,0.9714,0.4973,1,0.02778,-0.008681,0
0.006944,160,108.9,74,6h 42m 48s,3.505,4,fieldmask_kl002_e5,Field credit + field KL 0.02,1020,86.04,2e-07,147,0.05393,1455,45.76,19h 51m 56s,162.6,164.4,1,0,0,0,-0.0008917,0,0.08018,0.03418,0.03012,0.02246,-0.004276,-0.001416,0,0,1,39.53,45.76,1,34.35,1,0.9487,0.2824,1,0.05556,-0.04167,0.02778
0.006944,160,112.3,88,6h 45m 34s,3.509,4,fieldmask_kl002_e5,Field credit + field KL 0.02,1021,66.69,2e-07,148,0.03335,1455,45.76,19h 49m 17s,165.9,164.4,1,0,0,0,0,0,0.05668,0.03271,-0.0006951,0.02222,0.00244,0,0,0,1,37.92,43.8,1,34.25,1,0.9882,0.317,1,0,0,0
0.006944,160,112.5,77,6h 48m 17s,3.512,4,fieldmask_kl002_e5,Field credit + field KL 0.02,1022,58.31,2e-07,149,0.06524,1455,45.76,19h 46m 28s,162.5,164.4,1,0,0,0,0,0,0.03852,0.03418,-0.01232,0.02063,-0.003969,0,0,0,1,38.29,44.27,1,35.21,1,0.9742,0.2935,1,0,0,0
0.006944,160,113.7,87,6h 51m 1s,3.515,4,fieldmask_kl002_e5,Field credit + field KL 0.02,1023,72.85,2e-07,150,0.06885,1455,45.76,19h 43m 43s,163.9,164.4,1,0,0,0,0,0,0.06413,0.03088,0.01391,0.02124,-0.001904,0,0,0,1,37.92,43.8,1,36.05,1,0.9702,0.3703,1,0,0,0
0,146,109.8,81,6h 53m 45s,3.519,4,fieldmask_kl002_e5,Field credit + field KL 0.02,1024,65.91,2e-07,151,0.0426,1455,45.76,19h 40m 57s,163.8,164.4,1,0,0,0,0,0,0.04844,0.03369,-0.007307,0.02173,0.002483,-0.002157,0,0,1,38.51,44.55,1,35.58,1,0.9799,0.1978,1,0.02778,-0.003472,0
0,153,112.9,71,6h 56m 28s,3.522,4,fieldmask_kl002_e5,Field credit + field KL 0.02,1025,55.17,2e-07,152,0.08321,1455,45.76,19h 38m 11s,163.5,164.4,1,0,0,0,0,0,0.02863,0.04028,-0.04575,0.02161,0.01186,0.000633,0,0,1,39.02,45.11,1,34.05,1,0.944,0.2822,1,0.05556,-0.02257,0
0,149,113.2,82,6h 59m 13s,3.526,4,fieldmask_kl002_e5,Field credit + field KL 0.02,1026,110.1,2e-07,153,0.04202,1455,45.76,19h 35m 26s,164.3,164.4,1,0,0,0,0,0,0.0575,0.03052,0.004405,0.02112,0.001464,0,0,0,1,38.14,44.02,1,33.69,1,0.9324,0.4292,1,0,0,0
0,140,111.7,86,7h 1m 57s,3.529,4,fieldmask_kl002_e5,Field credit + field KL 0.02,1027,82.09,2e-07,154,0.03611,1455,45.76,19h 32m 41s,163.6,164.4,1,0,0,0,0,0,0.03446,0.02856,-0.008813,0.02197,-0.007261,0,0,0,1,37.85,43.69,1,35.56,1,0.9668,0.297,1,0,0,0
0,157,114,79,7h 4m 42s,3.533,4,fieldmask_kl002_e5,Field credit + field KL 0.02,1028,90.77,2e-07,155,0.03342,1455,45.76,19h 29m 58s,165,164.4,1,0,0,0,0,0,-0.03291,0.02893,-0.09249,0.02283,0.006307,0.001515,0,0,1,39.31,45.5,1,34.58,1,0.8332,0.3448,1,0.02778,-0.02257,0
0.006944,160,112,85,7h 7m 24s,3.536,4,fieldmask_kl002_e5,Field credit + field KL 0.02,1029,57.13,2e-07,156,0.07695,1455,45.78,19h 27m 8s,162,164.4,1,0,0,0,0.003368,0,0.03769,0.02747,-0.02834,0.02124,0.01059,0.003368,0,0,1,39.53,45.78,1,35.37,1,0.9559,0.1773,1,0.02778,-0.02778,0.02778
0,156,113.6,83,7h 10m 9s,3.54,4,fieldmask_kl002_e5,Field credit + field KL 0.02,1030,60.07,2e-07,157,0.01191,1455,45.78,19h 24m 25s,164.7,164.4,1,0,0,0,0,0,0.06691,0.02966,0.01041,0.02161,0.005056,0.0001805,0,0,1,39.24,45.41,1,35.68,1,0.9441,0.3048,1,0.02778,-0.02083,0
0.006944,160,111.9,85,7h 12m 56s,3.543,4,fieldmask_kl002_e5,Field credit + field KL 0.02,1031,103.3,2e-07,158,0.05229,1455,45.78,19h 21m 49s,167,164.4,1,0,0,0,0,0,0.02083,0.02942,-0.03835,0.02124,0.01204,-0.003517,0,0,1,39.53,45.76,1,35.34,1,0.9743,0.3306,1,0.05556,-0.04688,0.02778
0,157,113.2,86,7h 15m 46s,3.546,4,fieldmask_kl002_e5,Field credit + field KL 0.02,1032,73.55,1.9e-07,159,0.03253,1455,45.78,19h 19m 18s,169.4,164.4,1,0,0,0,0,0,0.08782,0.02771,0.04041,0.02173,-0.002023,0,0,0,1,38.36,44.29,1,36.78,1,0.9748,0.1093,1,0,0,0
0,153,115.3,86,7h 18m 29s,3.55,4,fieldmask_kl002_e5,Field credit + field KL 0.02,1033,66.5,1.9e-07,160,0.04803,1455,45.78,19h 16m 31s,163.1,164.4,1,0,0,0,0,0,0.008217,0.02441,-0.02747,0.02185,-0.01058,0,0,0,1,38.14,44.1,1,36.83,1,0.9431,0.1935,1,0,0,0
0,160,112.3,82,7h 21m 15s,3.553,4,fieldmask_kl002_e5,Field credit + field KL 0.02,1034,66.53,1.9e-07,161,0.05683,1455,45.78,19h 13m 50s,165.7,164.4,1,0,0,0,0,0,0.03376,0.03589,-0.02224,0.02307,-0.002964,0,0,0,1,37.92,43.8,1,35.47,1,0.9405,0.2021,1,0,0,0
0.006944,160,113.4,85,7h 24m 1s,3.557,4,fieldmask_kl002_e5,Field credit + field KL 0.02,1035,98.01,1.9e-07,162,0.03004,1455,45.78,19h 11m 10s,165.3,164.5,1,0,0,0,0,0,0.04896,0.03271,-0.01322,0.02271,0.006757,0,0,0,1,38.29,44.25,1,34.43,1,0.8565,0.2464,1,0,0,0
0.01389,160,111.8,65,7h 26m 43s,3.56,4,fieldmask_kl002_e5,Field credit + field KL 0.02,1036,56.95,1.9e-07,163,0.01642,1455,45.78,19h 8m 19s,162,164.4,1,0,0,0,0,0,0.0344,0.02881,-0.01352,0.02185,-0.002157,-0.0005824,0,0,1,39.53,45.76,1,34.11,1,0.9627,0.4088,1,0.02778,-0.02778,0.02778
0,160,113.6,91,7h 29m 28s,3.564,4,fieldmask_kl002_e5,Field credit + field KL 0.02,1037,93.4,1.9e-07,164,0.05563,1455,45.78,19h 5m 35s,164.4,164.4,1,0,0,0,0,0,0.06005,0.04199,-0.009787,0.02332,0.004533,0,0,0,1,38,43.86,1,34.97,1,0.9198,0.3394,1,0,0,0
0,147,111.5,84,7h 32m 8s,3.567,4,fieldmask_kl002_e5,Field credit + field KL 0.02,1038,79.07,1.9e-07,165,0.07407,1455,45.78,19h 2m 41s,160.2,164.4,1,0,0,0,0,0,0.09054,0.04443,0.01269,0.02124,0.01126,0.0009179,0,0,1,38.58,44.58,1,34.76,1,0.9791,0.1941,1,0.02778,-0.005208,0
0,147,112.4,88,7h 34m 52s,3.57,4,fieldmask_kl002_e5,Field credit + field KL 0.02,1039,60.03,1.9e-07,166,0.0212,1455,45.78,18h 59m 55s,163.1,164.4,1,0,0,0,0,0,-0.005929,0.02722,-0.061,0.02185,0.005998,0,0,0,1,37.7,43.49,1,36.09,1,0.9476,0.1057,1,0,0,0
0,148,113.8,78,7h 37m 34s,3.574,4,fieldmask_kl002_e5,Field credit + field KL 0.02,1040,91.14,1.9e-07,167,0.07125,1455,45.78,18h 57m 4s,161.5,164.4,1,0,0,0,0,0,0.03304,0.0238,-0.004417,0.02173,-0.008076,0,0,0,1,38.36,44.29,1,34.56,1,0.9654,0.1922,1,0,0,0
0,148,112.6,85,7h 40m 18s,3.577,4,fieldmask_kl002_e5,Field credit + field KL 0.02,1041,48.01,1.9e-07,168,0.05673,1455,45.78,18h 54m 19s,164,164.4,1,0,0,0,0,0,0.002127,0.03442,-0.05377,0.02185,-0.0003801,0,0,0,1,37.85,43.69,1,35.93,1,0.9893,0.1538,1,0,0,0
0.006944,160,112.9,87,7h 43m 0s,3.581,4,fieldmask_kl002_e5,Field credit + field KL 0.02,1042,126.3,1.9e-07,169,0.05854,1455,45.78,18h 51m 29s,161.8,164.4,1,0,0,0,0,0,0.1089,0.02747,0.04656,0.02307,0.01274,-0.0009175,0,0,1,38.58,44.56,1,33.68,1,0.9571,0.293,1,0.02778,-0.005208,0
0,150,110.3,87,7h 45m 42s,3.584,4,fieldmask_kl002_e5,Field credit + field KL 0.02,1043,89.86,1.9e-07,170,0.05135,1455,45.78,18h 48m 38s,161.3,164.4,1,0,0,0,0,0,0.05465,0.03076,-0.007601,0.02271,0.00878,0,0,0,1,38.36,44.29,1,35.98,1,0.9866,0.1977,1,0,0,0
0,157,113.2,85,7h 48m 25s,3.588,4,fieldmask_kl002_e5,Field credit + field KL 0.02,1044,122.4,1.8e-07,171,0.04125,1455,45.78,18h 45m 50s,162.9,164.4,1,0,0,0,0,0,0.07904,0.03638,0.01852,0.02271,0.001798,-0.0003617,0,0,1,38.8,44.82,1,34.84,1,0.9857,0.2954,1,0.05556,-0.01736,0
0,140,111.1,82,7h 51m 11s,3.591,4,fieldmask_kl002_e5,Field credit + field KL 0.02,1045,40.89,1.8e-07,172,0.05121,1455,45.78,18h 43m 10s,165.7,164.4,1,0,0,0,0,0,0.02681,0.03064,-0.0275,0.02222,0.001449,0,0,0,1,37.63,43.41,1,35.1,1,0.9699,0.3404,1,0,0,0
0,147,109.6,81,7h 53m 59s,3.595,4,fieldmask_kl002_e5,Field credit + field KL 0.02,1046,61.16,1.8e-07,173,0.04502,1455,45.78,18h 40m 35s,168.4,164.4,1,0,0,0,0,0,0.0542,0.02881,0.008211,0.02185,-0.006925,0.002252,0,0,1,38.58,44.57,1,35.78,1,0.9842,0.1549,1,0.02778,-0.005208,0
0.006944,160,111.1,87,7h 56m 44s,3.598,4,fieldmask_kl002_e5,Field credit + field KL 0.02,1047,88.79,1.8e-07,174,0.05775,1455,45.78,18h 37m 51s,164.1,164.4,1,0,0,0,0,0,0.05176,0.02625,0.0002072,0.02222,0.003091,0,0,0,1,38,43.84,1,35.08,1,0.9674,0.1422,1,0,0,0
0.01389,160,111.3,78,7h 59m 32s,3.601,4,fieldmask_kl002_e5,Field credit + field KL 0.02,1048,65.15,1.8e-07,175,0.05129,1455,45.78,18h 35m 16s,168.3,164.4,1,0,0,0,0.0005565,0,0.06375,0.03174,0.004551,0.02332,0.003035,0.0005565,0,0,1,39.53,45.78,1,36.32,1,0.9607,0.2878,1,0.02778,-0.02778,0.02778
0,152,113.1,84,8h 2m 22s,3.605,4,fieldmask_kl002_e5,Field credit + field KL 0.02,1049,64.94,1.8e-07,176,0.07578,1455,45.78,18h 32m 43s,169.2,164.4,1,0,0,0,0,0,0.1129,0.02881,0.0634,0.02051,-0.002068,0.002264,0,0,1,38.94,45.02,1,34.26,1,0.954,0.3069,1,0.05556,-0.01562,0
0,145,111.2,82,8h 5m 2s,3.608,4,fieldmask_kl002_e5,Field credit + field KL 0.02,1050,73.56,1.8e-07,177,0.06177,1455,45.78,18h 29m 49s,159.7,164.4,1,0,0,0,0,0,-0.02303,0.02063,-0.07239,0.02136,0.005266,0.0021,0,0,1,38.43,44.39,1,34.06,1,0.9144,0.3835,1,0.02778,-0.001736,0
0.006944,160,111,79,8h 7m 41s,3.612,4,fieldmask_kl002_e5,Field credit + field KL 0.02,1051,72.28,1.8e-07,178,0.03175,1455,45.78,18h 26m 53s,159.1,164.4,1,0,0,0,0,0,0.012,0.03198,-0.0414,0.02136,-0.0001402,0.000199,0,0,1,38.58,44.61,1,34.38,1,0.9694,0.2893,1,0.02778,-0.005208,0
0.01389,160,110.3,72,8h 10m 22s,3.615,4,fieldmask_kl002_e5,Field credit + field KL 0.02,1052,72.56,1.8e-07,179,0.008968,1455,45.78,18h 23m 60s,160.4,164.4,1,0,0,0,-0.0009923,0,0.06121,0.0354,0.01267,0.02295,-0.007826,-0.0009923,0,0,1,39.53,45.72,1,33.83,1,0.8794,0.4681,1,0.05556,-0.05556,0.05556
0.006944,160,110.1,82,8h 13m 4s,3.619,4,fieldmask_kl002_e5,Field credit + field KL 0.02,1053,70.25,1.8e-07,180,0.04622,1455,45.78,18h 21m 11s,162.4,164.4,1,0,0,0,0.003486,0,0.07666,0.04004,0.003046,0.02075,0.005847,0.003486,0,0,1,39.53,45.72,1,34.53,1,0.851,0.2196,1,0.02778,-0.02778,0.02778
0,140,110,78,8h 15m 46s,3.622,4,fieldmask_kl002_e5,Field credit + field KL 0.02,1054,81.66,1.8e-07,181,0.03903,1455,45.78,18h 18m 22s,162,164.3,1,0,0,0,0,0,0.04016,0.02686,-0.01253,0.02197,0.00386,0,0,0,1,37.19,42.88,1,34.25,1,0.992,0.3172,1,0,0,0
0.006944,160,110.2,86,8h 18m 32s,3.625,4,fieldmask_kl002_e5,Field credit + field KL 0.02,1055,103.3,1.8e-07,182,0.05671,1455,45.78,18h 15m 41s,165.7,164.4,1,0,0,0,0,0,0.07362,0.0332,0.009163,0.02307,0.008181,0,0,0,1,37.78,43.57,1,37.81,1,0.9136,0.392,1,0,0,0
0,152,108,75,8h 21m 19s,3.629,4,fieldmask_kl002_e5,Field credit + field KL 0.02,1056,90.99,1.7e-07,183,0.06505,1455,45.78,18h 13m 2s,166.3,164.4,1,0,0,0,0,0,0.05345,0.02661,0.007427,0.02441,-0.005002,0,0,0,1,38.21,44.13,1,36.69,1,0.9821,0.4012,1,0,0,0
0,140,110.1,76,8h 24m 5s,3.632,4,fieldmask_kl002_e5,Field credit + field KL 0.02,1057,95.96,1.7e-07,184,0.04921,1455,45.78,18h 10m 22s,166,164.4,1,0,0,0,0,0,0.04194,0.03613,-0.01327,0.02307,-0.004,0,0,0,1,38.07,44,1,35.51,1,0.96,0.3705,1,0,0,0
0,155,110.3,85,8h 26m 47s,3.636,4,fieldmask_kl002_e5,Field credit + field KL 0.02,1058,89,1.7e-07,185,0.02774,1455,45.78,18h 7m 33s,162,164.4,1,0,0,0,0,0,0.07603,0.03931,0.01405,0.02332,-0.003318,0.002678,0,0,1,38.8,44.84,1,35.23,1,0.9526,0.2274,1,0.02778,-0.01042,0
0.006944,160,111.4,82,8h 29m 34s,3.639,4,fieldmask_kl002_e5,Field credit + field KL 0.02,1059,78.34,1.7e-07,186,0.03332,1455,45.78,18h 4m 54s,166.8,164.4,1,0,0,0,0,0,0.05316,0.02637,0.006603,0.02307,-0.002878,0,0,0,1,37.48,43.2,1,34.01,1,0.9627,0.3111,1,0,0,0
0,141,108,77,8h 32m 15s,3.643,4,fieldmask_kl002_e5,Field credit + field KL 0.02,1060,144.6,1.7e-07,187,0.05111,1455,45.78,18h 2m 2s,160.4,164.4,1,0,0,0,0,0,0.0675,0.03564,0.01414,0.02307,-0.005355,0,0,0,1,38.14,44.02,1,33.27,1,0.9679,0.2719,1,0,0,0
0,151,108.3,80,8h 34m 58s,3.646,4,fieldmask_kl002_e5,Field credit + field KL 0.02,1061,52.09,1.7e-07,188,0.01373,1455,45.78,17h 59m 14s,162.5,164.4,1,0,0,0,0,0,0.0259,0.02356,-0.01661,0.02417,-0.005215,0,0,0,1,38.07,44,1,34.08,1,0.9559,0.3816,1,0,0,0
0,145,109.2,79,8h 37m 40s,3.649,4,fieldmask_kl002_e5,Field credit + field KL 0.02,1062,60.62,1.7e-07,189,0.08526,1455,45.78,17h 56m 26s,162,164.3,1,0,0,0,0,0,0.06519,0.03149,0.01403,0.02307,-0.003406,0,0,0,1,37.78,43.65,1,34.25,1,0.9806,0.2274,1,0,0,0
0,151,107.3,82,8h 40m 21s,3.653,4,fieldmask_kl002_e5,Field credit + field KL 0.02,1063,52.03,1.7e-07,190,0.0743,1455,45.78,17h 53m 34s,160.3,164.3,1,0,0,0,0,0,0.08042,0.02747,0.03861,0.02283,-0.00848,0,0,0,1,36.9,42.55,1,34.73,1,0.9773,0.3731,1,0,0,0
0,143,109.6,74,8h 42m 59s,3.656,4,fieldmask_kl002_e5,Field credit + field KL 0.02,1064,60.54,1.7e-07,191,0.06951,1455,45.78,17h 50m 37s,158.2,164.3,1,0,0,0,0,0,0.07277,0.03809,0.02296,0.02234,-0.01061,0,0,0,1,37.78,43.61,1,33.38,1,0.9899,0.2281,1,0,0,0
0,153,107.6,81,8h 45m 44s,3.66,4,fieldmask_kl002_e5,Field credit + field KL 0.02,1065,60.13,1.7e-07,192,0.06139,1455,45.78,17h 47m 54s,164.6,164.3,1,0,0,0,0,0,0.1882,0.02734,0.1392,0.02173,-0.001159,0.001088,0,0,1,39.02,45.13,1,36.21,1,0.9753,0.2406,1,0.02778,-0.01562,0
0,132,107.3,76,8h 48m 31s,3.663,4,fieldmask_kl002_e5,Field credit + field KL 0.02,1066,53.2,1.7e-07,193,0.01913,1455,45.78,17h 45m 14s,166.2,164.3,1,0,0,0,0,0,0.1156,0.03198,0.06332,0.02405,-0.003758,0,0,0,1,37.41,43.18,1,33.63,1,0.9321,0.2613,1,0,0,0
0,144,107.1,77,8h 51m 19s,3.667,4,fieldmask_kl002_e5,Field credit + field KL 0.02,1067,47.66,1.7e-07,194,0.04768,1455,45.78,17h 42m 37s,167.8,164.3,1,0,0,0,0,0,0.04839,0.02832,-0.005449,0.02307,0.002445,0,0,0,1,37.92,43.82,1,34.1,1,0.9818,0.2454,1,0,0,0
0,149,107.6,72,8h 54m 2s,3.67,4,fieldmask_kl002_e5,Field credit + field KL 0.02,1068,48.72,1.6e-07,195,0.03836,1455,45.78,17h 39m 51s,163.3,164.3,1,0,0,0,0,0,0.04929,0.03589,-0.01215,0.02344,0.002115,0,0,0,1,37.78,43.55,1,34.64,1,0.9603,0.4675,1,0,0,0
0,141,109.7,78,8h 56m 45s,3.674,4,fieldmask_kl002_e5,Field credit + field KL 0.02,1069,59.83,1.6e-07,196,0.03025,1455,45.78,17h 37m 4s,162.5,164.3,1,0,0,0,0,0,0.02164,0.03833,-0.0437,0.02246,0.00455,0,0,0,1,38.14,44.06,1,33.7,1,0.9921,0.1427,1,0,0,0
0,150,108.8,84,8h 59m 28s,3.677,4,fieldmask_kl002_e5,Field credit + field KL 0.02,1070,56.34,1.6e-07,197,0.05074,1455,45.78,17h 34m 17s,162.5,164.3,1,0,0,0,0,0,0.06287,0.03589,0.01439,0.02283,-0.01024,0,0,0,1,37.19,42.9,1,32.98,1,0.9293,0.2132,1,0,0,0
0,153,108,84,9h 2m 14s,3.68,4,fieldmask_kl002_e5,Field credit + field KL 0.02,1071,84.24,1.6e-07,198,0.05071,1455,45.78,17h 31m 36s,166.1,164.3,1,0,0,0,0,0,0.05228,0.02905,-0.002183,0.02283,0.002585,0,0,0,1,38.14,44.02,1,36.81,1,0.965,0.1952,1,0,0,0
0,145,107.4,78,9h 4m 58s,3.684,4,fieldmask_kl002_e5,Field credit + field KL 0.02,1072,71.29,1.6e-07,199,0.04801,1455,45.78,17h 28m 51s,163.8,164.3,1,0,0,0,0,0,0.08284,0.0332,0.02686,0.02185,9.3e-06,0.0009147,0,0,1,38.43,44.39,1,33.63,1,0.993,0.1863,1,0.02778,-0.001736,0
0,157,109,82,9h 7m 43s,3.687,4,fieldmask_kl002_e5,Field credit + field KL 0.02,1073,82.48,1.6e-07,200,0.06351,1455,45.78,17h 26m 9s,165.1,164.3,1,0,0,0,0,0,0.06337,0.03369,0.006177,0.0238,-0.0003059,0,0,0,1,37.7,43.49,1,36.76,1,0.9423,0.2565,1,0,0,0
0,138,108.2,81,9h 10m 27s,3.691,4,fieldmask_kl002_e5,Field credit + field KL 0.02,1074,85.53,1.6e-07,201,0.03611,1455,45.78,17h 23m 24s,163.9,164.3,1,0,0,0,0,0,-0.03132,0.02673,-0.08049,0.02185,0.0005789,0,0,0,1,37.34,43.04,1,35.37,1,0.9635,0.3896,1,0,0,0
0.006944,160,105.7,81,9h 13m 10s,3.694,4,fieldmask_kl002_e5,Field credit + field KL 0.02,1075,79.43,1.6e-07,202,0.08739,1455,45.78,17h 20m 36s,162.1,164.3,1,0,0,0,0,0,0.1626,0.02441,0.1148,0.02405,-0.0006476,0,0,0,1,37.48,43.26,1,35.9,1,0.9942,0.2292,1,0,0,0
0,152,105.7,74,9h 15m 53s,3.698,4,fieldmask_kl002_e5,Field credit + field KL 0.02,1076,69.47,1.6e-07,203,0.07141,1455,45.78,17h 17m 50s,162.8,164.3,1,0,0,0,0,0,0.08365,0.02393,0.03523,0.02283,0.00167,0,0,0,1,37.34,43.06,1,34.45,1,0.9306,0.3928,1,0,0,0
0,148,107.7,71,9h 18m 39s,3.701,4,fieldmask_kl002_e5,Field credit + field KL 0.02,1077,59.3,1.6e-07,204,0.06686,1455,45.78,17h 15m 9s,166.2,164.3,1,0,0,0,0,0,0.06357,0.03687,-0.004211,0.02405,0.006873,0,0,0,1,37.19,42.9,1,35.56,1,0.9034,0.3518,1,0,0,0
0,146,107.8,76,9h 21m 25s,3.704,4,fieldmask_kl002_e5,Field credit + field KL 0.02,1078,72.72,1.6e-07,205,0.08033,1455,45.78,17h 12m 28s,165.6,164.3,1,0,0,0,0,0,0.1083,0.03052,0.05619,0.02344,-0.001837,0,0,0,1,37.85,43.67,1,35.56,1,0.9565,0.1072,1,0,0,0
0,154,107.4,78,9h 24m 12s,3.708,4,fieldmask_kl002_e5,Field credit + field KL 0.02,1079,182.2,1.6e-07,206,0.0567,1455,45.78,17h 9m 48s,166.3,164.3,1,0,0,0,0,0,0.06921,0.02856,0.00728,0.02344,0.009426,0.0004975,0,0,1,39.09,45.21,1,33.79,1,0.9904,0.2837,1,0.02778,-0.01736,0
0.006944,160,108.1,72,9h 26m 59s,3.711,4,fieldmask_kl002_e5,Field credit + field KL 0.02,1080,45.56,1.6e-07,207,0.07347,1455,45.78,17h 7m 9s,167.2,164.3,1,0,0,0,0,0,0.0412,0.03088,-0.005437,0.02234,-0.006583,0,0,0,1,37.78,43.61,1,35.43,1,0.9544,0.2871,1,0,0,0
0,142,108.4,78,9h 29m 44s,3.715,4,fieldmask_kl002_e5,Field credit + field KL 0.02,1081,77.88,1.5e-07,208,0.03067,1455,45.78,17h 4m 26s,165,164.3,1,0,0,0,0,0,0.04468,0.03064,-0.01532,0.02344,0.005921,0,0,0,1,37.27,42.96,1,38.13,1,0.9154,0.396,1,0,0,0
0,145,107.5,75,9h 32m 26s,3.718,4,fieldmask_kl002_e5,Field credit + field KL 0.02,1082,64.43,1.5e-07,209,0.02281,1455,45.78,17h 1m 38s,161.8,164.3,1,0,0,0,0,0,0.07156,0.03442,0.0108,0.02332,0.003027,0,0,0,1,37.27,42.98,1,35.64,1,0.9898,0.3358,1,0,0,0
0,143,109.2,82,9h 35m 9s,3.722,4,fieldmask_kl002_e5,Field credit + field KL 0.02,1083,78.55,1.5e-07,210,0.03688,1455,45.78,16h 58m 51s,162.5,164.3,1,0,0,0,0,0,-0.02987,0.03784,-0.08226,0.02197,-0.007431,0,0,0,1,37.05,42.69,1,35.21,1,0.9086,0.4578,1,0,0,0
0,145,108,78,9h 37m 56s,3.725,4,fieldmask_kl002_e5,Field credit + field KL 0.02,1084,51.92,1.5e-07,211,0.07695,1455,45.78,16h 56m 10s,166.4,164.3,1,0,0,0,0,0,0.1383,0.03076,0.08704,0.02344,-0.002903,0,0,0,1,37.34,43.06,1,36.46,1,0.9554,0.2939,1,0,0,0
0,134,110.2,84,9h 40m 38s,3.729,4,fieldmask_kl002_e5,Field credit + field KL 0.02,1085,66.81,1.5e-07,212,0.0469,1455,45.78,16h 53m 23s,162,164.3,1,0,0,0,0,0,0.01285,0.03247,-0.04744,0.02271,0.005107,0,0,0,1,37.63,43.39,1,34.14,1,0.9911,0.4316,1,0,0,0
0,141,107,78,9h 43m 20s,3.732,4,fieldmask_kl002_e5,Field credit + field KL 0.02,1086,50.33,1.5e-07,213,0.07325,1455,45.78,16h 50m 34s,161.7,164.3,1,0,0,0,0,0,0.0541,0.03809,0.0005313,0.02234,-0.006859,0,0,0,1,37.12,42.81,1,33.96,1,0.9635,0.344,1,0,0,0
0,149,107.4,83,9h 46m 2s,3.735,4,fieldmask_kl002_e5,Field credit + field KL 0.02,1087,97.28,1.5e-07,214,0.07866,1455,45.78,16h 47m 45s,161,164.3,1,0,0,0,0,0,0.09523,0.04395,0.01923,0.02417,0.007891,0,0,0,1,36.68,42.28,1,35.09,1,0.8325,0.2514,1,0,0,0
0,138,106.2,75,9h 48m 50s,3.739,4,fieldmask_kl002_e5,Field credit + field KL 0.02,1088,67.08,1.5e-07,215,0.04638,1455,45.78,16h 45m 8s,168.4,164.3,1,0,0,0,0,0,0.02751,0.03687,-0.03752,0.02307,0.005095,0,0,0,1,37.12,42.77,1,34.06,1,0.9466,0.4405,1,0,0,0
0,142,109.3,85,9h 51m 35s,3.742,4,fieldmask_kl002_e5,Field credit + field KL 0.02,1089,72.43,1.5e-07,216,0.08323,1455,45.78,16h 42m 24s,164.5,164.3,1,0,0,0,0,0,0.06176,0.02112,0.0261,0.02344,-0.008896,0,0,0,1,38.21,44.12,1,34.49,1,0.9723,0.3266,1,0,0,0
0,136,107.2,76,9h 54m 18s,3.746,4,fieldmask_kl002_e5,Field credit + field KL 0.02,1090,117.4,1.5e-07,217,0.06134,1455,45.78,16h 39m 38s,163.4,164.3,1,0,0,0,0,0,0.03167,0.03088,-0.01387,0.02332,-0.008658,0,0,0,1,37.63,43.43,1,36.42,1,0.9814,0.3522,1,0,0,0
0,140,107.6,80,9h 57m 3s,3.749,4,fieldmask_kl002_e5,Field credit + field KL 0.02,1091,52.9,1.5e-07,218,0.02568,1455,45.78,16h 36m 54s,163.9,164.3,1,0,0,0,0,0,-0.02068,0.03015,-0.08468,0.02307,0.01077,0,0,0,1,38.07,43.98,1,35.83,1,0.9692,0.4013,1,0,0,0
0,146,108.3,78,9h 59m 49s,3.753,4,fieldmask_kl002_e5,Field credit + field KL 0.02,1092,59.21,1.5e-07,219,0.08388,1455,45.78,16h 34m 13s,166.3,164.3,1,0,0,0,0,0,0.03598,0.03662,-0.02665,0.02307,0.002938,0,0,0,1,37.7,43.53,1,35.98,1,0.9834,0.3447,1,0,0,0
0,150,108.4,81,10h 2m 31s,3.756,4,fieldmask_kl002_e5,Field credit + field KL 0.02,1093,89.96,1.5e-07,220,0.08263,1455,45.78,16h 31m 25s,161.6,164.3,1,0,0,0,0,0,0.06512,0.03687,0.01584,0.02356,-0.01114,0,0,0,1,37.85,43.71,1,34.1,1,0.9779,0.2152,1,0,0,0
0,138,107.4,82,10h 5m 14s,3.759,4,fieldmask_kl002_e5,Field credit + field KL 0.02,1094,58.86,1.4e-07,221,0.07834,1455,45.78,16h 28m 39s,163.2,164.3,1,0,0,0,0,0,0.0993,0.03833,0.05202,0.02295,-0.014,0,0,0,1,37.48,43.24,1,34.63,1,0.9795,0.2207,1,0,0,0
0,146,105.6,72,10h 7m 60s,3.763,4,fieldmask_kl002_e5,Field credit + field KL 0.02,1095,78.3,1.4e-07,222,0.04517,1455,45.78,16h 25m 57s,165.3,164.3,1,0,0,0,0,0,0.07045,0.03442,-0.001964,0.02417,0.01382,0,0,0,1,36.9,42.53,1,37.92,1,0.9385,0.1459,1,0,0,0
0,137,107.2,81,10h 10m 44s,3.766,4,fieldmask_kl002_e5,Field credit + field KL 0.02,1096,82.33,1.4e-07,223,0.05337,1455,45.78,16h 23m 12s,164,164.3,1,0,0,0,0,0,0.09136,0.03442,0.03344,0.02307,0.0004263,0,0,0,1,36.9,42.53,1,35.89,1,0.9617,0.2226,1,0,0,0
0,140,106.8,79,10h 13m 28s,3.77,4,fieldmask_kl002_e5,Field credit + field KL 0.02,1097,77.77,1.4e-07,224,0.09194,1455,45.78,16h 20m 27s,163.3,164.3,1,0,0,0,0,0,0.08276,0.02856,0.0294,0.02393,0.0008695,0,0,0,1,38.07,44,1,36.44,1,0.9715,0.3433,1,0,0,0
0,154,106.7,77,10h 16m 14s,3.773,4,fieldmask_kl002_e5,Field credit + field KL 0.02,1098,81.86,1.4e-07,225,0.1032,1455,45.78,16h 17m 45s,165.6,164.3,1,0,0,0,0,0,0.02292,0.02197,-0.0129,0.0238,-0.009949,0,0,0,1,36.9,42.55,1,36.29,1,0.969,0.4148,1,0,0,0
0,141,105.7,72,10h 18m 57s,3.777,4,fieldmask_kl002_e5,Field credit + field KL 0.02,1099,82.72,1.4e-07,226,0.05462,1455,45.78,16h 14m 60s,163.6,164.3,1,0,0,0,0,0,0.09748,0.03271,0.04529,0.02332,-0.003842,0,0,0,1,38.14,44.08,1,33.94,1,0.9829,0.128,1,0,0,0
0,138,107.1,82,10h 21m 42s,3.78,4,fieldmask_kl002_e5,Field credit + field KL 0.02,1100,74.63,1.4e-07,227,0.05624,1455,45.78,16h 12m 16s,164.4,164.3,1,0,0,0,0,0,0.1284,0.03442,0.06861,0.02393,0.001414,0,0,0,1,37.05,42.73,1,36.17,1,0.9318,0.2838,1,0,0,0
0,147,109.4,83,10h 24m 25s,3.784,4,fieldmask_kl002_e5,Field credit + field KL 0.02,1101,87.57,1.4e-07,228,0.06594,1455,45.78,16h 9m 30s,162.8,164.3,1,0,0,0,0,0,0.07432,0.03394,0.01726,0.02271,0.0004183,0,0,0,1,37.63,43.45,1,35.59,1,0.9714,0.2345,1,0,0,0
0,150,109,75,10h 27m 13s,3.787,4,fieldmask_kl002_e5,Field credit + field KL 0.02,1102,83.5,1.4e-07,229,0.02875,1455,45.78,16h 6m 50s,167.1,164.3,1,0,0,0,0,0,0.027,0.03418,-0.03735,0.02197,0.007717,0.0004824,0,0,1,38.8,44.82,1,38.36,1,0.9625,0.1979,1,0.02778,-0.01042,0
0,140,107.9,76,10h 29m 57s,3.79,4,fieldmask_kl002_e5,Field credit + field KL 0.02,1103,66.15,1.4e-07,230,0.04585,1455,45.78,16h 4m 6s,164.5,164.3,1,0,0,0,0,0,0.0596,0.03076,0.006476,0.02234,1.84e-05,0,0,0,1,37.7,43.49,1,35.93,1,0.9882,0.2295,1,0,0,0
0,148,105.7,81,10h 32m 40s,3.794,4,fieldmask_kl002_e5,Field credit + field KL 0.02,1104,69.92,1.4e-07,231,0.05545,1455,45.78,16h 1m 20s,162.8,164.3,1,0,0,0,0,0,0.03996,0.02747,-0.01206,0.02307,0.001483,0,0,0,1,37.78,43.57,1,35.12,1,0.975,0.3691,1,0,0,0
0,135,108.5,79,10h 35m 23s,3.797,4,fieldmask_kl002_e5,Field credit + field KL 0.02,1105,108.7,1.4e-07,232,0.05068,1455,45.78,15h 58m 34s,162.7,164.3,1,0,0,0,0,0,0.1014,0.03564,0.0427,0.02332,-0.0002165,0,0,0,1,37.34,43.04,1,34.7,1,0.9946,0.2033,1,0,0,0
0,134,107.2,89,10h 38m 8s,3.801,4,fieldmask_kl002_e5,Field credit + field KL 0.02,1106,60.37,1.4e-07,233,0.06388,1455,45.78,15h 55m 50s,164.1,164.3,1,0,0,0,0,0,0.02205,0.03198,-0.0338,0.02356,0.0003038,0,0,0,1,36.83,42.46,1,34.87,1,0.9503,0.5553,1,0,0,0
0,137,106.7,81,10h 40m 51s,3.804,4,fieldmask_kl002_e5,Field credit + field KL 0.02,1107,91.82,1.3e-07,234,0.03959,1455,45.78,15h 53m 3s,162.8,164.3,1,0,0,0,0,0,0.05388,0.03247,-0.004045,0.02307,0.002388,0,0,0,1,37.48,43.26,1,36.03,1,0.9603,0.29,1,0,0,0
0,131,106.5,82,10h 43m 33s,3.808,4,fieldmask_kl002_e5,Field credit + field KL 0.02,1108,52.7,1.3e-07,235,0.05929,1455,45.78,15h 50m 16s,161.7,164.3,1,0,0,0,0,0,0.05027,0.03052,0.0007323,0.02246,-0.003443,0,0,0,1,37.34,43.1,1,35.54,1,0.9308,0.1357,1,0,0,0
0,142,108.7,87,10h 46m 17s,3.811,4,fieldmask_kl002_e5,Field credit + field KL 0.02,1109,67.56,1.3e-07,236,0.07661,1455,45.78,15h 47m 31s,164.2,164.3,1,0,0,0,0,0,0.05891,0.0354,-0.007751,0.02283,0.008436,0,0,0,1,37.48,43.22,1,34.66,1,0.9839,0.3357,1,0,0,0
0.006944,160,108.4,71,10h 49m 3s,3.814,4,fieldmask_kl002_e5,Field credit + field KL 0.02,1110,61.3,1.3e-07,237,0.02293,1455,45.78,15h 44m 49s,165.1,164.3,1,0,0,0,0,0,0.03862,0.03491,-0.02375,0.02295,0.004513,0,0,0,1,38.14,44.08,1,36.94,1,0.9524,0.2901,1,0,0,0
0,143,107.9,80,10h 51m 45s,3.818,4,fieldmask_kl002_e5,Field credit + field KL 0.02,1111,126.5,1.3e-07,238,0.05824,1455,45.78,15h 42m 2s,162.4,164.3,1,0,0,0,0,0,0.06429,0.03931,0.001165,0.02295,0.000866,0,0,0,1,38,43.9,1,33.79,1,0.9495,0.3367,1,0,0,0
0,138,107.3,81,10h 54m 32s,3.821,4,fieldmask_kl002_e5,Field credit + field KL 0.02,1112,96.49,1.3e-07,239,0.03222,1455,45.78,15h 39m 21s,166.5,164.3,1,0,0,0,0,0,0.01371,0.02637,-0.03843,0.02344,0.002336,0,0,0,1,37.92,43.74,1,34.79,1,0.9824,0.05728,1,0,0,0
0,152,109.7,82,10h 57m 16s,3.825,4,fieldmask_kl002_e5,Field credit + field KL 0.02,1113,78.68,1.3e-07,240,0.02937,1455,45.78,15h 36m 36s,163.5,164.3,1,0,0,0,0,0,0.0329,0.03149,-0.02104,0.02356,-0.00112,0,0,0,1,37.41,43.16,1,35.55,1,0.9904,0.1707,1,0,0,0
0,147,108.4,85,10h 59m 59s,3.828,4,fieldmask_kl002_e5,Field credit + field KL 0.02,1114,67,1.3e-07,241,0.06538,1455,45.78,15h 33m 51s,163.3,164.3,1,0,0,0,0,0,0.1456,0.03076,0.08682,0.02332,0.004698,0,0,0,1,37.85,43.71,1,34.05,1,0.9563,0.2255,1,0,0,0
0,148,107.8,73,11h 2m 45s,3.832,4,fieldmask_kl002_e5,Field credit + field KL 0.02,1115,55.4,1.3e-07,242,0.0213,1455,45.78,15h 31m 9s,165.7,164.3,1,0,0,0,0,0,0.03081,0.03662,-0.03685,0.02271,0.008335,0,0,0,1,37.85,43.71,1,36.08,1,0.9534,0.2188,1,0,0,0
0,137,106.5,72,11h 5m 30s,3.835,4,fieldmask_kl002_e5,Field credit + field KL 0.02,1116,72.85,1.3e-07,243,0.04683,1455,45.78,15h 28m 25s,164.1,164.3,1,0,0,0,0,0,0.02442,0.03687,-0.04387,0.02344,0.007991,0,0,0,1,37.85,43.69,1,36.6,1,0.9857,0.2192,1,0,0,0
0,137,106.5,82,11h 8m 18s,3.838,4,fieldmask_kl002_e5,Field credit + field KL 0.02,1117,75.88,1.3e-07,244,0.0632,1455,45.78,15h 25m 46s,168.3,164.3,1,0,0,0,0,0,0.09172,0.03857,0.02973,0.02332,0.0001014,0,0,0,1,37.7,43.53,1,37.28,1,0.9739,0.347,1,0,0,0
0,154,108.7,71,11h 11m 3s,3.842,4,fieldmask_kl002_e5,Field credit + field KL 0.02,1118,61.5,1.3e-07,245,0.07095,1455,45.78,15h 23m 3s,164.6,164.3,1,0,0,0,0,0,0.05798,0.0376,-0.001393,0.02356,-0.001785,0,0,0,1,38.14,44.06,1,37.36,1,0.9881,0.1865,1,0,0,0
0,139,108.5,87,11h 13m 54s,3.845,4,fieldmask_kl002_e5,Field credit + field KL 0.02,1119,108.9,1.3e-07,246,0.09431,1455,45.78,15h 20m 27s,170.6,164.4,1,0,0,0,0,0,0.1048,0.03198,0.04854,0.02307,0.00116,0,0,0,1,38,43.88,1,34.62,1,0.9377,0.1352,1,0,0,0
0,140,107.8,85,11h 16m 46s,3.849,4,fieldmask_kl002_e5,Field credit + field KL 0.02,1120,91.44,1.3e-07,247,0.04718,1455,45.78,15h 17m 53s,171.7,164.4,1,0,0,0,0,0,0.02493,0.03174,-0.02886,0.02307,-0.001014,0,0,0,1,37.92,43.8,1,41.12,1,0.9635,0.5821,1,0,0,0
0,142,108.6,85,11h 19m 32s,3.852,4,fieldmask_kl002_e5,Field credit + field KL 0.02,1121,63.8,1.2e-07,248,0.04774,1455,45.78,15h 15m 10s,165.3,164.4,1,0,0,0,0,0,0.06538,0.04565,0.004991,0.02234,-0.007602,0,0,0,1,38,43.9,1,34.96,1,0.8923,0.5114,1,0,0,0
0,141,108.8,85,11h 22m 16s,3.856,4,fieldmask_kl002_e5,Field credit + field KL 0.02,1122,65.43,1.2e-07,249,0.08509,1455,45.78,15h 12m 26s,164.2,164.4,1,0,0,0,0,0,0.08836,0.04102,0.02574,0.02246,-0.0008642,0,0,0,1,38.14,44.08,1,35.39,1,0.9768,0.4341,1,0,0,0
0,153,109,82,11h 24m 59s,3.859,4,fieldmask_kl002_e5,Field credit + field KL 0.02,1123,74.09,1.2e-07,250,0.05696,1455,45.78,15h 9m 39s,162.2,164.4,1,0,0,0,0,0,0.1052,0.02783,0.0551,0.02234,-0.002444,0.002389,0,0,1,38.87,44.98,1,35.35,1,0.9167,0.4151,1,0.02778,-0.01215,0
0,141,106.9,72,11h 27m 45s,3.863,4,fieldmask_kl002_e5,Field credit + field KL 0.02,1124,84.85,1.2e-07,251,0.05177,1455,45.78,15h 6m 57s,165.9,164.4,1,0,0,0,0,0,0.0654,0.021,0.02807,0.02356,-0.007226,0,0,0,1,36.54,42.05,1,36.41,1,0.9738,0.3505,1,0,0,0
0,138,108.2,86,11h 30m 30s,3.866,4,fieldmask_kl002_e5,Field credit + field KL 0.02,1125,60.51,1.2e-07,252,0.07212,1455,45.78,15h 4m 14s,165,164.4,1,0,0,0,0,0,0.098,0.03223,0.03293,0.02344,0.009413,0,0,0,1,37.19,42.94,1,34.99,1,0.9423,0.5577,1,0,0,0
0,142,108.1,84,11h 33m 18s,3.869,4,fieldmask_kl002_e5,Field credit + field KL 0.02,1126,61,1.2e-07,253,0.05241,1455,45.78,15h 1m 34s,167.5,164.4,1,0,0,0,0,0,0.02981,0.03711,-0.03589,0.02283,0.005757,0,0,0,1,37.27,43,1,39.93,1,0.9871,0.3348,1,0,0,0
0,133,107.9,79,11h 36m 0s,3.873,4,fieldmask_kl002_e5,Field credit + field KL 0.02,1127,114.6,1.2e-07,254,0.05096,1455,45.78,14h 58m 46s,161.7,164.4,1,0,0,0,0,0,0.1173,0.03662,0.05446,0.02344,0.002811,0,0,0,1,37.19,42.85,1,34.58,1,0.9872,0.2757,1,0,0,0
0,145,109.2,84,11h 38m 50s,3.876,4,fieldmask_kl002_e5,Field credit + field KL 0.02,1128,78.42,1.2e-07,255,0.05165,1455,45.78,14h 56m 9s,169.6,164.4,1,0,0,0,0,0,0.05713,0.04053,-0.002508,0.02246,-0.003349,0,0,0,1,37.19,42.87,1,36.12,1,0.9715,0.2488,1,0,0,0
0,139,107.3,72,11h 41m 47s,3.88,4,fieldmask_kl002_e5,Field credit + field KL 0.02,1129,79.88,1.2e-07,256,0.01391,1455,45.78,14h 53m 40s,176.7,164.5,1,0,0,0,0,0,0.03479,0.03564,-0.03108,0.02441,0.005812,0,0,0,1,37.19,42.87,1,45.17,1,0.9274,0.6614,1,0,0,0
0,139,109.3,84,11h 44m 39s,3.883,4,fieldmask_kl002_e5,Field credit + field KL 0.02,1130,68.53,1.2e-07,257,0.05831,1455,45.78,14h 51m 6s,172.1,164.5,1,0,0,0,0,0,-0.005396,0.03027,-0.05293,0.02234,-0.005079,0,0,0,1,38,43.88,1,38.66,1,0.9626,0.06582,1,0,0,0
0,155,109.4,83,11h 47m 21s,3.887,4,fieldmask_kl002_e5,Field credit + field KL 0.02,1131,102.8,1.2e-07,258,0.01403,1455,45.78,14h 48m 19s,161.9,164.5,1,0,0,0,0,0,0.05605,0.0354,-0.004418,0.02344,0.001634,0,0,0,1,38.21,44.16,1,34.39,1,0.9564,0.2155,1,0,0,0
0,147,110.2,86,11h 50m 11s,3.89,4,fieldmask_kl002_e5,Field credit + field KL 0.02,1132,90.59,1.2e-07,259,0.06142,1455,45.78,14h 45m 40s,169.4,164.5,1,0,0,0,0,0,0.1136,0.02454,0.07413,0.02271,-0.007735,0,0,0,1,37.56,43.35,1,33.7,1,0.9211,0.3819,1,0,0,0
0,155,109.7,82,11h 52m 57s,3.893,4,fieldmask_kl002_e5,Field credit + field KL 0.02,1133,56.06,1.2e-07,260,0.01229,1455,45.78,14h 42m 57s,165.6,164.5,1,0,0,0,0,0,0.03095,0.03442,-0.01888,0.02307,-0.007655,0,0,0,1,38.21,44.16,1,36.58,1,0.9367,0.2707,1,0,0,0
0,149,109.9,87,11h 55m 38s,3.897,4,fieldmask_kl002_e5,Field credit + field KL 0.02,1134,79.78,1.2e-07,261,0.02993,1455,45.78,14h 40m 9s,161.3,164.5,1,0,0,0,0,0,0.00365,0.03418,-0.04607,0.02307,-0.01088,0.003355,0,0,1,38.73,44.8,1,33.86,1,0.9581,0.4021,1,0.02778,-0.008681,0
0,140,107.8,82,11h 58m 29s,3.9,4,fieldmask_kl002_e5,Field credit + field KL 0.02,1135,79.55,1.1e-07,262,0.06743,1455,45.78,14h 37m 32s,170.2,164.5,1,0,0,0,0,0,0.03836,0.02734,-0.007531,0.02356,-0.005014,0,0,0,1,37.63,43.45,1,36.71,1,0.8679,0.193,1,0,0,0
0,152,107.8,84,12h 1m 19s,3.904,4,fieldmask_kl002_e5,Field credit + field KL 0.02,1136,89.71,1.1e-07,263,0.03016,1455,45.78,14h 34m 54s,169.9,164.6,1,0,0,0,0,0,0.01559,0.02954,-0.02618,0.02271,-0.01047,0,0,0,1,37.56,43.33,1,41.17,1,0.9728,0.476,1,0,0,0
0,141,107.9,80,12h 4m 7s,3.907,4,fieldmask_kl002_e5,Field credit + field KL 0.02,1137,82.92,1.1e-07,264,0.03985,1455,45.78,14h 32m 14s,168,164.6,1,0,0,0,0,0,-0.01209,0.03784,-0.06953,0.02344,-0.003836,0,0,0,1,37.19,42.9,1,38.29,1,0.9554,0.3237,1,0,0,0
0,142,108.9,86,12h 6m 53s,3.911,4,fieldmask_kl002_e5,Field credit + field KL 0.02,1138,49.3,1.1e-07,265,0.04616,1455,45.78,14h 29m 31s,165.3,164.6,1,0,0,0,0,0,0.04115,0.0354,-0.01352,0.02271,-0.003438,0,0,0,1,37.12,42.81,1,38.61,1,0.9225,0.3268,1,0,0,0
0.006944,160,107.9,81,12h 9m 37s,3.914,4,fieldmask_kl002_e5,Field credit + field KL 0.02,1139,85.25,1.1e-07,266,0.04979,1455,45.78,14h 26m 46s,164.2,164.6,1,0,0,0,0,0,0.1517,0.03271,0.09835,0.02393,-0.00324,0,0,0,1,37.27,43,1,35.32,1,0.9588,0.5488,1,0,0,0
0,148,110,86,12h 12m 23s,3.918,4,fieldmask_kl002_e5,Field credit + field KL 0.02,1140,93.37,1.1e-07,267,0.09174,1455,45.78,14h 24m 2s,165.1,164.6,1,0,0,0,0,0,0.06236,0.02856,0.005194,0.02307,0.00553,0,0,0,1,37.12,42.77,1,35.03,1,0.9476,0.3641,1,0,0,0
0,143,107.5,83,12h 15m 7s,3.921,4,fieldmask_kl002_e5,Field credit + field KL 0.02,1141,80.92,1.1e-07,268,0.03687,1455,45.78,14h 21m 18s,164.2,164.6,1,0,0,0,0,0,0.053,0.03857,-0.009452,0.02246,0.001421,0,0,0,1,37.56,43.29,1,37.2,1,0.9504,0.09998,1,0,0,0
0,141,108.9,79,12h 17m 53s,3.924,4,fieldmask_kl002_e5,Field credit + field KL 0.02,1142,89.13,1.1e-07,269,0.05217,1455,45.78,14h 18m 35s,165.7,164.6,1,0,0,0,0,0,0.03719,0.03198,-0.02482,0.02271,0.007324,0,0,0,1,38.14,44.02,1,34.77,1,0.9749,0.1806,1,0,0,0
0,140,109.9,85,12h 20m 44s,3.928,4,fieldmask_kl002_e5,Field credit + field KL 0.02,1143,65.73,1.1e-07,270,0.04493,1455,45.78,14h 15m 57s,170.1,164.6,1,0,0,0,0,0,0.06712,0.02893,0.009158,0.02234,0.00669,0,0,0,1,38.07,43.98,1,38.74,1,0.974,0.3689,1,0,0,0
0.006944,160,110.4,87,12h 23m 30s,3.931,4,fieldmask_kl002_e5,Field credit + field KL 0.02,1144,85.16,1.1e-07,271,0.02074,1455,45.78,14h 13m 14s,165.9,164.6,1,0,0,0,0,0,0.03752,0.03174,-0.01434,0.02222,-0.0021,0,0,0,1,37.41,43.16,1,35.3,1,0.9626,0.1933,1,0,0,0
0,145,110.2,76,12h 26m 14s,3.935,4,fieldmask_kl002_e5,Field credit + field KL 0.02,1145,88.89,1.1e-07,272,0.03143,1455,45.78,14h 10m 30s,164.3,164.6,1,0,0,0,0.001302,0,0.06864,0.02356,0.01623,0.02307,0.004483,0,0,0,1,38.14,44.08,1,34.57,1,0.8868,0.3274,1,0,0,0
0,150,111.3,84,12h 28m 57s,3.938,4,fieldmask_kl002_e5,Field credit + field KL 0.02,1146,91.54,1.1e-07,273,0.06173,1455,45.78,14h 7m 43s,162.5,164.6,1,0,0,0,0,0,0.1122,0.03638,0.05255,0.02295,-0.0004784,0.0008136,0,0,1,38.8,44.88,1,33.02,1,0.9629,0.084,1,0.02778,-0.01042,0
0,150,107.5,86,12h 31m 41s,3.942,4,fieldmask_kl002_e5,Field credit + field KL 0.02,1147,68.27,1.1e-07,274,0.04033,1455,45.78,14h 4m 57s,163.4,164.6,1,0,0,0,0,0,0.03358,0.03247,-0.01486,0.02307,-0.007099,0,0,0,1,37.85,43.71,1,31.8,1,0.9643,0.1558,1,0,0,0
0,159,108.8,85,12h 34m 31s,3.945,4,fieldmask_kl002_e5,Field credit + field KL 0.02,1148,59.14,1.1e-07,275,0.03728,1455,45.78,14h 2m 19s,170.4,164.6,1,0,0,0,0,0,0.06834,0.02905,0.01143,0.02295,0.004361,0.000545,0,0,1,39.45,45.72,1,35.37,1,0.9545,0.3868,1,0.02778,-0.02604,0
0,141,107.9,83,12h 37m 14s,3.948,4,fieldmask_kl002_e5,Field credit + field KL 0.02,1149,59.24,1.1e-07,276,0.06841,1455,45.78,13h 59m 32s,162,164.6,1,0,0,0,0,0,0.03998,0.03223,-0.01444,0.02271,-0.00051,0,0,0,1,37.7,43.53,1,33.43,1,0.9967,0.304,1,0,0,0
0,143,109.5,84,12h 40m 1s,3.952,4,fieldmask_kl002_e5,Field credit + field KL 0.02,1150,87.92,1e-07,277,0.0514,1455,45.78,13h 56m 51s,167.1,164.6,1,0,0,0,0,0,0.08082,0.03027,0.03314,0.02356,-0.006155,0,0,0,1,37.63,43.45,1,38.26,1,0.9647,0.4527,1,0,0,0
0,142,108.7,87,12h 42m 43s,3.955,4,fieldmask_kl002_e5,Field credit + field KL 0.02,1151,54.31,1e-07,278,0.04639,1455,45.78,13h 54m 3s,162.1,164.6,1,0,0,0,0,0,0.07223,0.02832,0.01783,0.02234,0.003736,0,0,0,1,36.83,42.46,1,33.04,1,0.9823,0.4617,1,0,0,0
0,155,110.5,85,12h 45m 29s,3.959,4,fieldmask_kl002_e5,Field credit + field KL 0.02,1152,56.58,1e-07,279,0.05733,1455,45.78,13h 51m 19s,164.8,164.6,1,0,0,0,0,0,0.1097,0.03784,0.06389,0.02283,-0.01481,0,0,0,1,37.27,42.94,1,36.34,1,0.9503,0.45,1,0,0,0
0,140,109.3,79,12h 48m 15s,3.962,4,fieldmask_kl002_e5,Field credit + field KL 0.02,1153,54.33,1e-07,280,0.07613,1455,45.78,13h 48m 37s,166.5,164.6,1,0,0,0,0,0,0.1272,0.02808,0.06341,0.02307,0.01266,0,0,0,1,38.07,44.02,1,33.34,1,0.9758,0.1745,1,0,0,0
0,139,106.6,76,12h 50m 55s,3.966,4,fieldmask_kl002_e5,Field credit + field KL 0.02,1154,96.29,1e-07,281,0.05163,1455,45.78,13h 45m 48s,159.9,164.6,1,0,0,0,0,0,0.09753,0.03394,0.03684,0.02234,0.004424,0,0,0,1,37.85,43.73,1,33.45,1,0.9726,0.5184,1,0,0,0
0,153,109,83,12h 53m 44s,3.969,4,fieldmask_kl002_e5,Field credit + field KL 0.02,1155,60.03,1e-07,282,0.03332,1455,45.78,13h 43m 7s,167.8,164.6,1,0,0,0,0,0,0.0032,0.03198,-0.05451,0.02332,0.002416,0,0,0,1,37.92,43.76,1,37.86,1,0.8681,0.5619,1,0,0,0
0,137,107.2,82,12h 56m 31s,3.973,4,fieldmask_kl002_e5,Field credit + field KL 0.02,1156,74.53,1e-07,283,0.006377,1455,45.78,13h 40m 25s,167.2,164.6,1,0,0,0,0,0,0.01922,0.02966,-0.02552,0.02271,-0.007633,0,0,0,1,37.56,43.34,1,40.84,1,0.9654,0.4182,1,0,0,0
0,153,109.5,83,12h 59m 24s,3.976,4,fieldmask_kl002_e5,Field credit + field KL 0.02,1157,56.88,1e-07,284,0.05925,1455,45.78,13h 37m 49s,172.4,164.7,1,0,0,0,0,0,0.03026,0.04126,-0.03801,0.02185,0.004603,0.0005544,0,0,1,38.43,44.43,1,40.1,1,0.9559,0.3037,1,0.02778,-0.001736,0
0,146,110.5,80,13h 2m 5s,3.979,4,fieldmask_kl002_e5,Field credit + field KL 0.02,1158,45.15,1e-07,285,0.06907,1455,45.78,13h 35m 1s,161.5,164.7,1,0,0,0,0,0,0.1324,0.03931,0.07519,0.02185,-0.003931,0,0,0,1,37.85,43.71,1,33.73,1,0.9696,0.3114,1,0,0,0
0,146,111.2,82,13h 4m 49s,3.983,4,fieldmask_kl002_e5,Field credit + field KL 0.02,1159,77.22,1e-07,286,0.05396,1455,45.78,13h 32m 15s,163.1,164.6,1,0,0,0,0,0,0.04052,0.02271,0.001469,0.02222,-0.007849,0.001979,0,0,1,38.51,44.49,1,31.39,1,0.9525,0.1856,1,0.02778,-0.003472,0
0.006944,160,109.7,82,13h 7m 26s,3.986,4,fieldmask_kl002_e5,Field credit + field KL 0.02,1160,45.25,1e-07,287,0.06116,1455,45.78,13h 29m 23s,157,164.6,1,0,0,0,0,0,0.112,0.03711,0.05336,0.02197,-0.0004688,0,0,0,1,37.41,43.14,1,31.35,1,0.9301,0.4721,1,0,0,0
0,147,108.5,81,13h 10m 5s,3.99,4,fieldmask_kl002_e5,Field credit + field KL 0.02,1161,76.78,1e-07,288,0.05131,1455,45.78,13h 26m 33s,158.8,164.6,1,0,0,0,0,0,0.113,0.02563,0.07049,0.02271,-0.00579,0,0,0,1,38.21,44.17,1,32.52,1,0.9833,0.5137,1,0,0,0
0,138,107.2,74,13h 12m 48s,3.993,4,fieldmask_kl002_e5,Field credit + field KL 0.02,1162,67.51,1e-07,289,0.05564,1455,45.78,13h 23m 47s,162.9,164.6,1,0,0,0,0,0,0.1113,0.03223,0.04996,0.02222,0.006943,0,0,0,1,36.97,42.63,1,35.43,1,0.9806,0.489,1,0,0,0
0,153,109.4,84,13h 15m 30s,3.997,4,fieldmask_kl002_e5,Field credit + field KL 0.02,1163,87.66,1e-07,290,0.06068,1455,45.78,13h 20m 59s,161.5,164.6,1,0,0,0,0,0,0.0876,0.02563,0.02703,0.02271,0.01223,0,0,0,1,37.41,43.16,1,31.95,1,0.9868,0.2037,1,0,0,0
0,143,108.4,82,13h 18m 17s,4,4,fieldmask_kl002_e5,Field credit + field KL 0.02,1164,80.38,1e-07,291,0.03563,1455,45.78,13h 18m 17s,166,164.6,1,0,0,0,0,0,-0.01579,0.04492,-0.08064,0.02283,-0.002899,0,0,0,1,37.41,43.16,1,31.48,1,0.9664,0.3579,1,0,0,0
0,148,108.2,87,3m 24s,4.003,5,fieldmask_kl002_e5,Field credit + field KL 0.02,1165,88.81,9e-08,1,0.1081,1455,42.83,16h 25m 44s,203.6,203.9,1,0,0,0,0,0,0.1814,0.03149,0.1287,0.02295,-0.001737,0,0,0,1,37.18,42.83,1,39.88,1,0.9813,0.2642,1,0,0,0
0,158,114.3,80,6m 20s,4.007,5,fieldmask_kl002_e5,Field credit + field KL 0.02,1166,71.21,9e-08,2,0.07016,1455,43.41,15h 15m 28s,174.4,190.1,1,0,0,0,0,0,0.1365,0.03442,0.07516,0.02124,0.00568,0,0,0,1,37.63,43.41,1,43.78,1,0.8727,0.171,1,0,0,0
0,152,109.4,81,9m 2s,4.01,5,fieldmask_kl002_e5,Field credit + field KL 0.02,1167,144.5,9e-08,3,0.01198,1455,45.01,14h 27m 18s,161.7,180.7,1,0,0,0,0,0,-0.02407,0.02808,-0.06445,0.02185,-0.008183,-0.001358,0,0,1,38.94,45.01,1,36.76,1,0.9457,0.2218,1,0.02778,-0.01389,0
0,145,107.2,65,11m 47s,4.014,5,fieldmask_kl002_e5,Field credit + field KL 0.02,1168,85.54,9e-08,4,0.08982,1455,45.01,14h 4m 56s,164,176.6,1,0,0,0,0,0,0.1222,0.02771,0.07547,0.02307,-0.004092,0,0,0,1,37.78,43.63,1,37.97,1,0.8803,0.4137,1,0,0,0
0.006944,160,109.3,76,14m 32s,4.017,5,fieldmask_kl002_e5,Field credit + field KL 0.02,1169,65.49,9e-08,5,0.036,1455,45.72,13h 51m 14s,165.1,174.4,1,0,0,0,0.001976,0,0.1106,0.0238,0.06594,0.02246,-0.005556,0.001976,0,0,1,39.53,45.72,1,38.99,1,0.9533,0.471,1,0.02778,-0.02778,0.02778
0.006944,160,107.9,84,17m 22s,4.021,5,fieldmask_kl002_e5,Field credit + field KL 0.02,1170,68.45,9e-08,6,0.04729,1455,45.74,13h 44m 38s,169.5,173.6,1,0,0,0,0.0005055,0,0.05506,0.02515,0.005257,0.02356,8.521e-05,0.0005055,0,0,1,39.53,45.74,1,38.32,1,0.8842,0.2015,1,0.02778,-0.02778,0.02778
0,141,111,88,20m 6s,4.024,5,fieldmask_kl002_e5,Field credit + field KL 0.02,1171,80.67,9e-08,7,0.06778,1455,45.74,13h 35m 43s,164.3,172.3,1,0,0,0,0,0,0.0395,0.03076,-0.02805,0.02234,0.01445,0,0,0,1,38.14,44.06,1,36.14,1,0.9212,0.4191,1,0,0,0
0,153,108.8,88,22m 51s,4.027,5,fieldmask_kl002_e5,Field credit + field KL 0.02,1172,89.69,9e-08,8,0.05124,1455,45.74,13h 28m 26s,164.6,171.4,1,0,0,0,0,0,0.05192,0.03833,-0.008446,0.02417,-0.002132,0,0,0,1,37.56,43.31,1,37.46,1,0.9417,0.2507,1,0,0,0
0,160,108.7,82,25m 33s,4.031,5,fieldmask_kl002_e5,Field credit + field KL 0.02,1173,60.75,9e-08,9,0.02422,1455,45.74,13h 20m 32s,161.4,170.3,1,0,0,0,0,0,-0.008369,0.02954,-0.05976,0.02185,-9.272e-05,9.074e-05,0,0,1,39.53,45.72,1,35.54,1,0.9367,0.3216,1,0.05556,-0.03819,0.02778
0,158,109.6,76,28m 17s,4.034,5,fieldmask_kl002_e5,Field credit + field KL 0.02,1174,107.2,9e-08,10,0.03929,1455,45.74,13h 14m 51s,164,169.7,1,0,0,0,0,0,-0.01757,0.02808,-0.07084,0.02173,0.004729,-0.001272,0,0,1,38.58,44.59,1,35.89,1,0.9371,0.06126,1,0.02778,-0.005208,0
0,147,109.7,86,31m 1s,4.038,5,fieldmask_kl002_e5,Field credit + field KL 0.02,1175,94.16,9e-08,11,0.03646,1455,45.74,13h 9m 37s,163.8,169.2,1,0,0,0,0,0,0.03404,0.03442,-0.02041,0.02356,-0.003257,-0.0002725,0,0,1,38.58,44.55,1,36.18,1,0.9529,0.4276,1,0.02778,-0.005208,0
0,151,110,83,33m 51s,4.041,5,fieldmask_kl002_e5,Field credit + field KL 0.02,1176,95.72,9e-08,12,0.05003,1455,45.74,13h 6m 56s,169.3,169.2,1,0,0,0,0,0,0.04559,0.02686,-0.001435,0.02234,-0.002165,0,0,0,1,37.85,43.67,1,38.2,1,0.9738,0.3521,1,0,0,0
0,159,111.4,72,36m 39s,4.045,5,fieldmask_kl002_e5,Field credit + field KL 0.02,1177,142.2,9e-08,13,0.03561,1455,45.74,13h 3m 52s,168.3,169.2,1,0,0,0,8.563e-05,0,0.06091,0.03149,0.006554,0.02161,-0.002693,0.003867,0,0,1,38.94,45.05,1,39.2,1,0.9365,0.128,1,0.02778,-0.01389,0
0,139,110.4,78,39m 26s,4.048,5,fieldmask_kl002_e5,Field credit + field KL 0.02,1178,118.2,9e-08,14,0.05824,1455,45.74,13h 0m 10s,166.3,169,1,0,0,0,0,0,0.06579,0.02747,0.01601,0.02197,0.0003426,0,0,0,1,37.48,43.26,1,36.51,1,0.8338,0.4566,1,0,0,0
0,148,109.5,81,42m 10s,4.052,5,fieldmask_kl002_e5,Field credit + field KL 0.02,1179,77.49,9e-08,15,0.08049,1455,45.74,12h 55m 58s,164.3,168.7,1,0,0,0,0,0,0.008115,0.04102,-0.04882,0.0238,-0.007885,0,0,0,1,37.85,43.72,1,36.95,1,0.8842,0.32,1,0,0,0
0.01389,160,111,85,44m 59s,4.055,5,fieldmask_kl002_e5,Field credit + field KL 0.02,1180,59.29,9e-08,16,0.02791,1455,45.74,12h 53m 15s,168.8,168.7,1,0,0,0,0,0,0.02352,0.02405,-0.02448,0.02234,0.001806,-0.0001944,0,0,1,39.45,45.7,1,37.7,1,0.9869,0.385,1,0.02778,-0.02604,0
0,151,110.1,77,47m 47s,4.058,5,fieldmask_kl002_e5,Field credit + field KL 0.02,1181,48.84,8e-08,17,0.03928,1455,45.74,12h 50m 16s,167.7,168.7,1,0,0,0,0,0,0.046,0.02734,-0.001195,0.02234,-0.002489,0,0,0,1,37.63,43.47,1,38.11,1,0.9316,0.2347,1,0,0,0
0,152,108.4,76,50m 34s,4.062,5,fieldmask_kl002_e5,Field credit + field KL 0.02,1182,80.42,8e-08,18,0.0544,1455,45.74,12h 46m 51s,165.9,168.5,1,0,0,0,0,0,-0.03336,0.03271,-0.08355,0.02197,-0.005119,0.0006169,0,0,1,38.94,45.01,1,38.21,1,0.9615,0.2201,1,0.02778,-0.01389,0
0,140,107,64,53m 18s,4.065,5,fieldmask_kl002_e5,Field credit + field KL 0.02,1183,114.5,8e-08,19,0.07554,1455,45.74,12h 42m 56s,163.6,168.3,1,0,0,0,0,0,0.07278,0.03345,0.01379,0.02332,0.002223,0,0,0,1,37.05,42.71,1,36.36,1,0.979,0.5608,1,0,0,0
0,143,108.4,71,56m 1s,4.069,5,fieldmask_kl002_e5,Field credit + field KL 0.02,1184,116.8,8e-08,20,0.06706,1455,45.74,12h 39m 5s,163.4,168.1,1,0,0,0,0,0,0.05034,0.02917,-0.001147,0.02271,-0.0003946,0,0,0,1,37.56,43.31,1,36.34,1,0.9622,0.292,1,0,0,0
0,144,106.1,82,58m 48s,4.072,5,fieldmask_kl002_e5,Field credit + field KL 0.02,1185,100.2,8e-08,21,-0.005881,1455,45.74,12h 36m 5s,166.9,168,1,0,0,0,0,0,-0.06022,0.03589,-0.1138,0.02393,-0.006243,0,0,0,1,38.36,44.35,1,37.46,1,0.9719,0.2981,1,0,0,0
0,160,109.9,81,1h 1m 39s,4.076,5,fieldmask_kl002_e5,Field credit + field KL 0.02,1186,53.14,8e-08,22,0.07039,1455,45.74,12h 33m 48s,170.2,168.1,1,0,0,0,0,0,0.02553,0.02808,-0.02176,0.02234,0.0005954,-0.003723,0,0,1,38.51,44.47,1,37.03,1,0.9893,0.1346,1,0.05556,-0.005208,0
0,144,110.9,82,1h 4m 26s,4.079,5,fieldmask_kl002_e5,Field credit + field KL 0.02,1187,75,8e-08,23,0.0317,1455,45.74,12h 30m 44s,166.6,168.1,1,0,0,0,0,0,0.04066,0.02441,-0.01264,0.02271,0.006187,0,0,0,1,37.41,43.16,1,38.7,1,0.9711,0.3047,1,0,0,0
0,142,108.7,78,1h 7m 11s,4.082,5,fieldmask_kl002_e5,Field credit + field KL 0.02,1188,72.6,8e-08,24,0.05444,1455,45.74,12h 27m 25s,165,168,1,0,0,0,0,0,0.117,0.03345,0.05983,0.02197,0.001771,0,0,0,1,38.21,44.16,1,37.67,1,0.9861,0.389,1,0,0,0
0,141,109.1,79,1h 9m 58s,4.086,5,fieldmask_kl002_e5,Field credit + field KL 0.02,1189,53.26,8e-08,25,0.07078,1455,45.74,12h 24m 30s,166.9,167.9,1,0,0,0,0,0,0.08122,0.02625,0.02811,0.02332,0.003552,0,0,0,1,37.27,42.95,1,35.82,1,0.9755,0.5244,1,0,0,0
0,143,106.8,80,1h 12m 55s,4.089,5,fieldmask_kl002_e5,Field credit + field KL 0.02,1190,62.15,8e-08,26,0.05048,1455,45.74,12h 23m 16s,177,168.3,1,0,0,0,0,0,0.01716,0.02466,-0.02773,0.02356,-0.003331,0,0,0,1,37.34,43.1,1,42.11,1,0.9783,0.3441,1,0,0,0
0,153,109.5,74,1h 15m 55s,4.093,5,fieldmask_kl002_e5,Field credit + field KL 0.02,1191,64.56,8e-08,27,0.04714,1455,45.74,12h 22m 13s,178.8,168.7,1,0,0,0,0,0,0.06107,0.02637,0.00632,0.02307,0.004663,0.0006487,0,0,1,39.02,45.15,1,43.02,1,0.9937,0.1197,1,0.02778,-0.01562,0
0,148,108.5,83,1h 18m 41s,4.096,5,fieldmask_kl002_e5,Field credit + field KL 0.02,1192,111.8,8e-08,28,0.06721,1455,45.74,12h 19m 6s,166.5,168.6,1,0,0,0,0,0,0.08511,0.02795,0.03235,0.02246,0.002348,0,0,0,1,37.48,43.26,1,36.1,1,0.8804,0.4346,1,0,0,0
0,143,110.1,84,1h 21m 32s,4.1,5,fieldmask_kl002_e5,Field credit + field KL 0.02,1193,68.99,8e-08,29,0.05745,1455,45.74,12h 16m 41s,171,168.7,1,0,0,0,0,0,0.06517,0.03442,0.001194,0.02075,0.008804,0,0,0,1,38.29,44.21,1,36.72,1,0.971,0.09645,1,0,0,0
0,149,109,80,1h 24m 18s,4.103,5,fieldmask_kl002_e5,Field credit + field KL 0.02,1194,54.52,8e-08,30,0.04205,1455,45.74,12h 13m 27s,165.5,168.6,1,0,0,0,0,0,0.07146,0.02527,0.02356,0.02405,-0.00142,0,0,0,1,37.56,43.31,1,37.04,1,0.9842,0.4874,1,0,0,0
0,144,108.8,75,1h 27m 4s,4.107,5,fieldmask_kl002_e5,Field credit + field KL 0.02,1195,47.08,8e-08,31,0.03957,1455,45.74,12h 10m 10s,164.9,168.5,1,0,0,0,0,0,0.07786,0.02722,0.02533,0.02246,0.00285,0,0,0,1,37.7,43.51,1,38.57,1,0.9805,0.3063,1,0,0,0
0,150,111.3,89,1h 29m 50s,4.11,5,fieldmask_kl002_e5,Field credit + field KL 0.02,1196,77.88,8e-08,32,0.06123,1455,45.74,12h 7m 5s,166.3,168.4,1,0,0,0,0,0,0.08747,0.02698,0.04244,0.02197,-0.003917,0,0,0,1,37.19,42.9,1,37.65,1,0.9958,0.485,1,0,0,0
0,148,107.7,78,1h 32m 37s,4.113,5,fieldmask_kl002_e5,Field credit + field KL 0.02,1197,78.85,8e-08,33,0.08769,1455,45.74,12h 4m 8s,167.1,168.4,1,0,0,0,0,0,0.03337,0.02893,-0.01747,0.02246,-0.001845,0.001291,0,0,1,38.65,44.7,1,36.95,1,0.9837,0.3492,1,0.02778,-0.006944,0
0.006944,160,109.2,77,1h 35m 29s,4.117,5,fieldmask_kl002_e5,Field credit + field KL 0.02,1198,63.23,8e-08,34,0.07024,1455,45.74,12h 1m 43s,171.3,168.5,1,0,0,0,0,0,0.03495,0.03271,-0.01599,0.02295,-0.004726,0,0,0,1,37.05,42.71,1,36.65,1,0.9502,0.4115,1,0,0,0
0.01389,160,108.7,83,1h 38m 14s,4.12,5,fieldmask_kl002_e5,Field credit + field KL 0.02,1199,103.5,7e-08,35,0.04351,1455,45.74,11h 58m 30s,164.9,168.4,1,0,0,0,-0.0001233,0,0.01759,0.03833,-0.04445,0.02283,0.001129,-0.0001233,0,0,1,39.53,45.72,1,39.17,1,0.9123,0.2424,1,0.02778,-0.02778,0.02778
0.01389,160,113.9,88,1h 41m 6s,4.124,5,fieldmask_kl002_e5,Field credit + field KL 0.02,1200,63.71,7e-08,36,0.05828,1455,45.74,11h 56m 6s,171.6,168.5,1,0,0,0,0,0,0.02723,0.02917,-0.009986,0.02283,-0.01479,0,0,0,1,37.92,43.79,1,35.82,1,0.9849,0.4948,1,0,0,0
0.006944,160,110.4,84,1h 43m 54s,4.127,5,fieldmask_kl002_e5,Field credit + field KL 0.02,1201,77.54,7e-08,37,0.05524,1455,45.74,11h 53m 13s,167.6,168.5,1,0,0,0,0,0,0.01767,0.03076,-0.02943,0.02307,-0.006735,0,0,0,1,37.05,42.69,1,36.43,1,0.9771,0.1697,1,0,0,0
0,143,110,83,1h 46m 34s,4.131,5,fieldmask_kl002_e5,Field credit + field KL 0.02,1202,45.01,7e-08,38,0.03981,1455,45.74,11h 49m 30s,159.9,168.3,1,0,0,0,0.000573,0,0.005944,0.02832,-0.04398,0.02246,-0.001431,0,0,0,1,37.85,43.69,1,35.86,1,0.9474,0.3715,1,0,0,0
0,150,109.1,80,1h 49m 18s,4.134,5,fieldmask_kl002_e5,Field credit + field KL 0.02,1203,71.14,7e-08,39,0.06814,1455,45.74,11h 46m 18s,164.3,168.2,1,0,0,0,0,0,0.1019,0.03491,0.05124,0.02222,-0.006461,0,0,0,1,37.85,43.67,1,37.34,1,0.9648,0.3971,1,0,0,0
0,154,109.5,76,1h 52m 1s,4.137,5,fieldmask_kl002_e5,Field credit + field KL 0.02,1204,119.8,7e-08,40,0.02792,1455,45.74,11h 42m 57s,162.7,168,1,0,0,0,0.00121,0,0.05421,0.02917,0.001111,0.02307,-0.0003539,0,0,0,1,37.41,43.12,1,35.84,1,0.9143,0.4466,1,0,0,0
0,153,110.3,76,1h 54m 46s,4.141,5,fieldmask_kl002_e5,Field credit + field KL 0.02,1205,53.87,7e-08,41,0.05372,1455,45.74,11h 39m 48s,164.4,168,1,0,0,0,0,0,0.07519,0.03638,0.01541,0.02234,0.001066,0,0,0,1,37.63,43.43,1,38.07,1,0.8962,0.2835,1,0,0,0
0,136,108.4,83,1h 57m 28s,4.144,5,fieldmask_kl002_e5,Field credit + field KL 0.02,1206,70.02,7e-08,42,0.04807,1455,45.74,11h 36m 26s,161.9,167.8,1,0,0,0,0,0,0.04958,0.02795,0.01568,0.02332,-0.01736,0,0,0,1,36.97,42.63,1,36.32,1,0.9878,0.314,1,0,0,0
0,144,109.8,79,2h 0m 16s,4.148,5,fieldmask_kl002_e5,Field credit + field KL 0.02,1207,45.41,7e-08,43,0.0726,1455,45.74,11h 33m 36s,167.3,167.8,1,0,0,0,0,0,0.08179,0.03516,0.02308,0.02246,0.001097,0,0,0,1,38.36,44.31,1,36.21,1,0.9463,0.3832,1,0,0,0
0,151,111.7,85,2h 3m 2s,4.151,5,fieldmask_kl002_e5,Field credit + field KL 0.02,1208,92.46,7e-08,44,0.06526,1455,45.74,11h 30m 38s,165.7,167.8,1,0,0,0,0,0,0.08917,0.03015,0.04066,0.02234,-0.003974,0,0,0,1,38.29,44.19,1,36.19,1,0.9587,0.3287,1,0,0,0
0,144,110.5,86,2h 5m 45s,4.155,5,fieldmask_kl002_e5,Field credit + field KL 0.02,1209,82.91,7e-08,45,0.08778,1455,45.74,11h 27m 28s,163.5,167.7,1,0,0,0,0,0,0.0363,0.03442,-0.01851,0.02283,-0.002439,0,0,0,1,37.34,43.04,1,36.12,1,0.9325,0.5174,1,0,0,0
0,149,109.2,82,2h 8m 29s,4.158,5,fieldmask_kl002_e5,Field credit + field KL 0.02,1210,77.38,7e-08,46,0.02479,1455,45.74,11h 24m 20s,163.5,167.6,1,0,0,0,0,0,0.06045,0.03418,0.00277,0.02222,0.001284,0,0,0,1,37.12,42.81,1,36.75,1,0.9715,0.1128,1,0,0,0
0,143,109.8,80,2h 11m 20s,4.162,5,fieldmask_kl002_e5,Field credit + field KL 0.02,1211,77.99,7e-08,47,0.06401,1455,45.74,11h 21m 50s,170.9,167.7,1,0,0,0,0,0,0.09656,0.03125,0.03849,0.02173,0.005096,0,0,0,1,38.14,44.02,1,38.09,1,0.9688,0.2395,1,0,0,0
0,153,114.9,88,2h 14m 23s,4.165,5,fieldmask_kl002_e5,Field credit + field KL 0.02,1212,72.41,7e-08,48,0.03353,1455,45.74,11h 20m 19s,182.4,168,1,0,0,0,0,0,-0.005707,0.03271,-0.06435,0.02234,0.003585,0,0,0,1,37.7,43.51,1,42.18,1,0.9365,0.4056,1,0,0,0
0.006944,160,110.9,74,2h 17m 11s,4.168,5,fieldmask_kl002_e5,Field credit + field KL 0.02,1213,102.6,7e-08,49,0.05365,1455,45.74,11h 17m 31s,167.7,168,1,0,0,0,0.004261,0,0.03067,0.03369,-0.03135,0.02173,-0.001567,0.003903,0,0,1,39.53,45.72,1,38.04,1,0.9502,0.2136,1,0.05556,-0.03472,0.02778
0,139,110,79,2h 19m 55s,4.172,5,fieldmask_kl002_e5,Field credit + field KL 0.02,1214,67.54,7e-08,50,0.05424,1455,45.74,11h 14m 25s,164,167.9,1,0,0,0,0,0,0.1181,0.02942,0.06462,0.0238,0.0002155,0,0,0,1,37.85,43.72,1,33.05,1,0.9766,0.1592,1,0,0,0
0,143,109.7,78,2h 22m 34s,4.175,5,fieldmask_kl002_e5,Field credit + field KL 0.02,1215,66.23,7e-08,51,0.04911,1455,45.74,11h 10m 54s,158.4,167.7,1,0,0,0,0,0,0.003745,0.03223,-0.04629,0.02283,-0.005021,0,0,0,1,38.14,44.06,1,32.52,1,0.973,0.1023,1,0,0,0
0,144,111.3,84,2h 25m 15s,4.179,5,fieldmask_kl002_e5,Field credit + field KL 0.02,1216,68.41,7e-08,52,0.05816,1455,45.74,11h 7m 37s,161.2,167.6,1,0,0,0,0,0,0.07067,0.02722,0.02533,0.02271,-0.004584,0,0,0,1,38,43.88,1,33.86,1,0.9564,0.3377,1,0,0,0
0,148,111.6,88,2h 28m 4s,4.182,5,fieldmask_kl002_e5,Field credit + field KL 0.02,1217,86.87,6e-08,53,0.03926,1455,45.74,11h 4m 53s,168.1,167.6,1,0,0,0,0,0,0.07391,0.03931,0.008281,0.02283,0.003499,0,0,0,1,37.85,43.67,1,33.89,1,0.9649,0.1617,1,0,0,0
0,150,110.8,85,2h 30m 45s,4.186,5,fieldmask_kl002_e5,Field credit + field KL 0.02,1218,56.86,6e-08,54,0.02949,1455,45.74,11h 1m 39s,161.5,167.5,1,0,0,0,0,0,0.01655,0.03271,-0.039,0.02112,0.002095,-0.0003814,0,0,1,38.58,44.61,1,34.45,1,0.9801,0.1817,1,0.05556,-0.006944,0
0,141,109.3,80,2h 33m 31s,4.189,5,fieldmask_kl002_e5,Field credit + field KL 0.02,1219,107.6,6e-08,55,0.07168,1455,45.74,10h 58m 44s,165.3,167.5,1,0,0,0,0,0,0.04436,0.02332,-0.007315,0.02271,0.005652,0,0,0,1,37.78,43.63,1,34.32,1,0.9465,0.4126,1,0,0,0
0,158,111.1,82,2h 36m 11s,4.192,5,fieldmask_kl002_e5,Field credit + field KL 0.02,1220,37.12,6e-08,56,0.06493,1455,45.74,10h 55m 25s,159.8,167.3,1,0,0,0,0,0,0.1118,0.02734,0.06256,0.02197,0.001301,-0.001387,0,0,1,39.38,45.56,1,34.23,1,0.9206,0.2217,1,0.02778,-0.02431,0
0,159,111.1,84,2h 38m 60s,4.196,5,fieldmask_kl002_e5,Field credit + field KL 0.02,1221,82.02,6e-08,57,0.0773,1455,45.74,10h 52m 43s,168.3,167.4,1,0,0,0,0,0,0.08774,0.02466,0.04965,0.02063,-0.007199,0,0,0,1,38.21,44.12,1,36.12,1,0.9258,0.236,1,0,0,0
0,144,111.7,84,2h 41m 44s,4.199,5,fieldmask_kl002_e5,Field credit + field KL 0.02,1222,110.8,6e-08,58,0.02014,1455,45.74,10h 49m 45s,164.5,167.3,1,0,0,0,0,0,0.03094,0.0354,-0.02151,0.02307,-0.006017,0,0,0,1,38,43.84,1,34.14,1,0.946,0.1348,1,0,0,0
0,152,110.9,79,2h 44m 28s,4.203,5,fieldmask_kl002_e5,Field credit + field KL 0.02,1223,69.04,6e-08,59,0.02456,1455,45.74,10h 46m 41s,162.9,167.2,1,0,0,0,0,0,0.0552,0.04028,-0.005842,0.02222,-0.001459,0,0,0,1,38.21,44.16,1,33.69,1,0.9798,0.2475,1,0,0,0
0,141,111.6,83,2h 47m 9s,4.206,5,fieldmask_kl002_e5,Field credit + field KL 0.02,1224,83.07,6e-08,60,0.07039,1455,45.74,10h 43m 30s,160.8,167.1,1,0,0,0,0,0,0.09208,0.03223,0.04057,0.02344,-0.004151,0,0,0,1,37.63,43.41,1,35.42,1,0.9946,0.2797,1,0,0,0
0,147,111.4,73,2h 49m 53s,4.21,5,fieldmask_kl002_e5,Field credit + field KL 0.02,1225,80.86,6e-08,61,0.04511,1455,45.74,10h 40m 32s,163.9,167.1,1,0,0,0,0,0,0.06889,0.02527,0.01259,0.02246,0.008572,0,0,0,1,38.29,44.21,1,33.64,1,0.9643,0.2194,1,0,0,0
0.01389,160,108.7,76,2h 52m 36s,4.213,5,fieldmask_kl002_e5,Field credit + field KL 0.02,1226,45.8,6e-08,62,0.02304,1455,45.74,10h 37m 30s,162.7,167,1,0,0,0,0,0,0.01827,0.03467,-0.03237,0.02295,-0.006978,0,0,0,1,37.7,43.55,1,34.96,1,0.9644,0.4219,1,0,0,0
0,158,111.7,67,2h 55m 18s,4.216,5,fieldmask_kl002_e5,Field credit + field KL 0.02,1227,134.5,6e-08,63,0.07935,1455,45.74,10h 34m 27s,162.3,167,1,0,0,0,0,0,0.1134,0.03088,0.05789,0.02356,0.0006292,0.0004066,0,0,1,39.38,45.58,1,33.68,1,0.9718,0.3229,1,0.02778,-0.02431,0
0,159,110.7,74,2h 58m 5s,4.22,5,fieldmask_kl002_e5,Field credit + field KL 0.02,1228,56.08,6e-08,64,0.05262,1455,45.74,10h 31m 38s,166.3,167,1,0,0,0,0,0,0.04896,0.03088,-0.004094,0.02393,-0.00176,0,0,0,1,37.92,43.8,1,34.78,1,0.9693,0.1801,1,0,0,0
0.006944,160,111.4,84,3h 0m 52s,4.223,5,fieldmask_kl002_e5,Field credit + field KL 0.02,1229,57.23,6e-08,65,0.04938,1455,45.74,10h 28m 52s,166.8,167,1,0,0,0,0,0,0.03488,0.03076,-0.0156,0.02307,-0.003351,0,0,0,1,38.36,44.29,1,35.99,1,0.9456,0.0641,1,0,0,0
0.006944,160,108.3,84,3h 3m 35s,4.227,5,fieldmask_kl002_e5,Field credit + field KL 0.02,1230,66.27,6e-08,66,0.02681,1455,45.74,10h 25m 51s,162.6,166.9,1,0,0,0,0,0,0.04992,0.02747,0.00618,0.02307,-0.0068,0,0,0,1,37.41,43.2,1,34.55,1,0.9782,0.6127,1,0,0,0
0,152,112.3,86,3h 6m 21s,4.23,5,fieldmask_kl002_e5,Field credit + field KL 0.02,1231,65.32,6e-08,67,0.04223,1455,45.74,10h 23m 0s,165.5,166.9,1,0,0,0,0,0,-0.03128,0.02808,-0.08095,0.02222,-0.001348,0.0007285,0,0,1,38.8,44.84,1,36.53,1,0.9768,0.1324,1,0.02778,-0.01042,0
0,147,110.9,84,3h 9m 2s,4.234,5,fieldmask_kl002_e5,Field credit + field KL 0.02,1232,95.1,6e-08,68,0.03841,1455,45.74,10h 19m 57s,161.5,166.8,1,0,0,0,0,0,0.01384,0.02747,-0.02792,0.02185,-0.007549,0,0,0,1,38.29,44.25,1,34.71,1,0.9774,0.2018,1,0,0,0
0.006944,160,108.2,82,3h 11m 45s,4.237,5,fieldmask_kl002_e5,Field credit + field KL 0.02,1233,69.21,6e-08,69,0.02983,1455,45.74,10h 16m 55s,161.9,166.7,1,0,0,0,-0.0001545,0,-0.006312,0.03882,-0.07966,0.02222,0.01262,-0.0001545,0,0,1,39.53,45.72,1,34.29,1,0.9618,0.3291,1,0.02778,-0.02778,0.02778
0,154,111.6,84,3h 14m 30s,4.241,5,fieldmask_kl002_e5,Field credit + field KL 0.02,1234,96.93,6e-08,70,0.08163,1455,45.74,10h 14m 5s,165.5,166.7,1,0,0,0,0,0,0.09775,0.02979,0.04275,0.02246,0.002749,0,0,0,1,38.29,44.27,1,34.73,1,0.9814,0.2397,1,0,0,0
0,156,110.3,84,3h 17m 14s,4.244,5,fieldmask_kl002_e5,Field credit + field KL 0.02,1235,75.99,6e-08,71,0.01732,1455,45.74,10h 11m 9s,163.5,166.7,1,0,0,0,0,0,0.04603,0.0332,-0.002537,0.02307,-0.008284,0.0005796,0,0,1,39.24,45.43,1,34.51,1,0.9268,0.2643,1,0.02778,-0.02083,0
0,148,108.9,79,3h 20m 0s,4.247,5,fieldmask_kl002_e5,Field credit + field KL 0.02,1236,59.07,5e-08,72,0.04069,1455,45.74,10h 8m 20s,165.7,166.7,1,0,0,0,0,0,0.04459,0.02454,-0.01033,0.02307,0.007319,0,0,0,1,36.9,42.52,1,34.7,1,0.9584,0.304,1,0,0,0
0,151,111.4,82,3h 22m 52s,4.251,5,fieldmask_kl002_e5,Field credit + field KL 0.02,1237,91.77,5e-08,73,0.06849,1455,45.74,10h 5m 49s,171.6,166.7,1,0,0,0,0,0,-0.01435,0.02893,-0.06477,0.02271,-0.0008575,-0.0003599,0,0,1,38.87,44.97,1,36.23,1,0.9448,0.4017,1,0.02778,-0.01215,0
0,145,110.9,74,3h 25m 36s,4.254,5,fieldmask_kl002_e5,Field credit + field KL 0.02,1238,58.34,5e-08,74,0.006547,1455,45.74,10h 2m 53s,163.2,166.7,1,0,0,0,0,0,0.03816,0.02551,-0.01248,0.02197,0.003154,0,0,0,1,37.48,43.31,1,34.6,1,0.9689,0.1694,1,0,0,0
0,140,111.1,86,3h 28m 20s,4.258,5,fieldmask_kl002_e5,Field credit + field KL 0.02,1239,112.5,5e-08,75,0.04922,1455,45.74,10h 0m 1s,164.5,166.7,1,0,0,0,0,0,0.01398,0.03247,-0.03912,0.02185,-0.001222,0,0,0,1,37.34,43.12,1,36.02,1,0.9219,0.1767,1,0,0,0
0,157,111.8,75,3h 31m 5s,4.261,5,fieldmask_kl002_e5,Field credit + field KL 0.02,1240,55.67,5e-08,76,0.07065,1455,45.74,9h 57m 7s,164.1,166.6,1,0,0,0,0,0,0.04694,0.03174,-0.002478,0.02271,-0.006819,0.001791,0,0,1,38.58,44.6,1,36.06,1,0.9816,0.4026,1,0.05556,-0.008681,0
0.02083,160,110.7,85,3h 33m 48s,4.265,5,fieldmask_kl002_e5,Field credit + field KL 0.02,1241,73.54,5e-08,77,0.04081,1455,45.78,9h 54m 11s,162.6,166.6,1,0,0,0,0.00295,0,0.05874,0.03027,0.001812,0.02234,-0.001585,0.00295,0,0,1,39.53,45.78,1,35.13,1,0.9307,0.2808,1,0.02778,-0.02778,0.02778
0,156,107.8,77,3h 36m 35s,4.268,5,fieldmask_kl002_e5,Field credit + field KL 0.02,1242,79.47,5e-08,78,0.02151,1455,45.78,9h 51m 25s,166.8,166.6,1,0,0,0,0,0,-0.06369,0.02795,-0.1145,0.02295,-4.918e-05,0,0,0,1,37.7,43.53,1,36.06,1,0.9607,0.4306,1,0,0,0
0,150,107.9,82,3h 39m 20s,4.271,5,fieldmask_kl002_e5,Field credit + field KL 0.02,1243,48.38,5e-08,79,0.0765,1455,45.78,9h 48m 35s,165,166.6,1,0,0,0,0,0,0.07013,0.02893,0.006983,0.02246,0.01176,0,0,0,1,37.63,43.41,1,34.92,1,0.9321,0.1585,1,0,0,0
0.006944,160,110.6,81,3h 42m 6s,4.275,5,fieldmask_kl002_e5,Field credit + field KL 0.02,1244,91.69,5e-08,80,0.02546,1455,45.78,9h 45m 47s,165.6,166.6,1,0,0,0,0,0,-0.008972,0.02393,-0.05442,0.02222,-0.0006986,0,0,0,1,38.14,44.02,1,35.68,1,0.8525,0.3049,1,0,0,0
0,155,108.7,82,3h 44m 52s,4.278,5,fieldmask_kl002_e5,Field credit + field KL 0.02,1245,88.13,5e-08,81,0.05447,1455,45.78,9h 42m 58s,165.4,166.6,1,0,0,0,0,0,-0.00573,0.02954,-0.04854,0.02283,-0.008823,-0.0007342,0,0,1,39.16,45.31,1,34.98,1,0.932,0.1172,1,0.02778,-0.0191,0
0,150,112.3,80,3h 47m 35s,4.282,5,fieldmask_kl002_e5,Field credit + field KL 0.02,1246,83.86,5e-08,82,0.0476,1455,45.78,9h 40m 3s,163.1,166.5,1,0,0,0,0,0,0.06032,0.03931,0.0009414,0.02185,-0.0008581,-0.0009202,0,0,1,38.58,44.57,1,35.25,1,0.9622,0.2589,1,0.02778,-0.005208,0
0.006944,160,109.9,84,3h 50m 22s,4.285,5,fieldmask_kl002_e5,Field credit + field KL 0.02,1247,73.97,5e-08,83,0.01972,1455,45.78,9h 37m 19s,167.3,166.5,1,0,0,0,-0.0004575,0,0.01595,0.02795,-0.03159,0.02185,-0.001357,-0.0004575,0,0,1,39.53,45.76,1,35.29,1,0.9073,0.5537,1,0.02778,-0.02778,0.02778
0,145,111.8,82,3h 53m 10s,4.289,5,fieldmask_kl002_e5,Field credit + field KL 0.02,1248,74.59,5e-08,84,0.06437,1455,45.78,9h 34m 35s,167.4,166.5,1,0,0,0,0,0,0.1216,0.03662,0.07032,0.02222,-0.007518,0,0,0,1,38.07,43.98,1,36.44,1,0.9837,0.3033,1,0,0,0
0,153,110.2,81,3h 55m 51s,4.292,5,fieldmask_kl002_e5,Field credit + field KL 0.02,1249,77.97,5e-08,85,0.03709,1455,45.78,9h 31m 36s,161,166.5,1,0,0,0,0,0,-0.002645,0.03088,-0.05347,0.02185,-0.001905,0,0,0,1,38.21,44.1,1,34.78,1,0.9927,0.2259,1,0,0,0
0.006944,160,110.6,84,3h 58m 40s,4.296,5,fieldmask_kl002_e5,Field credit + field KL 0.02,1250,79.52,5e-08,86,0.01264,1455,45.78,9h 28m 55s,168.6,166.5,1,0,0,0,0,0,0.02166,0.0376,-0.03001,0.02283,-0.00875,0,0,0,1,38.14,44.06,1,35.39,1,0.989,0.1444,1,0,0,0
0.01389,160,109.9,74,4h 1m 22s,4.299,5,fieldmask_kl002_e5,Field credit + field KL 0.02,1251,55.49,5e-08,87,0.03413,1455,45.78,9h 25m 58s,161.5,166.5,1,0,0,0,0,0,0.07174,0.03687,0.01569,0.02185,-0.002663,0,0,0,1,38.29,44.21,1,35.57,1,0.9614,0.3727,1,0,0,0
0,146,108.3,82,4h 4m 6s,4.302,5,fieldmask_kl002_e5,Field credit + field KL 0.02,1252,113.5,5e-08,88,0.06267,1455,45.78,9h 23m 6s,164,166.4,1,0,0,0,0,0,0.0655,0.02856,0.01112,0.02222,0.003602,0,0,0,1,37.78,43.61,1,37.4,1,0.9732,0.4376,1,0,0,0
0,139,109.6,71,4h 6m 49s,4.306,5,fieldmask_kl002_e5,Field credit + field KL 0.02,1253,141.6,5e-08,89,0.06103,1455,45.78,9h 20m 11s,162.5,166.4,1,0,0,0,0,0,0.06767,0.02576,0.01268,0.02307,0.006165,0,0,0,1,37.7,43.51,1,35.16,1,0.9945,0.4732,1,0,0,0
0,150,109.8,77,4h 9m 31s,4.309,5,fieldmask_kl002_e5,Field credit + field KL 0.02,1254,57.06,5e-08,90,0.04928,1455,45.78,9h 17m 15s,161.7,166.3,1,0,0,0,0,0,0.02178,0.02966,-0.02986,0.02185,0.0001188,0,0,0,1,37.92,43.78,1,35.44,1,0.9662,0.4226,1,0,0,0
0,145,110.3,87,4h 12m 18s,4.313,5,fieldmask_kl002_e5,Field credit + field KL 0.02,1255,82.56,5e-08,91,0.04203,1455,45.78,9h 14m 31s,167,166.4,1,0,0,0,0,0,0.06749,0.02881,0.01377,0.02136,0.003209,0.000343,0,0,1,38.43,44.43,1,35.27,1,0.9767,0.1845,1,0.02778,-0.001736,0
0.006944,160,112.6,84,4h 15m 5s,4.316,5,fieldmask_kl002_e5,Field credit + field KL 0.02,1256,63.31,5e-08,92,0.03791,1455,45.78,9h 11m 45s,166.2,166.4,1,0,0,0,0,0,-0.01178,0.03064,-0.06201,0.02271,8.39e-06,-0.00312,0,0,1,39.02,45.17,1,36.43,1,0.9627,0.3615,1,0.05556,-0.02083,0
0,156,111,83,4h 17m 50s,4.32,5,fieldmask_kl002_e5,Field credit + field KL 0.02,1257,96.51,5e-08,93,0.06278,1455,45.78,9h 8m 56s,165.1,166.3,1,0,0,0,0,0,0.08206,0.0332,0.03152,0.02283,-0.005497,0,0,0,1,38,43.88,1,35.69,1,0.9896,0.1509,1,0,0,0
0,154,112.9,71,4h 20m 36s,4.323,5,fieldmask_kl002_e5,Field credit + field KL 0.02,1258,124.5,4e-08,94,0.04904,1455,45.78,9h 6m 8s,165.2,166.3,1,0,0,0,0,0,0.1558,0.03857,0.09962,0.02234,-0.003247,-0.001504,0,0,1,38.51,44.55,1,35.4,1,0.9755,0.2053,1,0.02778,-0.003472,0
0.006944,160,111.2,79,4h 23m 25s,4.326,5,fieldmask_kl002_e5,Field credit + field KL 0.02,1259,80.99,4e-08,95,0.0566,1455,45.78,9h 3m 28s,168.9,166.4,1,0,0,0,0,0,0.02199,0.02808,-0.02772,0.02185,-0.0002207,0,0,0,1,37.85,43.71,1,35.46,1,0.9706,0.2091,1,0,0,0
0,147,110.7,80,4h 26m 9s,4.33,5,fieldmask_kl002_e5,Field credit + field KL 0.02,1260,68.73,4e-08,96,0.04133,1455,45.78,9h 0m 37s,164,166.3,1,0,0,0,0,0,0.0849,0.03003,0.02589,0.02271,0.006272,0,0,0,1,37.19,42.91,1,34.85,1,0.9766,0.1141,1,0,0,0
0,148,107.7,73,4h 28m 52s,4.333,5,fieldmask_kl002_e5,Field credit + field KL 0.02,1261,56.86,4e-08,97,0.0567,1455,45.78,8h 57m 44s,163,166.3,1,0,0,0,0,0,0.03874,0.03442,-0.01477,0.02344,-0.004351,0,0,0,1,37.27,42.98,1,35.24,1,0.9526,0.2985,1,0,0,0
0,151,108.8,80,4h 31m 36s,4.337,5,fieldmask_kl002_e5,Field credit + field KL 0.02,1262,71.76,4e-08,98,0.07394,1455,45.78,8h 54m 54s,163.9,166.3,1,0,0,0,0,0,0.1046,0.03613,0.0391,0.02307,0.006328,0,0,0,1,36.9,42.51,1,36.29,1,0.9889,0.1252,1,0,0,0
0,155,108.9,84,4h 34m 22s,4.34,5,fieldmask_kl002_e5,Field credit + field KL 0.02,1263,57.62,4e-08,99,0.05277,1455,45.78,8h 52m 7s,165.8,166.3,1,0,0,0,0,0,0.0935,0.03394,0.04516,0.02234,-0.007938,0,0,0,1,37.48,43.22,1,35.92,1,0.985,0.2048,1,0,0,0
0,146,109.5,83,4h 37m 8s,4.344,5,fieldmask_kl002_e5,Field credit + field KL 0.02,1264,39.35,4e-08,100,0.04821,1455,45.78,8h 49m 20s,165.4,166.3,1,0,0,0,0,0,0.09217,0.02979,0.03925,0.02332,-0.0001809,0,0,0,1,37.05,42.73,1,36.36,1,0.9605,0.4391,1,0,0,0
0,149,109.9,84,4h 39m 53s,4.347,5,fieldmask_kl002_e5,Field credit + field KL 0.02,1265,53.34,4e-08,101,0.06458,1455,45.78,8h 46m 31s,164.5,166.3,1,0,0,0,0,0,0.1097,0.03613,0.04251,0.02271,0.008379,0,0,0,1,38.07,44.02,1,35.16,1,0.9733,0.5505,1,0,0,0
0.006944,160,109.5,78,4h 42m 38s,4.351,5,fieldmask_kl002_e5,Field credit + field KL 0.02,1266,56.33,4e-08,102,0.04592,1455,45.78,8h 43m 42s,164.7,166.3,1,0,0,0,0,0,0.06516,0.04541,-0.002187,0.02246,-0.0005279,0,0,0,1,37.85,43.71,1,36.75,1,0.9923,0.3747,1,0,0,0
0,149,110.9,84,4h 45m 21s,4.354,5,fieldmask_kl002_e5,Field credit + field KL 0.02,1267,128.3,4e-08,103,0.02403,1455,45.78,8h 40m 50s,163,166.2,1,0,0,0,0,0,0.0109,0.01843,-0.03294,0.02271,0.009349,-0.00665,0,0,1,38.73,44.78,1,34.84,1,0.9826,0.5104,1,0.08333,-0.01736,0
0,132,108.7,79,4h 48m 7s,4.357,5,fieldmask_kl002_e5,Field credit + field KL 0.02,1268,160.4,4e-08,104,0.04388,1455,45.78,8h 38m 4s,166,166.2,1,0,0,0,0,0,0.07048,0.03442,0.01221,0.02271,0.001144,0,0,0,1,37.27,42.96,1,35.83,1,0.9752,0.264,1,0,0,0
0.006944,160,109.6,83,4h 50m 48s,4.361,5,fieldmask_kl002_e5,Field credit + field KL 0.02,1269,69.11,4e-08,105,0.03896,1455,45.78,8h 35m 8s,160.3,166.2,1,0,0,0,0,0,0.05407,0.03149,-0.0003764,0.02271,0.0002501,0,0,0,1,37.56,43.34,1,34.84,1,0.9982,0.1901,1,0,0,0
0,154,109.3,74,4h 53m 32s,4.364,5,fieldmask_kl002_e5,Field credit + field KL 0.02,1270,66.73,4e-08,106,0.06831,1455,45.78,8h 32m 18s,163.7,166.1,1,0,0,0,0.001252,0,0.1248,0.03113,0.06276,0.02295,0.006746,0,0,0,1,38.21,44.15,1,35.06,1,0.9208,0.4494,1,0,0,0
0.006944,160,109.5,81,4h 56m 16s,4.368,5,fieldmask_kl002_e5,Field credit + field KL 0.02,1271,51.82,4e-08,107,0.07605,1455,45.78,8h 29m 28s,164,166.1,1,0,0,0,-0.0005582,0,0.1258,0.03149,0.06328,0.02246,0.009728,-0.0005582,0,0,1,39.53,45.72,1,35.39,1,0.9339,0.2796,1,0.02778,-0.02778,0.02778
0,141,109.5,78,4h 58m 58s,4.371,5,fieldmask_kl002_e5,Field credit + field KL 0.02,1272,49.94,4e-08,108,0.009722,1455,45.78,8h 26m 35s,161.2,166.1,1,0,0,0,0,0,-0.01047,0.03064,-0.06146,0.02234,-0.001989,0,0,0,1,38.14,44.06,1,34.93,1,0.9472,0.4028,1,0,0,0
0,150,108.2,72,5h 1m 40s,4.375,5,fieldmask_kl002_e5,Field credit + field KL 0.02,1273,62.05,4e-08,109,0.04613,1455,45.78,8h 23m 43s,162.4,166.1,1,0,0,0,0,0,0.0601,0.03418,0.001924,0.0238,0.0001976,0,0,0,1,37.05,42.67,1,34.79,1,0.9488,0.2063,1,0,0,0
0,135,108.9,87,5h 4m 24s,4.378,5,fieldmask_kl002_e5,Field credit + field KL 0.02,1274,68.66,4e-08,110,0.07807,1455,45.78,8h 20m 53s,163.4,166,1,0,0,0,0,0,0.04638,0.02966,-0.005653,0.02295,-0.000576,0,0,0,1,37.56,43.39,1,35.45,1,0.9735,0.2139,1,0,0,0
0.01389,160,111.8,78,5h 7m 8s,4.381,5,fieldmask_kl002_e5,Field credit + field KL 0.02,1275,42.1,4e-08,111,0.03886,1455,45.78,8h 18m 4s,164.1,166,1,0,0,0,0,0,0.07804,0.03064,0.03284,0.02197,-0.00833,0.0009134,0,0,1,39.53,45.76,1,35.93,1,0.9539,0.2156,1,0.02778,-0.02778,0.02778
0,150,108.5,76,5h 9m 54s,4.385,5,fieldmask_kl002_e5,Field credit + field KL 0.02,1276,66.74,4e-08,112,0.04983,1455,45.78,8h 15m 18s,165.5,166,1,0,0,0,0,0,0.01535,0.04224,-0.04814,0.02393,-0.005121,0.002454,0,0,1,38.8,44.86,1,35.83,1,0.9296,0.3321,1,0.02778,-0.01042,0
0.006944,160,110.6,84,5h 12m 39s,4.388,5,fieldmask_kl002_e5,Field credit + field KL 0.02,1277,62.51,4e-08,113,0.05093,1455,45.78,8h 12m 29s,164.2,166,1,0,0,0,0,0,0.03843,0.02441,-0.006943,0.02185,8.902e-05,-0.000978,0,0,1,38.43,44.43,1,34.92,1,0.9391,0.3401,1,0.02778,-0.001736,0
0.006944,160,109,80,5h 15m 21s,4.392,5,fieldmask_kl002_e5,Field credit + field KL 0.02,1278,127,4e-08,114,0.04243,1455,45.78,8h 9m 37s,162.1,166,1,0,0,0,0,0,0.05873,0.03064,0.009679,0.02197,-0.003562,0,0,0,1,38.07,43.96,1,35.67,1,0.9784,0.5755,1,0,0,0
0,151,108.7,82,5h 18m 5s,4.395,5,fieldmask_kl002_e5,Field credit + field KL 0.02,1279,83.67,4e-08,115,0.07213,1455,45.78,8h 6m 48s,163.7,166,1,0,0,0,0,0,0.1523,0.03467,0.1046,0.02295,-0.009856,0,0,0,1,38,43.88,1,35.27,1,0.9739,0.4846,1,0,0,0
0.006944,160,109.6,82,5h 20m 51s,4.399,5,fieldmask_kl002_e5,Field credit + field KL 0.02,1280,72.01,4e-08,116,0.05476,1455,45.78,8h 4m 3s,165.9,166,1,0,0,0,0,0,0.06601,0.02893,0.01093,0.02197,0.004173,0,0,0,1,37.78,43.63,1,36.52,1,0.9682,0.1933,1,0,0,0
0.006944,160,109.3,81,5h 23m 38s,4.402,5,fieldmask_kl002_e5,Field credit + field KL 0.02,1281,78.83,3e-08,117,0.03706,1455,45.78,8h 1m 18s,166.6,166,1,0,0,0,-0.001277,0,0.05879,0.03113,0.02152,0.02222,-0.01353,-0.001277,0,0,1,39.53,45.78,1,35.17,1,0.9683,0.4196,1,0.02778,-0.02778,0.02778
0,138,104.9,82,5h 26m 21s,4.405,5,fieldmask_kl002_e5,Field credit + field KL 0.02,1282,72.71,3e-08,118,0.06649,1455,45.78,7h 58m 27s,162.3,165.9,1,0,0,0,0,0,0.1024,0.03064,0.05565,0.02271,-0.006553,0,0,0,1,37.56,43.31,1,35.54,1,0.9406,0.3739,1,0,0,0
0,153,109.6,69,5h 29m 3s,4.409,5,fieldmask_kl002_e5,Field credit + field KL 0.02,1283,194.5,3e-08,119,0.0507,1455,45.78,7h 55m 37s,162.7,165.9,1,0,0,0,0,0,0.03628,0.02905,-0.01793,0.02295,0.002215,0,0,0,1,38.29,44.25,1,34.8,1,0.9005,0.4025,1,0,0,0
0,138,107.3,72,5h 31m 50s,4.412,5,fieldmask_kl002_e5,Field credit + field KL 0.02,1284,81.51,3e-08,120,0.06422,1455,45.78,7h 52m 52s,166.2,165.9,1,0,0,0,0,0,0.07591,0.03247,0.02325,0.02344,-0.00325,0,0,0,1,37.92,43.79,1,35.36,1,0.9762,0.497,1,0,0,0
0,141,109.6,78,5h 34m 31s,4.416,5,fieldmask_kl002_e5,Field credit + field KL 0.02,1285,53.45,3e-08,121,0.05724,1455,45.78,7h 49m 59s,160.7,165.9,1,0,0,0,0,0,0.02947,0.03589,-0.03328,0.02295,0.003913,0,0,0,1,37.41,43.12,1,35.7,1,0.9625,0.2871,1,0,0,0
0,147,109.7,84,5h 37m 15s,4.419,5,fieldmask_kl002_e5,Field credit + field KL 0.02,1286,97.32,3e-08,122,0.03679,1455,45.78,7h 47m 11s,164.2,165.9,1,0,0,0,0,0,0.01667,0.03015,-0.04092,0.02332,0.004122,0,0,0,1,37.56,43.35,1,34.89,1,0.9533,0.1388,1,0,0,0
0,138,107.7,84,5h 40m 6s,4.423,5,fieldmask_kl002_e5,Field credit + field KL 0.02,1287,56.39,3e-08,123,0.08479,1455,45.78,7h 44m 32s,170.8,165.9,1,0,0,0,0,0,0.1669,0.0376,0.1133,0.02283,-0.006887,0,0,0,1,37.92,43.82,1,35.64,1,0.9692,0.2721,1,0,0,0
0,147,109.3,84,5h 42m 53s,4.426,5,fieldmask_kl002_e5,Field credit + field KL 0.02,1288,67.52,3e-08,124,0.04664,1455,45.78,7h 41m 48s,166.8,165.9,1,0,0,0,0,0,0.01077,0.02893,-0.05005,0.0238,0.00809,0,0,0,1,38.29,44.27,1,34.92,1,0.9885,0.3442,1,0,0,0
0,140,109.3,72,5h 45m 37s,4.43,5,fieldmask_kl002_e5,Field credit + field KL 0.02,1289,83.04,3e-08,125,0.06595,1455,45.78,7h 38m 58s,163,165.9,1,0,0,0,0,0,0.113,0.02808,0.0543,0.02332,0.007256,0,0,0,1,38.07,44,1,35.41,1,0.9052,0.4427,1,0,0,0
0,148,106.8,76,5h 48m 18s,4.433,5,fieldmask_kl002_e5,Field credit + field KL 0.02,1290,113.9,3e-08,126,0.03333,1455,45.78,7h 36m 6s,160.7,165.9,1,0,0,0,0,0,-0.0003213,0.03015,-0.05174,0.0238,-0.002539,0,0,0,1,37.48,43.28,1,34.79,1,0.9616,0.3058,1,0,0,0
0.006944,160,109.9,71,5h 51m 1s,4.436,5,fieldmask_kl002_e5,Field credit + field KL 0.02,1291,53.68,3e-08,127,0.05396,1455,45.78,7h 33m 16s,162.8,165.8,1,0,0,0,0,0,0.05615,0.03687,-0.001359,0.02441,-0.005587,0.001815,0,0,1,38.8,44.9,1,36.33,1,0.9812,0.2639,1,0.02778,-0.01042,0
0.006944,160,108.3,71,5h 53m 44s,4.44,5,fieldmask_kl002_e5,Field credit + field KL 0.02,1292,77.55,3e-08,128,0.05524,1455,45.78,7h 30m 28s,163.3,165.8,1,0,0,0,0,0,0.02927,0.02588,-0.02126,0.02271,0.001944,0,0,0,1,38.14,44.04,1,35.61,1,0.9652,0.4176,1,0,0,0
0,140,108.2,84,5h 56m 28s,4.443,5,fieldmask_kl002_e5,Field credit + field KL 0.02,1293,27.22,3e-08,129,0.07272,1455,45.78,7h 27m 39s,163.6,165.8,1,0,0,0,0,0,0.06983,0.03198,0.01293,0.02185,0.003073,0,0,0,1,37.85,43.71,1,35.66,1,0.9561,0.2604,1,0,0,0
0,157,106.3,76,5h 59m 16s,4.447,5,fieldmask_kl002_e5,Field credit + field KL 0.02,1294,46.74,3e-08,130,0.02872,1455,45.78,7h 24m 56s,167.7,165.8,1,0,0,0,0,0,0.04518,0.03198,-0.009798,0.02441,-0.001423,0,0,0,1,36.68,42.26,1,35.35,1,0.958,0.345,1,0,0,0
0,144,109.8,85,6h 2m 4s,4.45,5,fieldmask_kl002_e5,Field credit + field KL 0.02,1295,63.04,3e-08,131,0.01607,1455,45.78,7h 22m 13s,167.9,165.8,1,0,0,0,0,0,0.02547,0.03088,-0.01953,0.02454,-0.01042,0,0,0,1,36.68,42.26,1,35.9,1,0.9157,0.5018,1,0,0,0
0,154,112.2,79,6h 4m 57s,4.454,5,fieldmask_kl002_e5,Field credit + field KL 0.02,1296,92.52,3e-08,132,0.06597,1455,45.78,7h 19m 36s,172.7,165.9,1,0,0,0,0,0,0.06973,0.03662,0.01476,0.02356,-0.005203,0,0,0,1,37.78,43.57,1,35.02,1,0.9522,0.1132,1,0,0,0
0,137,107.6,71,6h 7m 44s,4.457,5,fieldmask_kl002_e5,Field credit + field KL 0.02,1297,78.69,3e-08,133,0.06319,1455,45.78,7h 16m 51s,166.3,165.9,1,0,0,0,0,0,0.07986,0.03223,0.01548,0.02246,0.009696,0,0,0,1,37.19,42.88,1,35.19,1,0.9952,0.4095,1,0,0,0
0,155,109.9,85,6h 10m 27s,4.46,5,fieldmask_kl002_e5,Field credit + field KL 0.02,1298,70.16,3e-08,134,0.0376,1455,45.78,7h 14m 2s,163,165.9,1,0,0,0,0,0,0.05362,0.03687,-0.007653,0.02173,0.004242,-0.001568,0,0,1,38.94,45.05,1,35.3,1,0.9059,0.2171,1,0.02778,-0.01389,0
0,144,107.5,78,6h 13m 18s,4.464,5,fieldmask_kl002_e5,Field credit + field KL 0.02,1299,115.1,3e-08,135,0.0287,1455,45.78,7h 11m 22s,170.6,165.9,1,0,0,0,0,0,0.02265,0.03369,-0.02129,0.02295,-0.0127,0,0,0,1,37.34,43.08,1,35.55,1,0.9228,0.1764,1,0,0,0
0,138,108.5,77,6h 16m 2s,4.467,5,fieldmask_kl002_e5,Field credit + field KL 0.02,1300,69.53,3e-08,136,0.05771,1455,45.78,7h 8m 34s,164.1,165.9,1,0,0,0,0,0,-0.008698,0.02917,-0.05514,0.02356,-0.006291,0,0,0,1,37.92,43.76,1,35.14,1,0.9733,0.3568,1,0,0,0
0,151,109.3,75,6h 18m 45s,4.471,5,fieldmask_kl002_e5,Field credit + field KL 0.02,1301,80.69,3e-08,137,0.03748,1455,45.78,7h 5m 45s,163.1,165.9,1,0,0,0,0,0,0.009696,0.02563,-0.0317,0.02234,-0.006581,0,0,0,1,38.07,43.98,1,35.21,1,0.921,0.2228,1,0,0,0
0,156,109.7,77,6h 21m 31s,4.474,5,fieldmask_kl002_e5,Field credit + field KL 0.02,1302,53.04,3e-08,138,0.02909,1455,45.78,7h 2m 59s,165.3,165.9,1,0,0,0,0,0,0.04316,0.03198,-0.0064,0.02283,-0.005245,0,0,0,1,38.07,44,1,35.2,1,0.97,0.2678,1,0,0,0
0,142,109.8,81,6h 24m 25s,4.478,5,fieldmask_kl002_e5,Field credit + field KL 0.02,1303,92.53,3e-08,139,0.05692,1455,45.78,7h 0m 22s,173.9,165.9,1,0,0,0,0,0,0.02137,0.02747,-0.02491,0.02234,-0.003521,0,0,0,1,37.05,42.75,1,38.51,1,0.9385,0.209,1,0,0,0
0,142,109.8,72,6h 27m 12s,4.481,5,fieldmask_kl002_e5,Field credit + field KL 0.02,1304,64.51,3e-08,140,0.03945,1455,45.78,6h 57m 37s,166.8,165.9,1,0,0,0,0,0,0.05108,0.02747,-0.00325,0.02356,0.003306,0,0,0,1,37.63,43.45,1,35.51,1,0.975,0.1705,1,0,0,0
0,144,109.8,89,6h 29m 57s,4.485,5,fieldmask_kl002_e5,Field credit + field KL 0.02,1305,113.7,3e-08,141,0.03507,1455,45.78,6h 54m 50s,164.6,165.9,1,0,0,0,0,0,0.02204,0.03345,-0.03199,0.02307,-0.002487,0,0,0,1,37.78,43.63,1,36.78,1,0.9494,0.1586,1,0,0,0
0,155,108.6,72,6h 32m 41s,4.488,5,fieldmask_kl002_e5,Field credit + field KL 0.02,1306,102.7,3e-08,142,0.064,1455,45.78,6h 52m 2s,163.7,165.9,1,0,0,0,0,0,0.05103,0.0332,-0.008049,0.02307,0.003387,-0.0005774,0,0,1,39.16,45.35,1,34.85,1,0.9485,0.3634,1,0.02778,-0.0191,0
0,142,108.5,74,6h 35m 24s,4.491,5,fieldmask_kl002_e5,Field credit + field KL 0.02,1307,43.76,3e-08,143,0.05274,1455,45.78,6h 49m 13s,162.4,165.9,1,0,0,0,0,0,0.00888,0.02441,-0.04328,0.02295,0.004798,0,0,0,1,38.07,43.98,1,35.03,1,0.9698,0.1844,1,0,0,0
0,142,108,73,6h 38m 5s,4.495,5,fieldmask_kl002_e5,Field credit + field KL 0.02,1308,85.87,2e-08,144,0.03302,1455,45.78,6h 46m 23s,161.2,165.9,1,0,0,0,0,0,0.00994,0.03125,-0.03957,0.02283,-0.004571,0,0,0,1,38.07,44,1,34.57,1,0.9862,0.1774,1,0,0,0
0,155,108,82,6h 40m 53s,4.498,5,fieldmask_kl002_e5,Field credit + field KL 0.02,1309,60.58,2e-08,145,0.02746,1455,45.78,6h 43m 39s,167.8,165.9,1,0,0,0,0,0,-0.01807,0.02625,-0.06781,0.02417,0.0001577,-0.0008262,0,0,1,39.16,45.31,1,34.58,1,0.9116,0.5603,1,0.02778,-0.0191,0
0,156,109,70,6h 43m 37s,4.502,5,fieldmask_kl002_e5,Field credit + field KL 0.02,1310,76.04,2e-08,146,0.05995,1455,45.78,6h 40m 52s,163.9,165.9,1,0,0,0,0,0,0.0818,0.03088,0.02465,0.02246,0.003803,0,0,0,1,38.29,44.23,1,35.28,1,0.9793,0.5001,1,0,0,0
0.006944,160,106.1,74,6h 46m 24s,4.505,5,fieldmask_kl002_e5,Field credit + field KL 0.02,1311,72.92,2e-08,147,0.07728,1455,45.78,6h 38m 6s,166.2,165.9,1,0,0,0,0,0,0.05725,0.04102,-0.015,0.02356,0.007674,0,0,0,1,37.41,43.16,1,35.55,1,0.9742,0.304,1,0,0,0
0,147,109.8,80,6h 49m 10s,4.509,5,fieldmask_kl002_e5,Field credit + field KL 0.02,1312,87.48,2e-08,148,0.06852,1455,45.78,6h 35m 20s,165.6,165.9,1,0,0,0,0,0,0.1235,0.0332,0.06278,0.02271,0.004772,0,0,0,1,36.97,42.61,1,35.21,1,0.9905,0.3233,1,0,0,0
0,146,109.1,77,6h 51m 59s,4.512,5,fieldmask_kl002_e5,Field credit + field KL 0.02,1313,94.46,2e-08,149,0.06172,1455,45.78,6h 32m 38s,169.5,165.9,1,0,0,0,0,0,0.1008,0.03638,0.04094,0.02234,0.001098,0,0,0,1,37.92,43.78,1,35.31,1,0.9741,0.2904,1,0,0,0
0.006944,160,109.2,81,6h 54m 45s,4.515,5,fieldmask_kl002_e5,Field credit + field KL 0.02,1314,107.3,2e-08,150,0.06567,1455,45.78,6h 29m 52s,165,165.9,1,0,0,0,0,0,0.06574,0.02441,0.01613,0.02271,0.002496,0,0,0,1,37.27,42.94,1,35.51,1,0.9673,0.375,1,0,0,0
0,155,105.6,70,6h 57m 29s,4.519,5,fieldmask_kl002_e5,Field credit + field KL 0.02,1315,45.62,2e-08,151,0.07413,1455,45.78,6h 27m 4s,163.8,165.9,1,0,0,0,0,0,0.04936,0.03027,-0.006572,0.02356,-0.002255,0.004357,0,0,1,39.16,45.27,1,36.13,1,0.9864,0.1981,1,0.02778,-0.0191,0
0,134,107.3,75,7h 0m 14s,4.522,5,fieldmask_kl002_e5,Field credit + field KL 0.02,1316,72.15,2e-08,152,0.08024,1455,45.78,6h 24m 18s,165,165.9,1,0,0,0,0,0,0.08586,0.04126,0.01848,0.02295,0.003167,0,0,0,1,37.48,43.26,1,35.68,1,0.9306,0.2874,1,0,0,0
0,159,108.3,75,7h 2m 57s,4.526,5,fieldmask_kl002_e5,Field credit + field KL 0.02,1317,56.63,2e-08,153,0.06747,1455,45.78,6h 21m 29s,162.9,165.9,1,0,0,0,0,0,0.1027,0.02417,0.0626,0.02271,-0.006006,-0.0007554,0,0,1,39.45,45.64,1,34.86,1,0.9405,0.4355,1,0.05556,-0.03125,0
0,136,106,82,7h 5m 41s,4.529,5,fieldmask_kl002_e5,Field credit + field KL 0.02,1318,67.99,2e-08,154,0.04905,1455,45.78,6h 18m 41s,163.2,165.8,1,0,0,0,0,0,0.07772,0.02588,0.02781,0.02332,0.0007138,0,0,0,1,37.34,43.08,1,34.71,1,0.9747,0.2878,1,0,0,0
0,146,110.1,84,7h 8m 24s,4.533,5,fieldmask_kl002_e5,Field credit + field KL 0.02,1319,82.44,2e-08,155,0.03148,1455,45.78,6h 15m 53s,162.8,165.8,1,0,0,0,0,0,0.02046,0.03088,-0.03496,0.02283,0.001705,0,0,0,1,37.85,43.65,1,35.49,1,0.8388,0.347,1,0,0,0
0,139,107,79,7h 11m 12s,4.536,5,fieldmask_kl002_e5,Field credit + field KL 0.02,1320,68.29,2e-08,156,0.05573,1455,45.78,6h 13m 10s,168.4,165.8,1,0,0,0,0,0,0.03705,0.0249,-0.001386,0.02234,-0.008807,0,0,0,1,37.48,43.26,1,35.13,1,0.9875,0.1801,1,0,0,0
0,160,109.2,74,7h 13m 58s,4.54,5,fieldmask_kl002_e5,Field credit + field KL 0.02,1321,53.41,2e-08,157,0.03734,1455,45.78,6h 10m 24s,165.2,165.8,1,0,0,0,0,0,0.131,0.03662,0.07286,0.02271,-0.001221,0,0,0,1,37.19,42.87,1,37.96,1,0.9492,0.2987,1,0,0,0
0,155,107,70,7h 16m 43s,4.543,5,fieldmask_kl002_e5,Field credit + field KL 0.02,1322,46.48,2e-08,158,0.04036,1455,45.78,6h 7m 37s,165.1,165.8,1,0,0,0,0,0,0.04273,0.03125,-0.01795,0.02344,0.005995,0,0,0,1,37.56,43.36,1,34.98,1,0.9785,0.334,1,0,0,0
0,145,107.8,75,7h 19m 29s,4.546,5,fieldmask_kl002_e5,Field credit + field KL 0.02,1323,61.61,2e-08,159,0.009116,1455,45.78,6h 4m 51s,165.2,165.8,1,0,0,0,0,0,0.03534,0.03516,-0.01452,0.02283,-0.008116,0,0,0,1,37.7,43.53,1,35.98,1,0.9707,0.125,1,0,0,0
0,142,108.6,79,7h 22m 11s,4.55,5,fieldmask_kl002_e5,Field credit + field KL 0.02,1324,75.87,2e-08,160,0.06161,1455,45.78,6h 2m 2s,161.7,165.8,1,0,0,0,0,0,0.0703,0.02612,0.01518,0.02344,0.00555,0,0,0,1,37.56,43.36,1,35,1,0.943,0.1911,1,0,0,0
0,146,108.9,79,7h 25m 3s,4.553,5,fieldmask_kl002_e5,Field credit + field KL 0.02,1325,80.91,2e-08,161,0.05988,1455,45.78,5h 59m 22s,172.1,165.9,1,0,0,0,0,0,0.03321,0.03809,-0.02146,0.02295,-0.006364,0,0,0,1,37.7,43.49,1,34.9,1,0.9403,0.2068,1,0,0,0
0,142,108.5,82,7h 27m 52s,4.557,5,fieldmask_kl002_e5,Field credit + field KL 0.02,1326,66.97,2e-08,162,0.06642,1455,45.78,5h 56m 38s,168.8,165.9,1,0,0,0,0,0,0.07617,0.03052,0.02028,0.02332,0.002059,0,0,0,1,38.21,44.12,1,37.3,1,0.8517,0.2532,1,0,0,0
0,139,107.2,65,7h 30m 39s,4.56,5,fieldmask_kl002_e5,Field credit + field KL 0.02,1327,57.45,2e-08,163,0.02169,1455,45.78,5h 53m 53s,166.2,165.9,1,0,0,0,-0.001776,0,0.03325,0.02734,-0.01079,0.02344,-0.004966,0,0,0,1,37.41,43.16,1,36.75,1,0.9365,0.4047,1,0,0,0
0,143,107.6,76,7h 33m 20s,4.564,5,fieldmask_kl002_e5,Field credit + field KL 0.02,1328,42.83,2e-08,164,0.05938,1455,45.78,5h 51m 4s,161,165.9,1,0,0,0,0,0,0.03814,0.0437,-0.03507,0.02295,0.006552,0,0,0,1,38.29,44.25,1,35.04,1,0.9297,0.3232,1,0,0,0
0,137,108,81,7h 36m 6s,4.567,5,fieldmask_kl002_e5,Field credit + field KL 0.02,1329,81.02,2e-08,165,0.08508,1455,45.78,5h 48m 17s,165.3,165.9,1,0,0,0,0,0,0.1026,0.03613,0.0424,0.02234,0.0017,0,0,0,1,37.85,43.71,1,36.79,1,0.9803,0.1961,1,0,0,0
0,143,109.5,79,7h 38m 51s,4.57,5,fieldmask_kl002_e5,Field credit + field KL 0.02,1330,102.5,2e-08,166,0.02443,1455,45.78,5h 45m 31s,164.5,165.8,1,0,0,0,0,0,-0.02357,0.02856,-0.07145,0.02307,-0.00376,0,0,0,1,37.78,43.63,1,36.32,1,0.9457,0.1108,1,0,0,0
0,151,108.1,78,7h 41m 39s,4.574,5,fieldmask_kl002_e5,Field credit + field KL 0.02,1331,49.48,2e-08,167,0.05158,1455,45.78,5h 42m 47s,167.5,165.9,1,0,0,0,0,0,-0.009318,0.02893,-0.0497,0.02356,-0.01253,0.000416,0,0,1,38.87,44.96,1,35.55,1,0.9662,0.2067,1,0.02778,-0.01215,0
0,143,107.7,78,7h 44m 27s,4.577,5,fieldmask_kl002_e5,Field credit + field KL 0.02,1332,58.03,2e-08,168,0.05884,1455,45.78,5h 40m 3s,168.2,165.9,1,0,0,0,0,0,0.0442,0.0354,-0.01183,0.02271,-0.002079,0,0,0,1,37.85,43.67,1,36.36,1,0.9931,0.1481,1,0,0,0
0,148,108.2,75,7h 47m 17s,4.581,5,fieldmask_kl002_e5,Field credit + field KL 0.02,1333,56.12,2e-08,169,0.06943,1455,45.78,5h 37m 20s,170,165.9,1,0,0,0,0,0,0.1088,0.03418,0.05164,0.02344,-0.0004842,0,0,0,1,37.34,43.02,1,39.32,1,0.9668,0.2928,1,0,0,0
0,157,108.6,76,7h 50m 0s,4.584,5,fieldmask_kl002_e5,Field credit + field KL 0.02,1334,81.6,2e-08,170,0.06819,1455,45.78,5h 34m 32s,162.9,165.9,1,0,0,0,0,0,0.07102,0.03198,0.01799,0.02307,-0.002023,0,0,0,1,37.63,43.39,1,36.03,1,0.9818,0.199,1,0,0,0
0,142,107.9,81,7h 52m 44s,4.588,5,fieldmask_kl002_e5,Field credit + field KL 0.02,1335,125.5,2e-08,171,0.04235,1455,45.78,5h 31m 45s,163.5,165.9,1,0,0,0,0,0,0.07215,0.04102,0.003104,0.02441,0.003619,0,0,0,1,37.7,43.49,1,36.57,1,0.9868,0.3002,1,0,0,0
0,139,108.7,74,7h 55m 30s,4.591,5,fieldmask_kl002_e5,Field credit + field KL 0.02,1336,81.7,2e-08,172,0.03554,1455,45.78,5h 28m 59s,166.1,165.9,1,0,0,0,0,0,-0.01601,0.02393,-0.07289,0.02295,0.01001,0,0,0,1,37.7,43.51,1,36.81,1,0.968,0.3336,1,0,0,0
0,152,108.4,80,7h 58m 18s,4.595,5,fieldmask_kl002_e5,Field credit + field KL 0.02,1337,106.2,2e-08,173,0.04423,1455,45.78,5h 26m 15s,167.7,165.9,1,0,0,0,0,0,0.01957,0.02612,-0.02001,0.02307,-0.007126,-0.002497,0,0,1,38.94,45.01,1,35.11,1,0.9894,0.1547,1,0.05556,-0.0191,0
0,154,110.8,77,8h 1m 1s,4.598,5,fieldmask_kl002_e5,Field credit + field KL 0.02,1338,79.89,2e-08,174,0.05573,1455,45.78,5h 23m 26s,162.1,165.9,1,0,0,0,0,0,0.01742,0.02856,-0.04068,0.02185,0.007682,0,0,0,1,37.63,43.43,1,35.07,1,0.9725,0.157,1,0,0,0
0.006944,160,108.3,78,8h 3m 43s,4.601,5,fieldmask_kl002_e5,Field credit + field KL 0.02,1339,70.26,2e-08,175,0.03574,1455,45.78,5h 20m 38s,162.4,165.8,1,0,0,0,0,0,0.01258,0.02844,-0.02976,0.02344,-0.009534,0,0,0,1,37.56,43.36,1,35.89,1,0.9875,0.2948,1,0,0,0
0,151,110,84,8h 6m 29s,4.605,5,fieldmask_kl002_e5,Field credit + field KL 0.02,1340,59.58,2e-08,176,0.02575,1455,45.78,5h 17m 53s,164.9,165.8,1,0,0,0,0,0,0.04846,0.03345,-0.00522,0.02124,-0.001008,0,0,0,1,38,43.88,1,34.85,1,0.964,0.3166,1,0,0,0
0,154,109.1,82,8h 9m 12s,4.608,5,fieldmask_kl002_e5,Field credit + field KL 0.02,1341,53.61,2e-08,177,0.04822,1455,45.78,5h 15m 5s,162.9,165.8,1,0,0,0,0,0,-0.0372,0.02527,-0.08205,0.02246,-0.0009478,-0.001931,0,0,1,39.09,45.19,1,36.14,1,0.9296,0.3824,1,0.05556,-0.02951,0
0,146,108,76,8h 11m 55s,4.612,5,fieldmask_kl002_e5,Field credit + field KL 0.02,1342,65.59,1e-08,178,0.07602,1455,45.78,5h 12m 17s,161.9,165.8,1,0,0,0,0,0,0.0378,0.03296,-0.01687,0.02246,-0.0007542,0,0,0,1,37.48,43.26,1,35.54,1,0.9642,0.2904,1,0,0,0
0,141,108,82,8h 14m 43s,4.615,5,fieldmask_kl002_e5,Field credit + field KL 0.02,1343,55.91,1e-08,179,0.06969,1455,45.78,5h 9m 33s,168.1,165.8,1,0,0,0,0,0,0.134,0.0415,0.07235,0.02393,-0.003739,0,0,0,1,38.07,43.96,1,35.32,1,0.9379,0.4758,1,0,0,0
0,144,108.9,79,8h 17m 30s,4.619,5,fieldmask_kl002_e5,Field credit + field KL 0.02,1344,59.84,1e-08,180,0.05692,1455,45.78,5h 6m 47s,166.8,165.8,1,0,0,0,0,0,0.06455,0.03687,0.00502,0.02063,0.002034,0,0,0,1,37.78,43.63,1,37.77,1,0.8785,0.2282,1,0,0,0
0.006944,160,109.5,88,8h 20m 14s,4.622,5,fieldmask_kl002_e5,Field credit + field KL 0.02,1345,97.1,1e-08,181,0.05909,1455,45.78,5h 4m 0s,163.4,165.8,1,0,0,0,0,0,0.03625,0.02795,-0.01677,0.02283,0.002238,0,0,0,1,37.92,43.82,1,34.94,1,0.9918,0.3468,1,0,0,0
0,146,108.4,84,8h 23m 0s,4.625,5,fieldmask_kl002_e5,Field credit + field KL 0.02,1346,48.74,1e-08,182,0.06723,1455,45.78,5h 1m 15s,166.6,165.8,1,0,0,0,0,0,0.1148,0.03149,0.05826,0.0238,0.001011,0.0002651,0,0,1,38.51,44.51,1,34.97,1,0.9257,0.4043,1,0.02778,-0.003472,0
0,132,106.8,76,8h 25m 43s,4.629,5,fieldmask_kl002_e5,Field credit + field KL 0.02,1347,86.31,1e-08,183,0.06929,1455,45.78,4h 58m 27s,162.3,165.8,1,0,0,0,0,0,0.02146,0.02832,-0.04221,0.02441,0.01094,0,0,0,1,37.48,43.28,1,35.87,1,0.983,0.3979,1,0,0,0
0,153,111.2,85,8h 28m 32s,4.632,5,fieldmask_kl002_e5,Field credit + field KL 0.02,1348,91.72,1e-08,184,0.04314,1455,45.78,4h 55m 43s,168.4,165.8,1,0,0,0,0,0,-0.02336,0.03931,-0.08857,0.02307,0.002836,0,0,0,1,38.07,43.98,1,34.83,1,0.9628,0.369,1,0,0,0
0.006944,160,109,81,8h 31m 17s,4.636,5,fieldmask_kl002_e5,Field credit + field KL 0.02,1349,106.7,1e-08,185,0.05505,1455,45.78,4h 52m 57s,164.9,165.8,1,0,0,0,0,0,0.06798,0.0332,-0.001218,0.0238,0.01219,0,0,0,1,37.27,43,1,34.76,1,0.9581,0.2385,1,0,0,0
0,155,110.2,78,8h 34m 5s,4.639,5,fieldmask_kl002_e5,Field credit + field KL 0.02,1350,64.97,1e-08,186,0.03887,1455,45.78,4h 50m 12s,167.6,165.8,1,0,0,0,0,0,0.02502,0.03125,-0.02757,0.02246,-0.001125,0,0,0,1,37.7,43.55,1,35.18,1,0.9646,0.3153,1,0,0,0
0,141,107.7,85,8h 36m 46s,4.643,5,fieldmask_kl002_e5,Field credit + field KL 0.02,1351,83.67,1e-08,187,0.04908,1455,45.78,4h 47m 24s,160.7,165.8,1,0,0,0,0,0,0.06057,0.02747,0.01076,0.02246,-0.0001166,0,0,0,1,37.12,42.77,1,34.8,1,0.9685,0.273,1,0,0,0
0.006944,160,109.9,83,8h 39m 34s,4.646,5,fieldmask_kl002_e5,Field credit + field KL 0.02,1352,63.71,1e-08,188,-0.004556,1455,45.78,4h 44m 39s,168,165.8,1,0,0,0,0,0,0.00228,0.0332,-0.06386,0.02307,0.00987,0,0,0,1,37.85,43.73,1,36.46,1,0.9564,0.3839,1,0,0,0
0,151,107.6,85,8h 42m 23s,4.649,5,fieldmask_kl002_e5,Field credit + field KL 0.02,1353,65.84,1e-08,189,0.08671,1455,45.78,4h 41m 55s,168.5,165.8,1,0,0,0,0,0,0.07013,0.04028,0.007222,0.02283,-0.000205,0,0,0,1,37.85,43.71,1,36.43,1,0.9787,0.2542,1,0,0,0
0,144,108.2,72,8h 45m 7s,4.653,5,fieldmask_kl002_e5,Field credit + field KL 0.02,1354,78.08,1e-08,190,0.04027,1455,45.78,4h 39m 8s,163.6,165.8,1,0,0,0,0,0,0.05012,0.02783,0.001886,0.02283,-0.002421,0,0,0,1,37.7,43.51,1,34.97,1,0.9805,0.3635,1,0,0,0
0,156,106.6,71,8h 47m 52s,4.656,5,fieldmask_kl002_e5,Field credit + field KL 0.02,1355,67.71,1e-08,191,0.06427,1455,45.78,4h 36m 22s,164.9,165.8,1,0,0,0,0,0,0.07073,0.02808,0.02416,0.02295,-0.005145,0.000689,0,0,1,39.24,42.77,1,35.35,1,0.988,0.2503,1,0.02778,-0.02083,0
0,152,106.7,77,8h 50m 36s,4.66,5,fieldmask_kl002_e5,Field credit + field KL 0.02,1356,89.99,1e-08,192,0.03757,1455,45.78,4h 33m 35s,163.9,165.8,1,0,0,0,0,0,0.055,0.02942,-0.005925,0.02246,0.007474,0.001575,0,0,1,38.94,45.05,1,36.56,1,0.9789,0.239,1,0.02778,-0.01389,0
0,148,108.4,82,8h 53m 21s,4.663,5,fieldmask_kl002_e5,Field credit + field KL 0.02,1357,92.61,1e-08,193,0.01896,1455,45.78,4h 30m 49s,164.2,165.8,1,0,0,0,0,0,0.1087,0.02771,0.0564,0.02356,0.0009886,0,0,0,1,37.56,43.32,1,34.96,1,0.9448,0.2507,1,0,0,0
0,141,106.9,76,8h 56m 4s,4.667,5,fieldmask_kl002_e5,Field credit + field KL 0.02,1358,83.18,1e-08,194,0.04208,1455,45.78,4h 28m 2s,162.6,165.8,1,0,0,0,0,0,0.02116,0.03369,-0.02841,0.02332,-0.00744,0,0,0,1,38.07,43.98,1,35.72,1,0.9857,0.2551,1,0,0,0
0.006944,160,107.5,77,8h 58m 51s,4.67,5,fieldmask_kl002_e5,Field credit + field KL 0.02,1359,84.86,1e-08,195,0.02091,1455,45.78,4h 25m 17s,166.1,165.8,1,0,0,0,0,0,-0.03451,0.02698,-0.08271,0.02332,-0.00209,0,0,0,1,36.32,41.81,1,36.21,1,0.9746,0.4795,1,0,0,0
0,137,107.9,80,9h 1m 39s,4.674,5,fieldmask_kl002_e5,Field credit + field KL 0.02,1360,36.91,1e-08,196,0.05609,1455,45.78,4h 22m 32s,167.8,165.8,1,0,0,0,0,0,0.0513,0.03833,-0.008003,0.02161,-0.0006321,0,0,0,1,37.78,43.63,1,35.44,1,0.9947,0.1546,1,0,0,0
0,146,109.5,80,9h 4m 23s,4.677,5,fieldmask_kl002_e5,Field credit + field KL 0.02,1361,97.86,1e-08,197,0.05104,1455,45.78,4h 19m 45s,163.6,165.8,1,0,0,0,-0.0005789,0,0.0721,0.0415,0.004907,0.02307,0.003303,-0.0001037,0,0,1,38.43,44.37,1,37.5,1,0.9128,0.2302,1,0.02778,-0.001736,0
0,134,108.5,82,9h 7m 4s,4.68,5,fieldmask_kl002_e5,Field credit + field KL 0.02,1362,45.15,1e-08,198,0.02922,1455,45.78,4h 16m 57s,161.1,165.8,1,0,0,0,0,0,-0.0112,0.02954,-0.05604,0.02246,-0.007159,0,0,0,1,37.41,43.12,1,34.72,1,0.9691,0.2067,1,0,0,0
0.006944,160,107.7,72,9h 9m 48s,4.684,5,fieldmask_kl002_e5,Field credit + field KL 0.02,1363,62.95,1e-08,199,0.05268,1455,45.78,4h 14m 11s,163.6,165.8,1,0,0,0,0,0,0.05616,0.03442,0.001447,0.02161,-0.001959,0.0006398,0,0,1,39.53,45.76,1,35.47,1,0.9963,0.1853,1,0.02778,-0.02778,0.02778
0,136,109.7,82,9h 12m 33s,4.687,5,fieldmask_kl002_e5,Field credit + field KL 0.02,1364,57.47,1e-08,200,0.07379,1455,45.78,4h 11m 25s,164.6,165.8,1,0,0,0,0,0,0.1102,0.03149,0.06166,0.02417,-0.007111,0,0,0,1,37.34,43.04,1,35.31,1,0.9513,0.253,1,0,0,0
0,144,107.9,84,9h 15m 19s,4.691,5,fieldmask_kl002_e5,Field credit + field KL 0.02,1365,66.54,1e-08,201,0.0568,1455,45.78,4h 8m 39s,165.6,165.8,1,0,0,0,0,0,-0.01733,0.03638,-0.07512,0.02283,-0.001418,0,0,0,1,37.92,43.78,1,36.25,1,0.9662,0.3964,1,0,0,0
0,136,106.4,83,9h 18m 8s,4.694,5,fieldmask_kl002_e5,Field credit + field KL 0.02,1366,106.8,1e-08,202,0.06255,1455,45.78,4h 5m 54s,167.9,165.8,1,0,0,0,0,0,0.1272,0.02808,0.06717,0.02405,0.007863,0,0,0,1,37.78,43.57,1,37.26,1,0.995,0.2346,1,0,0,0
0,146,107.2,83,9h 20m 52s,4.698,5,fieldmask_kl002_e5,Field credit + field KL 0.02,1367,87.99,1e-08,203,0.0921,1455,45.78,4h 3m 8s,164.5,165.8,1,0,0,0,0,0,0.1117,0.02441,0.05162,0.02283,0.01285,0,0,0,1,37.85,43.67,1,35.87,1,0.9169,0.3925,1,0,0,0
0,143,108.4,72,9h 23m 39s,4.701,5,fieldmask_kl002_e5,Field credit + field KL 0.02,1368,44.07,1e-08,204,0.04415,1455,45.78,4h 0m 23s,166,165.8,1,0,0,0,0,0,0.01209,0.02844,-0.04156,0.02356,0.001638,0,0,0,1,37.7,43.53,1,35.98,1,0.8996,0.3681,1,0,0,0
0,139,109,87,9h 26m 28s,4.704,5,fieldmask_kl002_e5,Field credit + field KL 0.02,1369,65.51,1e-08,205,0.06339,1455,45.78,3h 57m 38s,168.1,165.8,1,0,0,0,0,0,0.1091,0.03369,0.0462,0.02344,0.005727,0,0,0,1,37.56,43.36,1,35.42,1,0.9554,0.1052,1,0,0,0
0,152,109.9,78,9h 29m 14s,4.708,5,fieldmask_kl002_e5,Field credit + field KL 0.02,1370,112.5,1e-08,206,0.05156,1455,45.78,3h 54m 53s,165.7,165.8,1,0,0,0,0,0,0.04027,0.0332,-0.0215,0.02222,0.006358,0,0,0,1,38.29,44.25,1,35.47,1,0.9891,0.2955,1,0,0,0
0,147,106.8,72,9h 31m 59s,4.711,5,fieldmask_kl002_e5,Field credit + field KL 0.02,1371,67.58,1e-08,207,0.04436,1455,45.78,3h 52m 6s,164.7,165.8,1,0,0,0,0,0,-0.0003175,0.03687,-0.04889,0.02234,-0.01063,0,0,0,1,37.78,43.57,1,35.82,1,0.9645,0.3173,1,0,0,0
0,150,109.6,78,9h 34m 45s,4.715,5,fieldmask_kl002_e5,Field credit + field KL 0.02,1372,72.13,1e-08,208,0.04356,1455,45.78,3h 49m 21s,165.8,165.8,1,0,0,0,0,0,0.03613,0.03064,-0.009072,0.02356,-0.008998,0,0,0,1,38.21,44.12,1,34.49,1,0.9287,0.3932,1,0,0,0
0,143,108.1,86,9h 37m 27s,4.718,5,fieldmask_kl002_e5,Field credit + field KL 0.02,1373,100.4,1e-08,209,0.04186,1455,45.78,3h 46m 33s,161.6,165.8,1,0,0,0,0,0,0.0536,0.03113,0.004725,0.02295,-0.005206,0,0,0,1,37.7,43.53,1,34.06,1,0.9823,0.3425,1,0,0,0
0.006944,160,108.7,80,9h 40m 12s,4.722,5,fieldmask_kl002_e5,Field credit + field KL 0.02,1374,56.52,1e-08,210,0.01898,1455,45.78,3h 43m 48s,165.6,165.8,1,0,0,0,0,0,-0.02342,0.02454,-0.06903,0.02271,-0.001624,0,0,0,1,37.05,42.67,1,34.89,1,0.9293,0.4772,1,0,0,0
0,147,108.3,75,9h 42m 57s,4.725,5,fieldmask_kl002_e5,Field credit + field KL 0.02,1375,93.82,1e-08,211,0.06361,1455,45.78,3h 41m 1s,164.1,165.8,1,0,0,0,-0.001203,0,0.09062,0.0249,0.031,0.02454,0.01139,0,0,0,1,37.78,43.57,1,35.57,1,0.9306,0.301,1,0,0,0
0,145,109.9,85,9h 45m 41s,4.729,5,fieldmask_kl002_e5,Field credit + field KL 0.02,1376,53.57,1e-08,212,0.07285,1455,45.78,3h 38m 15s,163.6,165.8,1,0,0,0,0,0,0.05974,0.03015,-0.0009147,0.02307,0.005148,0.002286,0,0,1,38.43,44.39,1,34.71,1,0.9907,0.4252,1,0.02778,-0.001736,0
0,146,108.9,79,9h 48m 28s,4.732,5,fieldmask_kl002_e5,Field credit + field KL 0.02,1377,89,1e-08,213,0.04607,1455,45.78,3h 35m 30s,167,165.8,1,0,0,0,0,0,0.04911,0.04199,-0.0146,0.02185,-0.0001339,0,0,0,1,38.07,43.98,1,34.26,1,0.948,0.3264,1,0,0,0
0,135,106.4,76,9h 51m 10s,4.735,5,fieldmask_kl002_e5,Field credit + field KL 0.02,1378,106.4,1e-08,214,0.06051,1455,45.78,3h 32m 42s,161.3,165.7,1,0,0,0,0,0,0.07622,0.0354,0.01128,0.02405,0.005494,0,0,0,1,37.7,43.47,1,33.5,1,0.839,0.2635,1,0,0,0
0.006944,160,108.2,71,9h 53m 53s,4.739,5,fieldmask_kl002_e5,Field credit + field KL 0.02,1379,100.5,1e-08,215,0.03142,1455,45.78,3h 29m 56s,163.1,165.7,1,0,0,0,0,0,-0.0577,0.03882,-0.1223,0.02295,0.00282,0,0,0,1,37.63,43.43,1,35.5,1,0.9493,0.4367,1,0,0,0
0,143,110.2,82,9h 56m 35s,4.742,5,fieldmask_kl002_e5,Field credit + field KL 0.02,1380,59.79,1e-08,216,0.03842,1455,45.78,3h 27m 9s,161.6,165.7,1,0,0,0,0,0,0.06213,0.02661,0.0103,0.02307,0.002148,0,0,0,1,38,43.84,1,33.71,1,0.9727,0.3236,1,0,0,0
0,150,107.6,76,9h 59m 15s,4.746,5,fieldmask_kl002_e5,Field credit + field KL 0.02,1381,58.18,1e-08,217,0.06195,1455,45.78,3h 24m 21s,159.2,165.7,1,0,0,0,0,0,0.01101,0.03198,-0.04686,0.02344,0.002445,0,0,0,1,37.34,43.08,1,33.24,1,0.9751,0.3521,1,0,0,0
0,136,107,78,10h 1m 56s,4.749,5,fieldmask_kl002_e5,Field credit + field KL 0.02,1382,49.04,1e-08,218,0.03658,1455,45.78,3h 21m 34s,161,165.7,1,0,0,0,0,0,-0.0009769,0.02576,-0.05245,0.02307,0.002646,0,0,0,1,37.78,43.61,1,32.8,1,0.971,0.4074,1,0,0,0
0,151,109.8,84,10h 4m 40s,4.753,5,fieldmask_kl002_e5,Field credit + field KL 0.02,1383,72.13,1e-08,219,0.08017,1455,45.78,3h 18m 48s,163.8,165.7,1,0,0,0,0,0,0.1075,0.03271,0.05811,0.02246,-0.006856,0.001047,0,0,1,38.43,44.43,1,32.72,1,0.9817,0.3483,1,0.02778,-0.001736,0
0,140,108.8,82,10h 7m 22s,4.756,5,fieldmask_kl002_e5,Field credit + field KL 0.02,1384,51.66,1e-08,220,0.05928,1455,45.78,3h 16m 1s,161.9,165.6,1,0,0,0,0,0,0.006422,0.03394,-0.04976,0.02307,-0.0008195,0,0,0,1,38.07,43.96,1,32.54,1,0.9782,0.2228,1,0,0,0
0,142,108.2,81,10h 10m 5s,4.759,5,fieldmask_kl002_e5,Field credit + field KL 0.02,1385,66.26,1e-08,221,0.0292,1455,45.78,3h 13m 14s,162,165.6,1,0,0,0,0,0,0.04822,0.02905,0.003031,0.02344,-0.007302,0,0,0,1,38.21,44.1,1,32.55,1,0.9877,0.2307,1,0,0,0
0,152,105.9,84,10h 12m 47s,4.763,5,fieldmask_kl002_e5,Field credit + field KL 0.02,1386,112.3,1e-08,222,0.05623,1455,45.78,3h 10m 27s,161.6,165.6,1,0,0,0,0,0,0.072,0.03784,0.00982,0.02307,0.001264,0,0,0,1,36.68,42.24,1,34.1,1,0.9368,0.1557,1,0,0,0
0.006944,160,109.5,86,10h 15m 34s,4.766,5,fieldmask_kl002_e5,Field credit + field KL 0.02,1387,72.49,1e-08,223,0.07272,1455,45.78,3h 7m 42s,167.3,165.6,1,0,0,0,0,0,0.01549,0.03369,-0.02943,0.02173,-0.0105,0,0,0,1,37.85,43.72,1,35.06,1,0.965,0.2156,1,0,0,0
0.01389,160,107.9,79,10h 18m 17s,4.77,5,fieldmask_kl002_e5,Field credit + field KL 0.02,1388,77.85,1e-08,224,0.0843,1455,45.78,3h 4m 56s,162.4,165.6,1,0,0,0,0,0,0.06129,0.03418,0.01255,0.0238,-0.009249,0,0,0,1,37.56,43.32,1,34.02,1,0.9772,0.354,1,0,0,0
0,144,106.8,77,10h 20m 59s,4.773,5,fieldmask_kl002_e5,Field credit + field KL 0.02,1389,65.11,1e-08,225,0.03249,1455,45.78,3h 2m 9s,162,165.6,1,0,0,0,0,0,-0.02649,0.02856,-0.06694,0.02441,-0.01253,0,0,0,1,38.36,44.29,1,34.47,1,0.9756,0.4232,1,0,0,0
0,135,105.7,78,10h 23m 39s,4.777,5,fieldmask_kl002_e5,Field credit + field KL 0.02,1390,47.76,0,226,0.02211,1455,45.78,2h 59m 22s,159.5,165.6,1,0,0,0,0,0,0.0815,0.03442,0.02203,0.02332,0.001729,0,0,0,1,37.7,43.47,1,34.9,1,0.9852,0.1233,1,0,0,0
0,152,110,84,10h 26m 25s,4.78,5,fieldmask_kl002_e5,Field credit + field KL 0.02,1391,82.36,0,227,0.03891,1455,45.78,2h 56m 37s,165.2,165.6,1,0,0,0,0,0,0.0947,0.02942,0.04698,0.02246,-0.004163,0,0,0,1,37.48,43.22,1,34.76,1,0.9112,0.2886,1,0,0,0
0.006944,160,109.7,84,10h 29m 6s,4.784,5,fieldmask_kl002_e5,Field credit + field KL 0.02,1392,81.16,0,228,0.04878,1455,45.78,2h 53m 50s,160.9,165.6,1,0,0,0,0,0,0.06369,0.0332,0.008362,0.02222,-0.001308,0.001217,0,0,1,39.53,45.76,1,34.12,1,0.9787,0.2478,1,0.02778,-0.02778,0.02778
0.006944,160,110.4,80,10h 31m 50s,4.787,5,fieldmask_kl002_e5,Field credit + field KL 0.02,1393,61.52,0,229,0.02378,1455,45.78,2h 51m 4s,163.8,165.5,1,0,0,0,2.464e-05,0,0.02999,0.02808,-0.01586,0.02246,-0.00392,-0.0007902,0,0,1,39.53,45.78,1,34.69,1,0.9392,0.1979,1,0.05556,-0.03472,0.02778
0,142,107.7,79,10h 34m 33s,4.79,5,fieldmask_kl002_e5,Field credit + field KL 0.02,1394,66.5,0,230,0.0186,1455,45.78,2h 48m 18s,163.2,165.5,1,0,0,0,0,0,-0.01241,0.03052,-0.06638,0.02234,0.001111,0,0,0,1,38.21,44.12,1,35.26,1,0.9889,0.2374,1,0,0,0
0,137,106.4,76,10h 37m 16s,4.794,5,fieldmask_kl002_e5,Field credit + field KL 0.02,1395,99.99,0,231,0.02647,1455,45.78,2h 45m 31s,162.8,165.5,1,0,0,0,0,0,-0.06403,0.03198,-0.1082,0.02295,-0.01078,0,0,0,1,37.7,43.53,1,34.8,1,0.9656,0.369,1,0,0,0
0,141,106.9,77,10h 40m 0s,4.797,5,fieldmask_kl002_e5,Field credit + field KL 0.02,1396,69.37,0,232,0.06388,1455,45.78,2h 42m 46s,164,165.5,1,0,0,0,0,0,0.0683,0.03442,0.01741,0.02307,-0.006602,0,0,0,1,38.07,43.96,1,36.03,1,0.9949,0.2262,1,0,0,0
0,151,107.2,85,10h 42m 45s,4.801,5,fieldmask_kl002_e5,Field credit + field KL 0.02,1397,51.89,0,233,0.06533,1455,45.78,2h 39m 60s,164.1,165.5,1,0,0,0,0,0,0.04819,0.02783,0.00176,0.02332,-0.004713,0,0,0,1,36.68,42.28,1,35.15,1,0.9551,0.5456,1,0,0,0
0,148,107.2,77,10h 45m 31s,4.804,5,fieldmask_kl002_e5,Field credit + field KL 0.02,1398,61.92,0,234,0.04737,1455,45.78,2h 37m 14s,165.5,165.5,1,0,0,0,0,0,0.03702,0.04224,-0.009368,0.02307,-0.01904,0.0001206,0,0,1,38.65,44.68,1,35.63,1,0.9544,0.2853,1,0.02778,-0.006944,0
0.006944,160,106.5,80,10h 48m 19s,4.808,5,fieldmask_kl002_e5,Field credit + field KL 0.02,1399,94.86,0,235,0.02396,1455,45.78,2h 34m 29s,167.8,165.5,1,0,0,0,0,0,0.07968,0.03369,0.03098,0.02393,-0.008925,0,0,0,1,38.07,43.96,1,36.01,1,0.9376,0.1467,1,0,0,0
0,157,107.7,82,10h 51m 4s,4.811,5,fieldmask_kl002_e5,Field credit + field KL 0.02,1400,81.58,0,236,0.07312,1455,45.78,2h 31m 44s,164.7,165.5,1,0,0,0,0,0,0.07723,0.02954,0.02783,0.02356,-0.003699,0,0,0,1,37.7,43.53,1,35.17,1,0.9812,0.3442,1,0,0,0
0,143,107.2,77,10h 53m 49s,4.814,5,fieldmask_kl002_e5,Field credit + field KL 0.02,1401,62.92,0,237,0.06034,1455,45.78,2h 28m 58s,165.3,165.5,1,0,0,0,0,0,0.05378,0.03052,0.01202,0.02295,-0.01171,0,0,0,1,38.29,44.25,1,37.68,1,0.945,0.2878,1,0,0,0
0,143,107.2,80,10h 56m 32s,4.818,5,fieldmask_kl002_e5,Field credit + field KL 0.02,1402,47.01,0,238,0.04834,1455,45.78,2h 26m 12s,162.1,165.5,1,0,0,0,0,0,0.05634,0.02661,0.009379,0.02307,-0.002723,0,0,0,1,37.92,43.82,1,34.73,1,0.9429,0.332,1,0,0,0
0,144,107.7,81,10h 59m 15s,4.821,5,fieldmask_kl002_e5,Field credit + field KL 0.02,1403,51.93,0,239,0.05442,1455,45.78,2h 23m 26s,162.3,165.5,1,0,0,0,0,0,-0.005415,0.03369,-0.06252,0.02295,0.0004615,0,0,0,1,37.41,43.18,1,35.11,1,0.9824,0.05718,1,0,0,0
0,152,109,82,11h 1m 57s,4.825,5,fieldmask_kl002_e5,Field credit + field KL 0.02,1404,76.37,0,240,0.03793,1455,45.78,2h 20m 40s,161.3,165.5,1,0,0,0,0,0,0.04152,0.03198,-0.01831,0.02307,0.004784,0,0,0,1,37.85,43.71,1,35.05,1,0.9904,0.1656,1,0,0,0
0,145,108.4,78,11h 4m 42s,4.828,5,fieldmask_kl002_e5,Field credit + field KL 0.02,1405,67.33,0,241,0.0707,1455,45.78,2h 17m 54s,164.8,165.5,1,0,0,0,0,0,0.1212,0.03015,0.06232,0.02307,0.00345,0.002195,0,0,1,38.43,44.43,1,35.08,1,0.9575,0.2275,1,0.02778,-0.001736,0
0,149,107.7,80,11h 7m 25s,4.832,5,fieldmask_kl002_e5,Field credit + field KL 0.02,1406,50.19,0,242,0.05814,1455,45.78,2h 15m 8s,162.4,165.5,1,0,0,0,0,0,0.03735,0.04565,-0.01872,0.02246,-0.01204,0,0,0,1,37.56,43.36,1,35.08,1,0.9577,0.226,1,0,0,0
0,160,108.5,72,11h 10m 11s,4.835,5,fieldmask_kl002_e5,Field credit + field KL 0.02,1407,78.8,0,243,0.04055,1455,45.78,2h 12m 23s,166.4,165.5,1,0,0,0,0,0,0.02349,0.02893,-0.0221,0.02283,-0.006168,0,0,0,1,37.85,43.67,1,35.17,1,0.9886,0.2227,1,0,0,0
0,146,106.7,81,11h 12m 56s,4.838,5,fieldmask_kl002_e5,Field credit + field KL 0.02,1408,78.98,0,244,0.06581,1455,45.78,2h 9m 37s,164.4,165.5,1,0,0,0,0,0,0.08688,0.03882,0.02803,0.02307,-0.003042,0,0,0,1,38.07,43.94,1,35.74,1,0.9753,0.3495,1,0,0,0
0,149,108.3,75,11h 15m 39s,4.842,5,fieldmask_kl002_e5,Field credit + field KL 0.02,1409,72.07,0,245,0.05331,1455,45.78,2h 6m 51s,163.2,165.5,1,0,0,0,0,0,0.02892,0.03442,-0.03218,0.02283,0.003843,0,0,0,1,37.34,43.04,1,35.6,1,0.9892,0.1992,1,0,0,0
0,138,108.5,83,11h 18m 22s,4.845,5,fieldmask_kl002_e5,Field credit + field KL 0.02,1410,58.73,0,246,0.09554,1455,45.78,2h 4m 6s,162.5,165.5,1,0,0,0,0,0,0.0768,0.02942,0.02484,0.02283,-0.0002898,0,0,0,1,37.56,43.36,1,34.96,1,0.9452,0.1361,1,0,0,0
0,144,109.3,84,11h 21m 6s,4.849,5,fieldmask_kl002_e5,Field credit + field KL 0.02,1411,124.8,0,247,0.01582,1455,45.78,2h 1m 20s,163.6,165.4,1,0,0,0,0,0,0.005843,0.03491,-0.05418,0.02295,0.002161,0,0,0,1,37.27,42.95,1,35.48,1,0.9606,0.602,1,0,0,0
0,143,109.3,80,11h 23m 49s,4.852,5,fieldmask_kl002_e5,Field credit + field KL 0.02,1412,88.94,0,248,0.06848,1455,45.78,1h 58m 34s,162.4,165.4,1,0,0,0,0,0,0.05107,0.04126,-0.0147,0.02185,0.002667,0,0,0,1,38.21,44.14,1,35.46,1,0.8876,0.5242,1,0,0,0
0.006944,160,110.5,84,11h 26m 46s,4.856,5,fieldmask_kl002_e5,Field credit + field KL 0.02,1413,80.47,0,249,0.03991,1455,45.78,1h 55m 50s,177.3,165.5,1,0,0,0,0,0,0.05897,0.03271,0.007291,0.02246,-0.004416,0.0009218,0,0,1,39.09,45.23,1,42.15,1,0.9773,0.4309,1,0.05556,-0.0191,0
0,147,109.7,75,11h 29m 31s,4.859,5,fieldmask_kl002_e5,Field credit + field KL 0.02,1414,91.09,0,250,0.04927,1455,45.78,1h 53m 5s,164.2,165.5,1,0,0,0,0,0,0.103,0.02783,0.05783,0.02295,-0.005579,0,0,0,1,37.56,43.39,1,34.91,1,0.9259,0.4068,1,0,0,0
0,148,107.7,81,11h 32m 20s,4.863,5,fieldmask_kl002_e5,Field credit + field KL 0.02,1415,91.55,0,251,0.0406,1455,45.78,1h 50m 20s,168.4,165.5,1,0,0,0,0,0,0.05254,0.04028,-0.003061,0.02356,-0.008239,0,0,0,1,37.19,42.93,1,35.58,1,0.979,0.3541,1,0,0,0
0,153,111,85,11h 35m 5s,4.866,5,fieldmask_kl002_e5,Field credit + field KL 0.02,1416,84.56,0,252,0.04912,1455,45.78,1h 47m 34s,164.2,165.5,1,0,0,0,0,0,0.0996,0.03174,0.04052,0.02307,0.004264,0,0,0,1,37.56,43.37,1,34.8,1,0.9477,0.5542,1,0,0,0
0,143,109.5,83,11h 37m 48s,4.869,5,fieldmask_kl002_e5,Field credit + field KL 0.02,1417,54.96,0,253,0.01193,1455,45.78,1h 44m 48s,163.1,165.5,1,0,0,0,0,0,0.04259,0.03809,-0.02684,0.02234,0.009007,0,0,0,1,37.48,43.26,1,35,1,0.9914,0.343,1,0,0,0
0,146,109.2,79,11h 40m 34s,4.873,5,fieldmask_kl002_e5,Field credit + field KL 0.02,1418,73.65,0,254,0.09127,1455,45.78,1h 42m 3s,165.2,165.5,1,0,0,0,0,0,0.09669,0.03442,0.04369,0.02332,-0.00505,0.000305,0,0,1,38.51,44.53,1,35.98,1,0.9904,0.2786,1,0.02778,-0.003472,0
0,154,109,87,11h 43m 17s,4.876,5,fieldmask_kl002_e5,Field credit + field KL 0.02,1419,74.2,0,255,0.06245,1455,45.78,1h 39m 17s,163.4,165.5,1,0,0,0,0,0,0.0809,0.03149,0.02181,0.02295,0.0003309,0.004313,0,0,1,39.09,45.23,1,35.34,1,0.9714,0.2724,1,0.02778,-0.01736,0
0,142,107,72,11h 46m 6s,4.88,5,fieldmask_kl002_e5,Field credit + field KL 0.02,1420,86.86,0,256,0.03628,1455,45.78,1h 36m 32s,168.5,165.5,1,0,0,0,-0.0003576,0,0.04491,0.02661,-0.002631,0.02393,-0.002643,0,0,0,1,37.27,42.98,1,35.18,1,0.8986,0.6532,1,0,0,0
0,154,108.7,84,11h 48m 55s,4.883,5,fieldmask_kl002_e5,Field credit + field KL 0.02,1421,76.87,0,257,0.06939,1455,45.78,1h 33m 47s,168.7,165.5,1,0,0,0,0,0,0.02419,0.03467,-0.03426,0.02234,0.001345,0.0001015,0,0,1,39.09,45.23,1,35.81,1,0.9703,0.06805,1,0.02778,-0.01736,0
0,159,109.6,72,11h 51m 37s,4.887,5,fieldmask_kl002_e5,Field credit + field KL 0.02,1422,165.7,0,258,0.04462,1455,45.78,1h 31m 1s,160.8,165.5,1,0,0,0,0,0,0.04486,0.03564,-0.01215,0.0238,-0.00244,0,0,0,1,37.34,43.04,1,34.87,1,0.9624,0.2192,1,0,0,0
0,146,110.1,80,11h 54m 24s,4.89,5,fieldmask_kl002_e5,Field credit + field KL 0.02,1423,61.05,0,259,0.07433,1455,45.78,1h 28m 16s,167.1,165.5,1,0,0,0,0,0,0.1012,0.02295,0.06077,0.02356,-0.006029,0,0,0,1,37.78,43.69,1,34.69,1,0.9314,0.3705,1,0,0,0
0.006944,160,109.2,78,11h 57m 7s,4.893,5,fieldmask_kl002_e5,Field credit + field KL 0.02,1424,59.79,0,260,0.0657,1455,45.78,1h 25m 30s,162.6,165.5,1,0,0,0,-0.0006272,0,0.09732,0.03271,0.04711,0.02344,-0.00469,-0.0006272,0,0,1,39.53,45.78,1,36.05,1,0.9154,0.2763,1,0.02778,-0.02778,0.02778
0,142,108.4,82,11h 59m 52s,4.897,5,fieldmask_kl002_e5,Field credit + field KL 0.02,1425,66.48,0,261,0.03127,1455,45.78,1h 22m 45s,164.9,165.5,1,0,0,0,0,0,0.05074,0.03369,0.0009263,0.02332,-0.007192,0,0,0,1,38.21,44.12,1,36.29,1,0.9521,0.3979,1,0,0,0
0,135,107.9,82,12h 2m 40s,4.9,5,fieldmask_kl002_e5,Field credit + field KL 0.02,1426,104.7,0,262,0.04471,1455,45.78,1h 19m 59s,167.2,165.5,1,0,0,0,0,0,0.02176,0.02808,-0.02988,0.0238,-0.0002364,0,0,0,1,37.12,42.83,1,39.18,1,0.8755,0.1974,1,0,0,0
0,140,107.4,85,12h 5m 27s,4.904,5,fieldmask_kl002_e5,Field credit + field KL 0.02,1427,110.8,0,263,0.05548,1455,45.78,1h 17m 14s,166.7,165.5,1,0,0,0,0,0,0.1155,0.02637,0.074,0.02417,-0.009011,0,0,0,1,37.7,43.53,1,37.35,1,0.9779,0.5074,1,0,0,0
0,148,106.8,75,12h 8m 16s,4.907,5,fieldmask_kl002_e5,Field credit + field KL 0.02,1428,63.07,0,264,0.04799,1455,45.78,1h 14m 29s,168.7,165.5,1,0,0,0,0,0,0.01687,0.03931,-0.04389,0.02405,-0.002601,0,0,0,1,37.48,43.24,1,34.65,1,0.9622,0.3213,1,0,0,0
0,143,107.7,81,12h 10m 60s,4.911,5,fieldmask_kl002_e5,Field credit + field KL 0.02,1429,49.81,0,265,0.07742,1455,45.78,1h 11m 43s,163.1,165.5,1,0,0,0,0,0,-0.008432,0.03149,-0.07115,0.02393,0.007302,0,0,0,1,37.12,42.81,1,34.62,1,0.9133,0.3288,1,0,0,0
0,151,106.6,71,12h 13m 51s,4.914,5,fieldmask_kl002_e5,Field credit + field KL 0.02,1430,97.04,0,266,0.0749,1455,45.78,1h 8m 58s,170.8,165.5,1,0,0,0,0,0,0.1012,0.02966,0.04279,0.02441,0.003579,0.0007287,0,0,1,38.87,44.94,1,34.99,1,0.9655,0.525,1,0.02778,-0.01215,0
0,145,110.8,83,12h 16m 38s,4.918,5,fieldmask_kl002_e5,Field credit + field KL 0.02,1431,81.7,0,267,0.03789,1455,45.78,1h 6m 13s,166.8,165.5,1,0,0,0,0,0,-0.005635,0.03638,-0.06806,0.02307,0.002977,0,0,0,1,37.7,43.53,1,35.17,1,0.9544,0.3784,1,0,0,0
0,139,107.7,85,12h 19m 22s,4.921,5,fieldmask_kl002_e5,Field credit + field KL 0.02,1432,89.31,0,268,0.01282,1455,45.78,1h 3m 27s,164,165.5,1,0,0,0,0,0,0.005786,0.03125,-0.04662,0.02332,-0.002161,0,0,0,1,37.27,42.98,1,34.83,1,0.9509,0.1066,1,0,0,0
0,143,107.6,87,12h 22m 9s,4.924,5,fieldmask_kl002_e5,Field credit + field KL 0.02,1433,99.64,0,269,0.05627,1455,45.78,1h 0m 42s,165.6,165.5,1,0,0,0,0,0,-0.002746,0.03931,-0.06865,0.02283,0.003773,0,0,0,1,37.19,42.88,1,34.87,1,0.9738,0.1754,1,0,0,0
0,144,107.5,82,12h 24m 53s,4.928,5,fieldmask_kl002_e5,Field credit + field KL 0.02,1434,56.08,0,270,0.04132,1455,45.78,57m 56s,163.9,165.5,1,0,0,0,0,0,0.06422,0.02795,0.01426,0.02271,-0.0007041,0,0,0,1,38.36,44.35,1,35.68,1,0.9715,0.3726,1,0,0,0
0,148,110.4,83,12h 27m 37s,4.931,5,fieldmask_kl002_e5,Field credit + field KL 0.02,1435,48.87,0,271,0.002315,1455,45.78,55m 10s,163,165.5,1,0,0,0,0,0,0.002838,0.03784,-0.05842,0.02271,0.0007137,0,0,0,1,38.21,44.16,1,34.63,1,0.9617,0.1947,1,0,0,0
0,137,108.4,78,12h 30m 22s,4.935,5,fieldmask_kl002_e5,Field credit + field KL 0.02,1436,64.92,0,272,0.04085,1455,45.78,52m 25s,164.6,165.5,1,0,0,0,0,0,0.09656,0.02661,0.03466,0.02271,0.01258,0,0,0,1,37.7,43.53,1,35.05,1,0.918,0.3547,1,0,0,0
0,150,111.6,71,12h 33m 11s,4.938,5,fieldmask_kl002_e5,Field credit + field KL 0.02,1437,60.62,0,273,0.05653,1455,45.78,49m 40s,169.3,165.5,1,0,0,0,0,0,0.08173,0.0376,0.02682,0.02234,-0.006624,0.001601,0,0,1,38.8,44.84,1,35.5,1,0.97,0.08688,1,0.02778,-0.01042,0
0,148,108.3,82,12h 35m 55s,4.942,5,fieldmask_kl002_e5,Field credit + field KL 0.02,1438,72.71,0,274,0.06385,1455,45.78,46m 54s,163.6,165.5,1,0,0,0,0,0,0.09092,0.03015,0.03083,0.02295,0.006996,0,0,0,1,36.9,42.53,1,35.29,1,0.9677,0.1632,1,0,0,0
0,152,105.9,75,12h 38m 43s,4.945,5,fieldmask_kl002_e5,Field credit + field KL 0.02,1439,72.26,0,275,0.04429,1455,45.78,44m 9s,166.8,165.5,1,0,0,0,0,0,0.00529,0.03223,-0.04319,0.02405,-0.007799,0,0,0,1,37.19,42.87,1,34.97,1,0.9638,0.375,1,0,0,0
0,154,107.6,81,12h 41m 26s,4.948,5,fieldmask_kl002_e5,Field credit + field KL 0.02,1440,77.22,0,276,0.0649,1455,45.78,41m 23s,163.1,165.5,1,0,0,0,0,0,0.05491,0.03784,-0.006591,0.02307,0.0001768,0.0004101,0,0,1,39.09,45.17,1,35.98,1,0.9977,0.3028,1,0.02778,-0.01736,0
0,149,108.6,77,12h 44m 13s,4.952,5,fieldmask_kl002_e5,Field credit + field KL 0.02,1441,69.29,0,277,0.04436,1455,45.78,38m 37s,166.1,165.5,1,0,0,0,0,0,0.06005,0.0332,0.01544,0.02393,-0.01252,0,0,0,1,37.63,43.39,1,36.19,1,0.9631,0.4459,1,0,0,0
0,152,107.9,84,12h 47m 2s,4.955,5,fieldmask_kl002_e5,Field credit + field KL 0.02,1442,66.38,0,278,0.05801,1455,45.78,35m 52s,169.5,165.5,1,0,0,0,0,0,0.06621,0.02917,0.01728,0.02356,-0.003802,0,0,0,1,37.05,42.69,1,35.96,1,0.9768,0.4607,1,0,0,0
0,144,109,83,12h 49m 47s,4.959,5,fieldmask_kl002_e5,Field credit + field KL 0.02,1443,66.42,0,279,0.0646,1455,45.78,33m 7s,164.4,165.5,1,0,0,0,0,0,0.1088,0.03979,0.03823,0.02417,0.006575,0,0,0,1,36.76,42.34,1,35.71,1,0.9318,0.4531,1,0,0,0
0,159,109.2,79,12h 52m 40s,4.962,5,fieldmask_kl002_e5,Field credit + field KL 0.02,1444,70.44,0,280,0.07275,1455,45.78,30m 21s,172.7,165.6,1,0,0,0,0,0,0.05914,0.03198,0.00102,0.02307,0.003067,0,0,0,1,38.21,44.1,1,35.13,1,0.9739,0.18,1,0,0,0
0.006944,160,106.3,78,12h 55m 23s,4.966,5,fieldmask_kl002_e5,Field credit + field KL 0.02,1445,102.3,0,281,0.04067,1455,45.78,27m 36s,162.4,165.6,1,0,0,0,0,0,0.004126,0.04053,-0.05961,0.02344,-0.000228,0,0,0,1,36.9,42.49,1,35.42,1,0.9621,0.5124,1,0,0,0
0.006944,160,109.3,83,12h 58m 9s,4.969,5,fieldmask_kl002_e5,Field credit + field KL 0.02,1446,61.63,0,282,0.015,1455,45.78,24m 50s,165.7,165.6,1,0,0,0,0,0,-0.02598,0.0376,-0.09272,0.0238,0.001511,0.00383,0,0,1,39.16,45.27,1,36.34,1,0.8874,0.5563,1,0.02778,-0.0191,0
0,140,107.9,85,13h 0m 57s,4.973,5,fieldmask_kl002_e5,Field credit + field KL 0.02,1447,71.97,0,283,0.06831,1455,45.78,22m 5s,167.9,165.6,1,0,0,0,0,0,0.02345,0.02698,-0.03142,0.02283,0.005066,0,0,0,1,37.56,43.36,1,35.03,1,0.9722,0.4592,1,0,0,0
0,144,107.5,84,13h 3m 42s,4.976,5,fieldmask_kl002_e5,Field credit + field KL 0.02,1448,41.18,0,284,0.0341,1455,45.78,19m 19s,164.9,165.6,1,0,0,0,0,0,0.04317,0.02954,-0.01335,0.02295,0.00402,0,0,0,1,36.9,42.49,1,35.62,1,0.9755,0.3022,1,0,0,0
0,143,109.5,80,13h 6m 22s,4.979,5,fieldmask_kl002_e5,Field credit + field KL 0.02,1449,59.28,0,285,0.0657,1455,45.78,16m 33s,159.8,165.6,1,0,0,0,0,0,0.06051,0.03784,-0.00229,0.02234,0.002618,0,0,0,1,38.29,44.25,1,35.04,1,0.9813,0.3203,1,0,0,0
0,155,109.9,78,13h 9m 6s,4.983,5,fieldmask_kl002_e5,Field credit + field KL 0.02,1450,89,0,286,0.04528,1455,45.78,13m 48s,163.5,165.5,1,0,0,0,0,0,0.03607,0.02808,-0.01388,0.02222,-0.001417,0.001069,0,0,1,39.16,45.31,1,34.96,1,0.9494,0.1926,1,0.02778,-0.0191,0
0,138,109.6,82,13h 11m 54s,4.986,5,fieldmask_kl002_e5,Field credit + field KL 0.02,1451,43.55,0,287,0.05264,1455,45.78,11m 2s,167.1,165.6,1,0,0,0,0,0,0.05054,0.04468,-0.01231,0.02283,-0.004657,0,0,0,1,37.34,43.04,1,35.4,1,0.9382,0.4665,1,0,0,0
0,137,108,81,13h 14m 41s,4.99,5,fieldmask_kl002_e5,Field credit + field KL 0.02,1452,108.2,0,288,0.04883,1455,45.78,8m 17s,166.6,165.6,1,0,0,0,0,0,0.0728,0.03027,0.009029,0.02307,0.01043,0,0,0,1,37.05,42.73,1,34.51,1,0.9724,0.5069,1,0,0,0
0,135,105.2,76,13h 17m 24s,4.993,5,fieldmask_kl002_e5,Field credit + field KL 0.02,1453,40.96,0,289,0.04472,1455,45.78,5m 31s,163.4,165.6,1,0,0,0,0,0,0.07404,0.03271,0.01627,0.0238,0.001244,0,0,0,1,36.68,42.26,1,35.59,1,0.9704,0.5071,1,0,0,0
0,146,108,84,13h 20m 10s,4.997,5,fieldmask_kl002_e5,Field credit + field KL 0.02,1454,76.07,0,290,0.03785,1455,45.78,2m 46s,165.7,165.6,1,0,0,0,0,0,0.07527,0.02551,0.03443,0.02307,-0.007742,0,0,0,1,37.7,43.51,1,36.23,1,0.9913,0.2078,1,0,0,0
0,146,105.8,76,13h 23m 4s,5,5,fieldmask_kl002_e5,Field credit + field KL 0.02,1455,56.31,0,291,0.06203,1455,45.78,0s,173.3,165.6,1,0,0,0,0,0,-0.03047,0.03809,-0.08521,0.02441,-0.007761,0,0,0,1,37.92,43.78,1,32.17,1,0.9705,0.3543,1,0,0,0
